====SEG==== SESSION:20250423 SEG:20250423第二部分(21点42分)_summary TSIZE:86161	### [开场、界面调试与个股基本面分析] (00:00:00 - 00:08:24)  - 核心内容:   - 直播开始先进行界面调试，遮盖个股名称和代码以符合合规要求。主播强调不推荐任何股票，仅做技术分享，并用大屏显示器替代多屏布局（如42寸显示器，通达信软件可按此结构摆放）。   - 以某只免税垄断牌照的股票为例（原“国旅”，后更名），股价从398元跌至55元，称为“屁滚尿流”式下跌。判断依据为：只要公司基本面没有重大问题（不退市），历史上创新高的股票在周期来临时通常会再创新高。   - 以“太子”（券商股）为例：价格从29元跌至5元后又反弹，虽然跌幅巨大，但券商行业不会消失，且股权架构有国家背景，因此不会退市。历史走势显示，大幅回调后一旦周期到来，会走出波澜壮阔的行情。   - 强调当前宏观环境（08年四万亿刺激 vs 现在中美半脱钩）导致筑底时间会更长。在底部区域，只要不跌破关键低点位置，说明有“大哥”（大资金）在护盘，耐心等待即可。  - 关键概念:   - **屁滚尿流/屁股尿流**：形容股价连续大幅下跌的形态，通常出现在高位见顶之后。   - **垄断牌照**：指公司拥有的特许经营权，是基本面分析中的核心护城河。   ### [宏观对比与底部区间概念] (00:08:24 - 00:12:36)  - 核心内容:   - 对比2008年四万亿刺激政策与当前中美半脱钩的宏观格局：08年中美联手放水，行情快速拉升；现在由于缺乏外部合力，市场筑底时间必然更长，需耐心等待。   - 用周线级别案例说明“底部是个区间”：某券商股跌到5.7元后长期横盘，高点连线构成下降趋势
====SEG==== SESSION:20250423 SEG:20250423第三部分（23：10）_summary TSIZE:41983	### [二进制策略引入] (00:00:00 - 00:01:24)  - 核心内容:   - 将K线的阴线和阳线类比为二进制的0和1：例如“八连阳+一根阴线”即八个零加一；“阳阴阳阴阳阴”即零一零一零一。所有股票走势呈现出随机的二进制序列组合。   - 以2017年为例，A股市场约有3500多个标的，每个标的上市约1000个交易日，则全市场共有约350万组零一数据。在这些数据中，认为自然的规律背后存在历史重复，目标是找出“下一个数字是什么”的最大概率。   - 通过历史回测寻找确定性：例如某只股票历史上出现“连续八个一”或“九个一”之后，下一个是零的概率达到80%以上（如83%或89%），据此进行统计与决策。 - 关键概念:   - 二进制策略：将K线涨跌抽象为0/1序列，通过统计历史模式来预测未来走势的量化方法。  ### [历史回测与概率统计] (00:01:24 - 00:03:16)  - 核心内容:   - 具体操作模式举例：统计“五个一配三个零”（即五连阳+三连阴）之后，下一根、第二根、第三根出现“一”的概率。例如中泰这类历史上走势规律性强的票，五连阳+三连阴后，后续两到四根阳线的概率可能大于56%甚至大于60%。   - 全市场扫描筛选：将类似“幺幺零幺零幺”模式出现后下一根为一的概率大于80%的标的筛出，在3000多个标的中可能只找到约10个，第二天开盘买入，赌当日收阳。   - 实盘示例：某股票（阿信）连续四根阳线后接两根阴线，再出一根阳线的概率经统计达到90%，则直接给予重仓配置（如二分之一仓位），因为其正向期望更大。   - 强调这一策略在2017年的
====SEG==== SESSION:20250423 SEG:20250423第四部分（23：47）_summary TSIZE:13191	### [开场吐槽与回放提示] (00:00:00 - 00:00:28)  - 核心内容:   - 主播吐槽本次直播使用的后台工具比较难用，计划下次换成 OBS（Open Broadcaster Software，一款开源直播录制软件），因为工具问题导致直播中间节奏不太顺畅。   - 提示来晚的观众不必担心，下播后会有舰长回放（录屏）可供观看。  - 关键概念:   - **舰长回放**: 直播平台为舰长/付费粉丝提供的直播录像回放权限，属于粉丝专属福利。   - **OBS**: 一种专业且免费的直播推流/录制软件，相比自带后台工具更稳定、可控。  ---  ### [介绍今天主题：策略底层基础] (00:00:28 - 00:01:52)  - 核心内容:   - 本次直播只是一个大纲式的介绍，核心内容是分享过去一年半以来跟观众聊过的**策略的底层基础**是什么。   - 主播提到自己曾在南京大学和南京财经大学（南财）做过培训，后来在公募基金期间也为行业内做过大量培训，积累了许多真实案例和素材。   - 展示了自己的核心策略文件，强调自己会在工位不同角度、家里、公司等多处张贴交易策略图，并建议观众也做出自己的交易策略图。   - 预告这些具体策略内容会在以后的直播中逐步展开讲解。  - 关键概念:   - **策略底层基础**: 主播整套交易策略所依赖的根本原理和框架，是后续所有细化策略的基石。  ---  ### [要求保密并保护直播间] (00:01:52 - 00:02:20)  - 核心内容:   - 主播说明直播内容会根据情况调整：如果惊动超管（平台管理员），就
====SEG==== SESSION:20250423 SEG:20250423第五部分（00：01）票！_summary TSIZE:6822	我们只需要根据提供的转录文本和话题分段，为每个段落生成笔记。注意转录文本有些口语化、重复，但我们需要提取核心内容。话题分段已经给出时间段和标题。我们要为每个段落输出“### [段落标题] (HH:MM:SS - HH:MM:SS)”，下面有“核心内容”和“关键概念”。注意要求“信息完整，宁可多写不可漏掉关键知识点”，对技术/教学类内容保留具体操作步骤和参数。用中文 Markdown。  转录文本可能有些乱码，如“海带买”可能是“还在买”？“青花”可能是“青花”？“SC”可能是“私信”？我们需要根据上下文合理理解。但笔记应该忠实于转录文本，尽量保留细节。  我们需要逐段处理。先看话题分段，每个时间段对应转录文本中的内容。我们需要将转录文本按时间段拆解。注意转录文本中时间戳不是完全精确对应，但基本顺序一致。我们要为每个话题段落提取信息。  让我们仔细阅读转录文本，并按话题分段整理。  话题分段： 1. [00:00:00 - 00:00:28] 开场：让观众默念标的 2. [00:00:28 - 00:00:56] 指出启动与横盘，强调结构不能破 3. [00:00:56 - 00:01:24] 给出205止损位，破位必须离场 4. [00:01:24 - 00:01:52] 完美图形更要有止损纪律 5. [00:01:52 - 00:02:20] 破205后的应对与KDJ位置 6. [00:02:20 - 00:02:48] 成本离止损近，定位为配置而非单调 7. [00:02:48 - 00:03:16] 高低点像画图，明日可能出阳线 8. [00:03:16 - 00:03:
====SEG==== SESSION:20250423 SEG:20250423第一部分_summary TSIZE:202499	### [开场：大风导论与活到老学到老] (00:00:00 - 00:02:48)  - 核心内容:     - 本次直播是“大风导论”第一课，旨在带大家入门。讲述者原本以为只有少数人参与，没想到有超过一万名舰长加入，因此现场调整课程深度，从基础规则和理念讲起。     - 强调投资是“活到老学到老”的行业，永无止境。以自己的亲身经历为例：在2025年4月7日经历了港股单日暴跌13.5%的极端行情，相当于“满仓跌停”，这是他从业以来（包括2015年股灾）都未遇到过的。     - 讲授者公开自己的回撤数据：去年最高回撤20%，本次最高回撤约19%，虽然现已基本涨回，但说明了即便是专业人士也会面临巨大波动，需要不断学习和应对。 - 关键概念:     - **大风**：对投资（大富翁）的一种戏称或代称。     - **活到老学到老**：投资领域没有“学成”一说，市场永远在变化，需要终身学习。  ---  ### [舰长课价值与量化策略来源] (00:02:48 - 00:05:36)  - 核心内容:     - 舰长课是付费内容，讲述者认为这是“最务实”的支持方式，承诺会让课程物超所值。他提到自己过去的线下课程价值三万元，是在南京大学、南财的会议厅给两三百人讲课，但如今愿意以极低的价格分享。     - 周日直播偏宏观（受合规限制不能聊太细），而周中的舰长课会聊得更加细致、具体。     - 分享一个核心量化策略的来源：这是2017年，他和团队为一个规模达十一亿的委外账户做提案时准备的方案，该策略结合了当时市场（2015年股灾后至2017年）的震荡环境。 - 关键概念:  
====SEG==== SESSION:20250430 SEG:20250430(20点)(1)_summary TSIZE:55929	### [直播调试与开场互动] (00:00:00 - 00:01:52) - 核心内容:   - 主播刚开了八小时车赶来进行直播，上线后开始调试直播设备，多次询问观众是否有回音，并反复测试音频效果，最终确认音质正常。   - 主播发现可能有观众在高速公路上观看直播，立刻提醒该观众注意行车安全。   - 有观众询问今天是否有录播，主播回复：会员直播（舰长直播）结束后可以上传，录播会保障舰长的权益。   - 主播提到可能会推出新款的Z鞋，有观众建议做粉丝投票款作为万件纪念款，主播回应说"再说"。 - 关键概念:   - 舰长直播：B站的一种付费会员直播形式，观众需要开通舰长（付费）才能观看，并享有录播回看权益。  ### [安抚观众对青花下跌的恐慌] (01:52 - 04:40) - 核心内容:   - 主播看到微博留言以为青花（白酒股）跌停，吓了一大跳，结果一看实际只是小幅下跌，感叹"几个点就慌成这样"。   - 主播指出青花本来就不是曼城阵容（核心持仓组合）的主力，只是在曼城中罗德里（核心标的）之外配置的、阿尔法可能高一点的补充标的，不明白为什么观众好像"所有人都是单轮重仓"。   - 主播用足球阵型打比方：曼城阵容的核心白酒是罗德里（中场核心稳住大局），青花只是中场旁边配的两个辅助球员。   - 主播强调自己在去年一月初（或十二月底）曾表示"只补这一次"来梳理基础概念，今年春节后很多基础知识没有再提过，但看到很多观众的认知水平差距较大，觉得有必要重新强调基础。 - 关键概念:   - 曼城阵容：主播对投资组合的比喻，以足球曼城队的阵容体系来比喻资产配置结构，"罗德里"指组
====SEG==== SESSION:20250430 SEG:20250430(20点)_summary TSIZE:55929	### [开场调试与直播准备] (00:00:00 - 00:03:16)  - 核心内容:   - 主播开场调试直播设备，反复确认是否有回音问题。由于开了八小时车，当天状态比较严肃。经过多轮测试后解决了回音问题，确认声音正常。   - 提醒正在开车的高速观众注意安全。同时处理观众提出的录播需求，说明舰长直播结束后会上传录播，舰长可随时观看。   - 有观众建议做粉丝投票款球鞋，主播回应“再说”；关于打开投屏的请求，主播配合调整画面布局，将投屏展示给观众。   - 主播询问观众外盘情况，让观众帮忙确认直播画面中的内容是否都展示正确（“该盖的都盖起来了”），并预告正式内容即将开始。  - 关键概念:   - 舰长直播：B站付费舰长专属的直播模式，观众需要开通舰长才能观看。   - 录播上传：会员直播结束后会提供录像回放，保障舰长权益。   ### [回应青花与红利低波“崩了”的说法] (00:03:16 - 00:05:36)  - 核心内容:   - 主播回应“被青花狠狠上了一课”的留言，解释自己白天没看盘，看到微博留言时一度以为青花跌停了，结果只是正常回调，让他感到困惑。   - 强调青花不是曼城阵容的主力，只是罗德里（白酒核心仓位）之外配的两个阿尔法标的之一，并非重仓股。   - 不理解为什么观众表现得像“所有人都是单轮重仓青花”，质疑大家的仓位管理方式。   - 主播专门查看红利低波指数，发现跌幅只有1.6%，认为这远达不到“崩了”的标准。在他概念里，跌幅7个点以上才叫崩。  - 关键概念:   - 阿尔法标的：在核心持仓之外，配置一些可能有更高超额收益的标的。   - 
====SEG==== SESSION:20250430 SEG:20250430(21点)(1)_summary TSIZE:49760	### [强势K线与长上下影线含义] (00:00:00 - 00:03:16)  - 核心内容:   - 强势K线（如无影线或短影线的大阳线）是“多方完爆空方”的极强信号，常出现在底部连续下跌的尾声或连续上涨大幅回撤的尾声。虽然强，但第二天可能高开或冲高回落，因此不要追高，需继续观察。   - 强势K线意味着有明确的多头增量资金入场，概率上后续5-7根K线（日线、期货分钟线同理）看涨，存在可搏的利润空间。但庄家常会洗掉当日的跟风盘，所以会有二次探底动作（极端情况如“924”历史行情除外）。   - 长上影阳线：若出现在连续下跌趋势中，可能后面还接着跌——多头虽反扑但被砸回，不过阳线本身代表净买入，即买的比卖的多，说明一定有增量资金入场。位置不同含义不同：底部可能是超低盘，高位可能是主力试盘。   - 长下影阴线：空头宣泄情绪，多头将价格收回一部分，但最终仍卖多于买，未收回全部失地，属于不太好的图形，说明多头力量不足。  - 关键概念:   - 强势K线：无上下影线或影线极短、实体饱满的K线，代表单方完全压制，趋势延续或反转的强信号。   - 增量资金：通过K线颜色判断净买卖方向，阳线即净流入。  ---  ### [长上影阴线见顶信号与标准K线] (00:03:16 - 00:05:08)  - 核心内容:   - 长上影阴线是明确的见顶信号：多头盘中攻至高位，但遭遇大量抛盘，收盘未收回，往往意味着短期、中期甚至长期见顶。无论出现在下跌过程的反弹高点，还是连续上涨趋势中，都应“宁可信其有”。   - 操作上建议至少先减仓一部分，比例可自定（20%、30%、50%），以防范趋势
====SEG==== SESSION:20250430 SEG:20250430(21点)_summary TSIZE:49760	### [强多头K线的信号与操作策略] (00:00:00 - 00:01:24)  - 核心内容:   - 一种极强的多头K线形态（如光头光脚大阳线）出现时，意味着多头“完爆”空头，毫无还手之力，是多方增量资金入场最明显的反击信号。   - 这种图形通常出现在底部连续下跌的尾声，或连续上涨后大幅回撤的尾声，需结合位置判断。   - 虽然形态很强，但**不要追高**，因为多头随后通常会洗盘，把当天的跟风盘洗掉。除非是历史罕见的“九二四”行情，否则后面大概率还有空头试探。   - 从概率上看，应以**后面5-7根K线**（日线、分钟线均可）为观察周期，后市看涨，仍有利润空间可搏。 - 关键概念:   - **强多头K线**：多头力量完全压制的K线形态，代表增量资金入场。   - **跟风盘**：因看到强势K线而追入的散户筹码，后期可能被主力洗掉。  ---  ### [长影线K线的多空含义] (00:01:24 - 00:04:12)  - 核心内容:   - **长上影阳线**（类似射击之星，但收阳）：出现在连续下跌趋势中，说明多头尝试反扑或有增量资金进场，但被空头砸回；不过收阳说明多头最终仍占优，买量>卖量，**必定有净流入资金**。低位可能是超底盘，高位可能是主力试盘。但后面可能还要接着跌，因为多头筹码不多，不急于拉升。   - **长下影阴线**：空头宣泄情绪，多头收复部分失地，但最终卖压仍大于买盘，是偏弱的图形。   - **长上影阴线**：是一个非常明确的短期/中期/长期见顶信号。盘中多头拉高后遭遇大量抛盘，收盘无法收回，说明空头埋伏成功。无论在哪个位置出现都要小心，
====SEG==== SESSION:20250430 SEG:20250430(22点）_summary TSIZE:61926	### [均线的意义与金叉死叉误区] (00:00:00 - 00:05:08)  - 核心内容:   - 均线（MA）可以随意设置参数，例如48日线、16日线、50日线、10日线等，参数本身不重要，重要的是理解均线的用途。   - 很多人用“金叉买入、死叉卖出”操作均线，但这是误区。案例中某股金叉时价格8.92元，死叉时8.31元，一买一卖直接亏损约7%。   - 均线的真正意义是**看趋势**：长周期均线（如30日线，约6周交易时间）代表1-2个月的中线趋势；短周期均线代表短线趋势。均线向上代表趋势向上，均线向下代表趋势向下。   - 当长周期均线持续向下时，不能“拿住不动”，说明市场所有交易者的成本在不断下移，有人在不断向下交换筹码。   - 可以用EMA（指数平滑）或其他均线变体，但核心逻辑相同。  - 关键概念:   - 均线（MA）：一定周期内收盘价的加权平均线，用于观察价格趋势。   - 金叉/死叉：短均线上穿长均线为金叉，下穿为死叉；但本视频强调不能直接作为买卖信号。   - 趋势：均线方向代表市场中期或短期的整体运动方向。  ---  ### [BBI多空线介绍] (00:05:08 - 00:07:00)  - 核心内容:   - 推荐使用**BBI指标**，即“多空线”，非常简单，适合普通投资者。   - 不需要纠结使用MA、EMA、CYC成本均线等复杂指标，BBI默认参数就是一条中期趋势线。   - BBI可以一眼判断当前股票处于多头还是空头状态，不用分别看长期、短期均线。   - 案例引入：2024年4月2日“梦开始的地方”（发布会）之前，已有先知先觉
====SEG==== SESSION:20250430 SEG:20250430(23点)_summary TSIZE:51408	### [超跌反弹图形与短线操作] (00:00:00 - 00:02:20)  - 核心内容:   - 讲解超跌反弹图形的识别与操作：当趋势线向下时，股价连续下跌后的反弹只能按超跌反弹对待，不能当反转。买点一、买点二之后，成本约在 8.52 元，股价上冲到不破关键位时（如 8.9 元）即可卖出，这叫“确定性”。   - 强调短线操作思路：“一路小屁走向胜利”，即赚点碎银子就走，不贪大。   - 明确概念：连续下跌后的阳线叫“反弹”，不是反转；反弹后可能继续下跌，短线客不参与后面的“涨停板敢死队”行情。   - 以 ADX（转录中口述为 ADS/ADX）为依托：ADX 进场后，只要 ADX 没有向下拐头就持有；等到某天收盘 ADX 向下拐头，即使股价还没跌，也要离场。该案例从 8.49 元拿到 9.6 元。  - 关键概念:   - 超跌反弹：连续下跌后出现的短暂上涨，趋势线仍向下，只适合短线快进快出。   - ADX 拐头：ADX 指标从上行转为下行，视为趋势可能反转的离场信号。  ---  ### [深水炸弹战法与选股标准] (00:02:20 - 00:03:44)  - 核心内容:   - 正式介绍“深水炸弹/深水鱼雷”战法：核心是看 ADX 连续下跌之后出现拐头时建仓。   - 选股标准：必须找波动幅度大的标的，没有幅度的图形“没意思”，涨跌太窄缺乏操作价值。   - 强调不要轻易抄底：即使 KDJ 出现大负值（如 -4.31）也不要着急买，要等“反转 K”出现，并且走稳后再考虑介入。   - 对比不同策略的结果：如果按 ADX 拐头，可能错过某些反弹；如果按 KDJ
====SEG==== SESSION:20250430 SEG:20250430(零点)_summary TSIZE:38639	### [开场互动与深水炸弹短线用法] (00:00:28 - 00:01:24)  - 核心内容:   - 粉丝"南猫向会所"称赞直播内容精彩，询问"深水炸弹"是否看日线，主播确认**深水炸弹就是日线级别**的指标/形态。   - 强调深水炸弹的适用场景是"**屁滚尿流**"的时候，即市场出现恐慌性抛售、散户极度恐慌时，才是使用该短线方法的时机。 - 关键概念:   - **深水炸弹**：一种日线级别的短线抄底/买入信号，需配合市场恐慌情绪（屁滚尿流）使用。  ---  ### [技术指标讲解：BBI、MACD、KDJ的使用] (00:01:24 - 00:05:08)  - 核心内容:   - **BBI（多空指标）**：用于判断**趋势**。以米尔为例，去年4月9-10日BBI已走好（走到均线之上），说明趋势确立。主播自己的红线是趋势线，红线走横时无交易价值，大趋势看红线方向。BBI比红线更敏感，适合资金量小的投资者练手，需跟两三年再谈更大规模操作。   - **右侧交易原则**：做右侧一定要等趋势**走起来**再入场。左侧可以玩横盘或短线，但右侧必须等确认。例如股价走完一段后回踩、弯腰、底部勾头放量时可入场。   - **MACD**：用于判断**顶背离和底背离**，识别趋势反转信号。   - **KDJ**：用于判断**短期入场点**。如某位置KDJ金叉特别好，入场后当根K线设止损，止损位设在22.55/22.4附近。短线可操作，中长线需等N型结构走出来（如今天N型出来了，下周看是否有四分之三量确认）。 - 关键概念:   - **BBI (Bull and Bear
====SEG==== SESSION:20250507 SEG:20250507(10点）_summary TSIZE:58388	### [直播调试与设备问题] (00:00:00 - 00:07:28) - 核心内容:   - 直播刚开始出现画面无法显示的问题，主播尝试切换屏幕、调整设置，并提到可能改用 OBS 推流模式会更稳定。   - 寻找一款别人推荐的画线软件，但打开后卡死；电脑虽贵（3万多元）仍出现故障，主播调侃“该砸了”。   - 闲聊中穿插“秋裤/鲨鱼裤”等弹幕互动，并提到自己曾用 QQ 直播，对这种推流方式不熟练。   - 最终切换画面成功，但设备操作仍不熟练，画线时线条太粗，准备更换工具。 - 关键概念:   - 无实质交易概念，主要是直播技术问题与闲聊。  ### [指数支撑位与画线技巧] (00:07:28 - 00:09:48) - 核心内容:   - 画线技巧：当价格在一个波段内“走平”时，向上找阻力位、向下找支撑位，用来判断关键位置。   - 指出前低点没有被有效跌破的原因：某天大跌后，第二天必须确认收回，如第二天收回则该低点有效。   - 结合国家队入场，得出 3100 点是“国家队底线”；后续又给出 3150 为极限支撑位（跌破后第二天收回，形成 3150 关键位）。   - 判断当前不会直接向上解放套牢盘：因为上方有连续多批套牢筹码，一根高开阳线不可能全部解放，所以行情会反复。 - 关键概念:   - 有效跌破确认：跌破关键位后，需要看第二天能否收回，收回了则支撑有效。   - 支撑位/阻力位画线：走平区间内找高低点，用于判断后续极限位置。  ### [大盘压力与震荡区间预判] (00:09:48 - 00:11:12) - 核心内容:   - 上方压力：3450（或34
====SEG==== SESSION:20250507 SEG:20250507(11点）_summary TSIZE:62800	### 减仓与头肩底形态 (00:00:00 - 00:02:20) - 核心内容：   - 案例：股价跌破白线后，半仓持有者以白线为跟踪线，跌破第一天、第二天应离场；前一波可赚约15%-18%，后追高者可能止损5%。   - 用头肩底形态说明大格局：左肩、头、右肩，颈线位约230，低点168，上方目标可看至300；强调纯做交易，不推荐个股。   - BBI默认参数为3、6、12、24，所有软件相同。   - 强调“永不套牢”原则，不要盲目与市场硬扛。 - 关键概念：头肩底、BBI参数、永不套牢  ### 少妇战法实操案例 (00:02:20 - 00:05:08) - 核心内容：   - 案例：B一买入后白线走平、止损未触发时，耐心持有；出现中阳线后减仓一半，先锁定部分利润。   - 止损设置技巧：把止损放在前低下方，如53元；若低点抬高，则按新低点下方1%设止损（如56.66），破位亏损约1.93%即离场。   - 统计结果：第一次入场赚约10%，第二次赚约11%，中间亏损约2%，累计约18%。   - 点题：“永不套牢法”就是“少妇战法”，通过节奏交易赚取震荡行情的钱。 - 关键概念：B一、白线跟踪、半仓减仓、止损设置  ### 少妇战法的适用资金与量化教训 (00:05:08 - 00:08:52) - 核心内容：   - 少妇战法最适合100万以下资金；500万以下可选择盘子大的票，但股性可能较弱。   - 交易逻辑：横盘时B一战法无敌，趋势时BBI战法无敌；来自量化交易中多模型组合常互相止损/止盈的教训。   - 核心是“积小胜为大胜”，保证永不套牢；赚的是确定性的
====SEG==== SESSION:20250507 SEG:20250507(12点）_summary TSIZE:60897	### [开局追涨与卖半仓] (00:00:00 - 00:01:24)  - 核心内容:   - 开盘时虽然“钩”值（KDJ的J值）没有到达“大负值”买点，但因为处于前低位置，属于“大爷图”机会，所以先建仓，止损设在4.10元。   - 买入后股价从3.85元附近一路上涨，最高到4.39元，盈利约7%；随后出现一根涨停，连续两根以上阳线后执行“卖一半”操作，实现“永不套牢”。   - 剩余半仓依据“白线”（BBI）持有：跌破白线第一天观察，第二天确认跌破就全部离场，不继续纠缠。 - 关键概念:   - 大爷图：回调到前低附近的买入图形，特点是“风浪越大，鱼越贵”，但在博弈中必须严格设止损。   - 卖一半永不套牢：盈利后先卖出一半仓位，将成本压低，剩余仓位用白线/均线防守，确保不会从盈利变亏损。  ---  ### [上涨趋势横盘与大爷踏空心理] (00:01:24 - 00:03:16)  - 核心内容:   - 本例属于“上涨趋势里的横盘整理”，而不是“下跌趋势里的横盘反弹”；前者后续向上突破的概率明显大于后者。   - 上涨趋势横盘的特征：回调低点一个比一个高，同时后面的高点也比前面的高点高，整体重心上移；下跌趋势中的横盘则可能选择向下漏。   - 大爷因为前两次止损后不敢再信，结果这次踏空；踏空心理比止损更难受，所以交易中永远要保留一部分仓位，避免完全踏空。 - 关键概念:   - 骑行整理/上涨趋势横盘：在一波上涨后回撤形成的横向整理，后续向上变盘概率大，是做区间震荡时优先选择的图形。   - 踏空心理：错过行情带来的痛苦远超小亏止损，因此即使不确定也要用轻仓参与来
====SEG==== SESSION:20250507 SEG:20250507(8点)_summary TSIZE:52932	### [开播调试与舰长直播确认] (00:00:00 - 00:04:12)  - 核心内容:   - 主播调试直播设置：使用书桌前的巨大屏幕（42C4）以便看清弹幕，麦克风离得近所以不能喊麦，避免音量过载；已将直播码率设为4兆，讨论夜间小互通直播的成本（约5万/8万多）。   - 请观众帮助确认是否成功设置为“舰长直播”，因主播自己登录账号无法看到外部显示；画面有些模糊，原因是顶部没有打灯、摄像头自动优化，美颜默认关闭但会“把脸上的包平整一下”。   - 提到与B站同事沟通后对直播进行了优化，后续会调整直播方式。  - 关键概念:   - 舰长直播：B站的一种限定粉丝群（大航海舰长）观看的直播模式。   - 码率（Bitrate）：视频编码传输速率，这里设置为4兆以保证清晰度。  ---  ### [收敛专业性，回归闲聊] (00:04:12 - 00:07:28)  - 核心内容:   - 主播反思前两周直播“过于专业”，屏幕PPT、软件画面太多，“惊动了有关部门”，因此今天要收敛，主要以“淡逼”（闲聊）为主，让大家看脸。   - 强调今天有重要内容，但回顾过去两周的“锦囊”可知近期不会有像样行情，包括突然的降准降息在内，都属正常，不必着急。   - 自称是“聊鞋、聊秋衣的UP主”，把直播标题和封面改回轻松风格；提到可以选原画1080P，建议观众退出重进试试。   - 说明周三舰长直播是深度内容，主要面向“为中国大A经济建设做贡献的深度忠诚的金融消费者”，抱着“向死而生”的心态。  - 关键概念:   - 舰长弹壁频道：舰长专属直播的弹幕交流形式。   - 锦囊：主播之前
====SEG==== SESSION:20250507 SEG:20250507(9点）_summary TSIZE:56958	### [九二四发布会与券商涨停的意义] (00:00:00 - 00:02:20)  - 核心内容:   - 九二四行情不是单靠发布会拉起来的，而是“开会 + 点火”同时进行：上面开发布会，下面资金配合买入，形成合力。真正的点火信号是券商板块集体涨停。   - 如果市场要来一波新牛市或像样波段（如干到3900、4000点），一定是券商板块先大面积涨停，例如开盘后九点四十券商平均涨幅8%以上、龙头券商全部涨停，这比开一百场发布会都有效。   - 解释“利好高开低走”的原因：很多利好是基础制度性安排，是在夯实地基，不是大牛启动信号；而九二四那次是发布会与盘面资金配合到位，所以效果不同。 - 关键概念:   - 整合营销传播：指政策发布与市场资金配合、同时发力的模式，九二四属于此类。   - 点火：指用资金直接拉动券商等权重板块制造赚钱效应，而非单纯靠政策喊话。  ---  ### [印巴冲突与达索紧急辟谣] (00:02:20 - 00:04:12)  - 核心内容:   - 印巴冲突中，印度出动阵风战机，但法国达索公司紧急辟谣，发公告暗示印度飞行员“不会飞就别飞”，因为后续还有订单未交付（阵风单价约2.85亿美元）。   - 当时印度飞行员像“不会玩大疆的人乱飞”一样，导致阵风战机被巴基斯坦的歼十等装备击落/坠毁，一天内损失多架。   - 达索辟谣是为了避免影响未来向乌克兰等国家销售阵风的计划；同时调侃印度“敢想敢干”，有当年日本敢死队式的冲动。 - 关键概念:   - 达索辟谣：指达索公司公开提醒印度飞行员操作能力不足，撇清战机质量问题。   - OTA比喻：把战机系统升级比
====SEG==== SESSION:20250507 SEG:20250507(结尾）_summary TSIZE:6079	### 少妇战法核心：只做上涨趋势 (00:00:00 - 00:00:28) - 核心内容：   - 少妇战法只在“上涨趋势”的股票中操作，收益稳定；下跌或横盘趋势中不轻易参与。   - 以韩王为例：该股目前是上涨趋势，后来转为区间震荡；上涨趋势的本质可视为区间震荡，至少前四五次B一信号都可以操作，但必须提前把纪律定好。   - 视频明确强调“不推荐股票”，仅把韩王当作教学案例。 - 关键概念：   - 少妇战法：一种只做上涨趋势、不看基本面、依靠特定买入信号和指标进行交易的方法。   - 上涨趋势区间震荡：上涨过程中价格回调形成的震荡区，是顺势低吸的机会区域。  ### 少妇战法不看基本面，只看趋势 (00:00:28 - 00:00:56) - 核心内容：   - 少妇战法不看PE、市盈率、业绩等基本面指标，只看趋势方向。   - 交易工具主要使用“B一”战法和“BBI”战法，两者结合即可完成进出场判断。   - 选股属于更系统的内容，会在后续专门讲解；当前先把过去一年的技术点讲清楚。 - 关键概念：   - B一战法：围绕某种买入信号“B一”展开的趋势回调买入方法，通常用于上升趋势中。   - BBI战法：使用BBI多空指标判断趋势强弱，BBI向下时不宜做多。  ### 顺大势逆小势，每次B一设好止损 (00:00:56 - 00:01:24) - 核心内容：   - 强调“强者恒强”，职业交易者通常会一直做到趋势破位大跌才离场。   - 在类似韩王这样的上涨趋势中，每次出现B一信号，理论上设好止损都可以操作。   - 开仓逻辑是“顺大势、逆小势”：大级别趋势向上，在小
====SEG==== SESSION:20250514 SEG:20250514第二部分_summary TSIZE:63876	### [川普动作与美股维稳，A股不要抱有幻想] (00:00:00 - 00:01:24)  - 核心内容:   - 川普近期的“解放日”等系列操作，本质上是在给美股“擦屁股”，目的是维稳美股、保护华尔街利益；中国也在全国上下共同应对贸易战。   - 强调永远不要对A股抱有不切实际的幻想，首先要考虑如何“生存下来”；A股表现疲弱有“六个原因”，需要铭记于心。   - 主播指出自己当日净值/总资产创新高，但认为现阶段A股本不该如此困难；未来九十天是双方休战缓冲期，应像春节后一样抓住机会快速上攻。   - 今天下午的走势更多是态度表达：要给A股里的“软蛋”拉爆，让他们知道“A股姓什么”。  - 关键概念:   - **缓冲期**：贸易战暂时休战的90天窗口，被视为A股应该有所表现的时间窗口。   - **A股“软蛋”**：指市场内部缺乏信心、只知砸盘的资金/机构，需要被教训。  ---  ### [九十天缓冲期，A股应有所表现] (00:01:24 - 00:02:48)  - 核心内容:   - 必须在90天缓冲期内把市场往上推，让全世界看到中国的金融/经济战场像军事一样强硬；因为不知道川普哪天会再出幺蛾子。   - 当前上涨是“态度表达”：新规配合、某队点名、国央企险资稍微配置一点，指数就能上来；这是给A股空头/软蛋一个警告。   - 既然港股都能控制，A股没有理由控制不好；要在敌人极度疯狂或恐惧时发力，而不是被动挨打。   - 机构资金“稍微买一点”就能拉动行情，说明A股并不缺钱，缺的是信心和行动。  - 关键概念:   - **某队**：维护市场稳定的国家队资金。   -
====SEG==== SESSION:20250514 SEG:20250514第三部分_summary TSIZE:55077	### [B1买入时机说明] (00:00:00 - 00:00:56)  - 核心内容:   - B1信号的买入时机：一般选择在信号出现的**第二天开盘买入**，而不是当天尾盘买入。   - 原因：连续下跌之后，除非有重大消息导致跳空高开，否则第二天通常顺势平开或低开，有足够时间在前一天晚上复盘，所以不必急于当天尾盘买入。   - 例外：未来讲到“特普战法/暴力K线战法”时，有时需要当天收盘买，因为第二天容易高开。 - 关键概念:   - **B1**：本课中的买入信号之一，可能指BBI线相关买点或“第一买点”，强调不追高、等第二天确认。  ---  ### [第一案例：连续下跌后的反弹操作] (00:00:56 - 00:05:08)  - 核心内容:   - 操作过程：连续下跌后出现B1买入机会，第二天未破低点，第三天反弹开始。两根K线分别涨约5.56%和0.74%，累计约6%，此时“减仓一半”；再出现约5.61%的放量上涨时，剩余半仓全部卖出。   - 如果已有大幅浮盈（例如成本约6.68元，现价8.13元），可以不急于卖出，改用“看白线”策略：白线不拐头就一直持有；白线拐头向下且股价跌破白线，第二天再破则离场。   - 本案例逻辑：连续下跌过程中没有明显放量，上涨趋势未被破坏；出现“双B1”（两个B1信号）时，盈亏比很高，止损只输一根K线，值得博弈。   - 强调：做反弹时，两天累计涨幅已达约6%，先减半仓锁定利润；后面放量滞涨时清仓，之后涨跌与自己无关。 - 关键概念:   - **双B1**：连续下跌后出现两个B1买点，形成共振，是较好的反弹介入图形。   - *
====SEG==== SESSION:20250514 SEG:20250514第四部分_summary TSIZE:54521	### [大业图错题观与主力逻辑] (00:00:00 - 00:00:56)  - 核心内容:   - 交易总原则是“只输一根”（只承担一根K线幅度的亏损）；如果已有浮盈，可以放飞半仓，吃满趋势。   - “大业图”做错是正常的，就像高考最后一道大题，如果绝大部分人都能看懂，主力后面就不可能这样拉升；散户全部进场后，图形反而不会走出来。   - 做对“大业图”属于运气好、押题押中；做错但其他题正确率高，不影响整体成绩（能上985/211）。 - 关键概念:   - **大业图**：指一种比较困难、容易做错的经典图形。   - **只输一根**：止损纪律，最多亏损一根K线的幅度。  ---  ### [补充知识点：上涨转震荡的可搏案例] (00:00:56 - 00:03:16)  - 核心内容:   - 原则重申：只做完美图形，拿不准就不做。   - 案例：股价在81元附近出现“钩儿的大负值”时，可以搏一把。逻辑是“上涨趋势转震荡”，后续只有两种结果：向上突破或向下破位。   - 操作设想：把止损设在80元附近（前低/下影线位置），目标看前高105元；即使向下破位，亏损有限，风险收益比划算。   - 底部有底背离支撑：再出现两根“钩到大负值”，股价大概率不会再比白线低，可小搏反弹到94元或100元区间。   - 提醒：消息股不能追，最后套的就是追消息的人。 - 关键概念:   - **上涨转震荡**：两种演化路径——突破或破位，需要结合B1信号和止损位操作。   - **底背离**：股价新低但指标未新低，作为支撑参考。  ---  ### [第二个案例：横盘区间内钩大负值的操
====SEG==== SESSION:20250514 SEG:20250514第五部分_summary TSIZE:51188	好的，需要把视频转录文本和话题分段整理成详细的逐段笔记。  用户给了12个话题段落，每个都有时间范围和标题。转录文本很长，需要从转录文本中提取每个时间段对应的内容，确保信息完整。  要注意以下几点： - 每个段落输出标题、时间范围 - 核心内容2-4条详细要点，保留具体细节（数值、名称、步骤、例子） - 关键概念：关键术语或概念及其解释 - 中文Markdown，信息宁多勿缺  由于转录文本是对话形式，比较口语化，有些内容在多个段落有重复，需要根据话题分段的时间范围对应提取。  先梳理转录文本的时间戳和内容对应。  转录文本中有[00:00:00]到[00:54:36]的时间戳，用户给的话题分段基本对应。  逐个来看：  1. [00:00:00 - 00:02:20] 涨停封板与应对策略 内容包括：封板后开板、两点封板与两点半封板的区别、回落到3-4%VS6-7%的含义、两种应对策略（新手放飞一半看白线、作者结硬寨打呆仗）、港股前高注意放飞、五六月份风险、大A风险不大但短期涨幅多要撸主。  2. [00:02:20 - 00:04:40] 果链化工与机构分歧 内容包括：果链大幅反弹后，卖方研究员（漂亮姑娘）在群里说两礼拜前就强调逻辑，公募基金经理回怼、机构分歧严重；卖方不花自己钱所以更果断；果链操作：信苹果被豁免就跌下来有B一加仓点；化工不看、不是主线。  3. [00:04:40 - 00:06:32] 仓位管理：低波红利与少妇战法 内容包括：少妇战法买完5-10个交易日出结果；低波红利为什么不干场内ETF（银行端买方便、净值曲线干净、图方便）；少妇战法仓位分配：十万分4-
====SEG==== SESSION:20250514 SEG:20250514第一部分_summary TSIZE:60850	我们只需要按照要求输出Markdown格式的逐段笔记，内容基于转录文本和话题分段。注意每个段落包含标题、时间、核心内容（2-4条要点）和关键概念。用中文。我们仔细看转录文本，确保信息完整。转录文本较长，但话题分段已经给出。注意转录文本开头有些无关内容，但分段从00:00开始。我们要为每个分段生成笔记。  先列出分段： 1. [00:00:00 - 00:05:36] 开场与直播互动：篮球失利与KTV角色科普 2. [00:05:36 - 00:08:24] 直播安排变更：舰长直播转会员直播 3. [00:08:24 - 00:14:28] 篮球讨论、净值创新高与直播形式说明 4. [00:14:28 - 00:21:28] 首钢外援表现批判：关键时刻要能表态 5. [00:21:28 - 00:26:08] 今日主题预告与直播安排说明 6. [00:26:08 - 00:32:12] 大A为何怂：市场无增量资金与机构做空 7. [00:32:12 - 00:35:56] 大A怂原因一：长期充分博弈 8. [00:35:56 - 00:39:12] 大A怂原因二：交易机制不对等与原因三：老麒麟会根深蒂固 9. [00:39:12 - 00:45:44] 大A怂原因四至六：洋务派主导、政策驱动与盈利模式 10. [00:45:44 - 00:50:24] 盈利模式与谨慎提醒：不要盲目乐观 11. [00:50:24 - 00:56:00] 量化交易脆弱性与公募新规 12. [00:56:00 - 01:00:00] 劝告不追高与总结：保持半仓并展望国际局势  现在需要仔细阅读转录文
====SEG==== SESSION:20250531端午特训第一期 SEG:直播回放_2025-05-31_19-58-11_summary TSIZE:109725	### [设备与声音测试] (00:00:00 - 00:02:20) - 核心内容:   - 直播开始前进行声音和设备测试，确认背景音乐和麦克风音量是否正常。   - 调试过程中发现回声问题，通过调整声音输出或关闭直播间监听解决。   - 记录音量为“背景音乐20，人声100”，确认音效满意后正式开始。 - 关键概念:   - 无（纯技术调试环节）  ---  ### [开场问候与特训营缘由] (00:02:20 - 00:05:36) - 核心内容:   - 主播在端午节假期临时策划“端午特训营”，认为当前时间点关键，提前掌握技能有助于六、七月行情。   - 与观众互动，询问大家所在位置，涉及宿舍、丈母娘家、乡下、南京紫峰等地，气氛轻松。   - 回应足球话题，提到欧冠看好国米，并认为大巴黎多年投入应该拿一次冠军。   - 有观众发来“粽子”礼物，主播表示感谢。 - 关键概念:   - 无  ---  ### [课程安排与回放说明] (00:05:36 - 00:14:28) - 核心内容:   - 说明特训营课程安排：第一晚为少妇战法复习和曼城主力替补阵容复盘；第二天讲复盘方法，并可能讲解“单针下二十”策略；第三天以真实案例讲解主力与散户博弈。   - 强调基本功（少妇战法的“马步”）的重要性，后续才能嫁接其他玩法。   - 关于回放：正在本地录制，并尝试通过充电会员提供回放；由于平台审核问题，不一定能立刻上传，但会想办法。   - 课程价格自行定价，非常便宜；充电会员功能较完善，有会员专属动态和回放。   - 主播拿音箱、泡茶等准备动作，强调“没有音乐没灵魂”。 - 关
====SEG==== SESSION:20250531端午特训第一期 SEG:直播回放_2025-05-31_21-58-15_summary TSIZE:107052	### 止损点设置：K线低点与N型低点 (00:00:00 - 00:00:28)  - 核心内容:   - 止损点的两种设置方法：一是设在单根K线的最低点下方；二是设在N型结构的前一个低点下方。   - 两个止损点可以灵活选择，都有效。如果买入后股价又做了个小结构，把止损设到前面N型低点下面也无妨。   - 此处提到“第五个是什么？”引发后面止盈放飞的内容，说明这是少妇战法六步中的一环。  - 关键概念:   - **N型低点**：股价上涨后回调形成的N字形态中的前一个低点，可作为技术止损参考位。  ---  ### 止盈放飞与横盘处理 (00:00:28 - 00:03:44)  - 核心内容:   - 买入后只有三种走势：止损、上涨、横盘。止损了就执行离场；横盘一直没涨没跌，当市场没有证明你对的时候就是错了，拍了走了也可以。   - 止盈放飞：BBI线上出现两根中大阳线必须放飞（减仓/止盈部分），如果拿得住也可以不止盈，但跌回来坐过山车不要抱怨。   - 横盘多久算错没有固定标准。举例：某天勾到大负值（如负四）买入后，横盘三天不涨不跌，拍了就走了，这笔交易亏损约1%～1.5%，可以接受。后面涨起来与己无关，因为好票买入后第二天或第三天就该拉升。   - 止盈放飞后成本降低一半，才有底气拿住后面的行情。  - 关键概念:   - **止盈放飞**：BBI线上连续两根中大阳线后，减仓或卖出部分仓位，锁定利润、降低成本。  ---  ### BBI线上两根中大阳线减仓 (00:03:44 - 00:08:24)  - 核心内容:   - 案例讲解：某票三、四天前买进，一根阳线上
====SEG==== SESSION:20250531端午特训第一期 SEG:直播回放_2025-05-31_23-58-19_summary TSIZE:79807	### [开场纪律要求与直播预告] (00:00:00 - 00:05:08)  - 核心内容:   - 开场强调直播间纪律，课堂不能乱；预告明天课程是“如何复盘与短期策略之单针下小时”，会教一个大招，前提是必须记熟“少妇战法”并截图背下来。   - 要求至少先止损三次、止盈两次，感受“做对交易、遵守纪律”的成就感；强调形成肌肉记忆比单笔赚亏更重要。   - 录播后续会放出，目前正在走流程；直播间约1.4万人，相当于已经等了4000人；有新功能“充电就能看”。   - 展示了“曼城阵容”配置图：上有试训名单、四个替补、主力阵容，小黄数字代表仓位；前几期录播有讲解。   - 回答弹幕：上港最牛逼是上海自贸区行情，之后没再有过；猪肉不算大主题；米儿没有平替；低空经济是敏感话题，再问拉黑。 - 关键概念:   - 少妇战法：后续反复强调的一套交易纪律/方法，核心是止损、止盈、破位离场等规则。   - 曼城阵容配置逻辑：用足球阵容比喻投资组合，分主力、替补、试训，并有对应仓位。  ### [下礼拜目标：学会止损，不被套] (00:05:08 - 00:11:40)  - 核心内容:   - 下礼拜端午特训结束后，要求今天来听课的人不再说“被套”；强调做交易不会止损就不要做，先不要想赚多少钱，把止损先学会。   - 什么叫“精进”：今天比昨天某一点好，日积月累三个月、半年、一年后比过去的自己优秀；避免听课很爽、开盘却下不去手。   - 下礼拜弹幕再有人说被套会被所有人鄙视；要“钱在手”，机会出现才游刃有余。   - 禁止盲目开仓：一个礼拜最多开两次仓，像B46只有两发子弹；自己目前一周一
====SEG==== SESSION:20250601端午特训第二期 SEG:直播回放_2025-06-01_19-59-18_summary TSIZE:46069	### [开场调音与心系国足] (00:00:28 - 00:01:52)  - 核心内容:   - 主播调试直播声音，确认无回声、音质完美，强调直播间是"弹B型"（弹幕BGM？），声音质量很重要。   - 直播过程中分心关注中国U16国家队对阵澳大利亚U16国家队的比赛，心不在焉，提出先看会儿球再开始正式聊内容。   - 比赛刚开始，中国U16队有一次门柱机会，主播感叹比赛关键。  - 关键概念:   - U16国家队: 中国16岁以下青年足球国家队，本场对阵澳大利亚队，属于四国邀请赛。  ---  ### [儿童节祝福与国少比赛观看指南] (00:01:52 - 00:03:44)  - 核心内容:   - 当天是儿童节，主播祝福观众儿童节快乐，调侃"三十岁还处男"和"四十五六也算儿童"。   - 有人问比赛观看渠道，主播提供了三个观看途径：微博"足球中国"账号、电视CCTV5+、央视频APP，但央视频清晰度只有720P。   - 比赛背景：如果国少队赢球将获得本次四国邀请赛冠军，打平则获得第二名。主播提到自己一直关注中国足球小将董路，所以很看重这场比赛。   - 比赛进行到25分46秒左右，国少队边路反击形成威胁。  - 关键概念:   - 四国邀请赛: 中国U16国家队参与的足球邀请赛，本场对阵澳大利亚，决定冠军归属。  ---  ### [讨论画质与回音问题] (00:03:44 - 00:05:36)  - 核心内容:   - 有观众反映转播画质只有720P，主播解释转播源本身有限，央视频APP有蓝光但实际清晰度一般。   - 主播说明自己直播间的画质参数：分辨率1
====SEG==== SESSION:20250601端午特训第二期 SEG:直播回放_2025-06-01_20-49-56_summary TSIZE:103644	### [开场互动与画面调试] (00:00:00 - 00:03:44) - 核心内容:   - 主播开场让观众刷新画面，调试直播清晰度；提到自己用两台电脑输出蓝光级别画质，但部分观众反馈没有原画选项，建议刷新重进。   - 互动中调侃直播“二楼雅座”“手牌玉牌”等，提醒课堂纪律，禁止刷礼物动画挡住屏幕。   - 确认大部分观众画面清晰后，宣布正式开始上课，并预告上半场与下半场中间有10分钟休息时间。 - 关键概念:   - 画质调试：因手机前置摄像头配置不同，部分平台默认不显示“原画”选项，刷新可解决。  ### [低波红利策略基础] (00:03:44 - 00:07:28) - 核心内容:   - 补充昨天遗漏的低波红利内容：低波红利策略相当于和国家队在一起，国家队（汇金、证通等）最新入场位置在3000-3100点区间，尤其在3100-3150点。   - 低波红利可替代银行：单买银行无法对冲，而红利低波中包含大量银行股且能通过组合对冲，取得平均收益。   - 中国市场约80%散户亏钱，低波红利让散户既能参与市场成长，又能参与国家成长，与国家财政绑定；国家财政赚钱时你也能赚钱，国家财政有风险时“你怕什么”。 - 关键概念:   - 低波红利策略：以低波动+高红利股票为组合的投资策略，适合散户作为底仓配置。   - 国家队：汇金、证通等机构资金，其入场区间常被视为政策底参考。  ### [低波红利操作与比喻] (00:07:28 - 00:10:44) - 核心内容:   - 低波红利同样适用B一（B1）战法，但主播个人做法是“只买不卖”，除非短期需要现金调仓才会卖出部分
====SEG==== SESSION:20250601端午特训第二期 SEG:直播回放_2025-06-01_22-50-00_summary TSIZE:112102	### [开场纪律与软件问答] (00:00:00 - 00:06:04)  - 核心内容:   - 课堂开始时维持纪律，要求教室外的人回来坐好；回应关于“成都万豪”活动的玩笑，强调这是“阳光、积极、健康”的品酒鉴赏会，并计划组织成都本地高校（川大、西南财大等）资源。   - 软件问答：通达信、文华财经、MT系列都可以加代码和插件；如果需要高度定制，也可以考虑专业终端（如Bloomberg）。关于六月A股行情和美联储降息预期，留到明天大直播再聊。   - 关于少负战法：严格执行时不能有任何灵活操作，因为开一个口子就会开十个口子；若该减仓不减，一根跌停或连续阴线会对账户收益造成很大影响，必须保持节奏。   - 用篮球比赛比喻纪律：球星也有很多场打得差，但实力强在稳定发挥；赛前部署要严格执行，输了算教练/大盘，但没执行止盈止损导致大波动就是自己的问题。  - 关键概念:   - 少负战法：一套超短线交易纪律，强调严格止损止盈、不灵活变通。   - 节奏：交易中稳定发挥、按计划执行的状态。  ---  ### [交易纪律与游资手法] (00:06:04 - 00:10:44)  - 核心内容:   - 继续用篮球战术类比交易：篮板任务就是抢篮板，不用得分；交易中严格按照赛前安排，输了大盘负责，但不执行纪律导致账户大波动就是自己的问题。   - 机构与游资的区别：公募常在高位接盘，因为看六个月到十二个月后的点位，不看技术细节；游资则靠极严格的交易纪律，纪律条数可能比少负战法多出十四条、二十条。   - 详细描述游资打板手法：例如三千万盘子，只打十点前的板；如果下午开板，次日低开4%，老
====SEG==== SESSION:20250601端午特训第二期 SEG:直播回放_2025-06-02_00-50-04_summary TSIZE:32108	### [列车到站比喻与深V上车机会] (00:00:00 - 00:02:20) - 核心内容:   - 用列车到站比喻股票行情：北京、沧州、济南、蚌埠、徐州等站点代表不同的买入时机，如果一直犹豫不上车，最后列车直达南京终点站，机会就彻底错过。强调在关键位置必须果断“上车”。   - 提到“深V”是重要的上车依据：行情中出现了不完美的V形走势，虽然不够完美，但依然给出了“小V”机会；还有“双线归零”可以作为辅助判断。   - 指出当前市场里符合这种图形的票很少，大多数股票没有明显机会，因此一旦出现类似深V信号，就是难得的介入时机，上车依据就是“V”本身。 - 关键概念:   - 深V（深威）：股价快速下跌后强力反弹形成的V形底部形态，视为买入信号。   - 双线归零：可能指两条指标线（如KDJ）回归到零轴附近，作为超卖或反转的参考。  ### [不完美图形与退市股补票案例] (00:02:20 - 00:04:12) - 核心内容:   - 强调尽量寻找“完美图形”：图形中应存在大复值机会，且买卖点清晰；不完美的图形即使上涨也难以赚钱，风险较大。   - 以退市股为例：退市股因无法复权导致K线失真，形态不再可靠，不能作为参考。举了乐视的例子，说明补票后虽出现V形反弹，但后续走势依赖资金持续流入和连续上涨脱离成本区。   - 提出“补票”概念：在回调时小仓位试探性买入，然后等待股价重新走强；真正的利润来自后面流畅的上涨。 - 关键概念:   - 完美图形：具有明确底部形态、量价配合、回调缩量、主力资金持续流入等特征的走势图。   - 补票机会：股价在上涨过程中短暂回调，给未上车
====SEG==== SESSION:20250606充电直播 SEG:直播回放_2025-06-06_00-37-35_summary TSIZE:60367	### [开场测试与看球情绪] (00:00:00 - 00:04:12)  - 核心内容:   - 直播开场进行声音和设备测试，确认会员直播状态；主播因刚看完国足比赛情绪激动，对比赛结果非常不满。   - 提到四年前就有朋友跟着看国足，四年后再次经历失望；主播自嘲“男人才是恋爱脑，被伤千百遍，下次依旧满怀期待”。   - 榜一大哥“非洲人”改名“万大留学生”到场支持，主播感谢粉丝陪伴。 - 关键概念:   - 恋爱脑式球迷心理：形容球迷对国足屡败屡战、屡战屡败却依然保持期待的矛盾心态。  ---  ### [查看消息：马斯克与川普矛盾] (00:04:12 - 00:07:56)  - 核心内容:   - 主播查看当天突发消息，提到马斯克与特朗普矛盾公开化：马斯克称“大漂亮法案非常恶心”，特朗普第二天公布更详尽法案，毫不妥协。   - 用“百日维新”比喻马斯克的政治改革，认为他“放在古代早被车裂了”；提醒马斯克别再招惹特朗普，否则连买卖都会被接管。   - 顺带澄清：逆回购不是放水，只是保障市场流动性、防止出现危机；真正放水是更高级别的操作。 - 关键概念:   - 百日维新：借古喻今，指马斯克在美国政府中的激进改革尝试及其与特朗普的君臣反目。   - 逆回购：央行向市场投放短期流动性的工具，不等同于大规模放水。  ---  ### [逆回购与流动性分析] (00:07:56 - 00:09:48)  - 核心内容:   - 六月份历来是央行回收流动性、银行资金紧张的时期；今天临时放出约一万亿逆回购，属于“意外”且体量加大，并以新闻发布形式公开。   - 解读：这是为了稳军心
====SEG==== SESSION:20250611特训（周三晚八） SEG:直播回放_2025-06-11_19-59-34_summary TSIZE:113946	### [开场与直播设备调试] (00:00:00 - 00:04:12)  - 核心内容:   - 直播开场，主播与观众打招呼，进行“大课点名”，强调今天课程很重要，能听现场尽量听现场。   - 调试直播声音和背景音乐音量，确认是否有回声；主播提到房间不高不应有回声，声音不能调太大否则会爆音。   - 提到用直播机推流，声音经过转换设备可能有影响，要保证用户体验（UX）。 - 关键概念:   - 无重要术语，主要是直播准备和互动。  ---  ### [弹幕互动与完美图形讨论] (00:04:12 - 00:11:40)  - 核心内容:   - 观众弹幕互动：有观众自称“瑞哥二十六岁，一百四十万，想再干四年，三百退休”，主播回应不同城市退休门槛不同，鹤岗两百五就能退。   - 弹幕提到“魏哥完美图形错三次”，主播强调要看是否真的符合“完美图形”；举例后台有人发来五个“完美图形”全部错误，实际连红线都没收上去，说明大家认知不统一。   - 主播要求观众把“自己认为完美但失败”的案例发到后台私信，不要发弹幕，后续集中对齐“颗粒度”。   - 再次给出三个完美图形历史案例：法宅（法拉电子）、晋义（晋亿实业）、中铁（中国中铁）；少妇战法标准图形案例：雪人（雪人股份）、娜娜（创新药ETF/相关个股）。强调不推荐股票，都是十年前历史案例。   - 有人说“没失败过，全是成了的”，主播表示要低调，不要吧唧嘴。 - 关键概念:   - 完美图形：主播自创的一套技术图形标准，需满足特定形态（如红线收上去等），不是随便找一个看起来横盘的票就算。  ---  ### [特训主题预告与学习方法] 
====SEG==== SESSION:20250611特训（周三晚八） SEG:直播回放_2025-06-11_21-59-41_summary TSIZE:102858	### [大盘横盘与小票机会] (00:00:00 - 00:02:48) - 核心内容:   - 当前大盘处于横盘区间（如上方2228点、下方1978点，约200点区间），类似历史某阶段（贸易战关税时期）的震荡。大盘在这个区间内反复上下，但市场流动性尚可，增量资金不多，因此小盘股先动，出现“轻大盘重个股”的氛围。   - 但现阶段不能真正“轻大盘”，因为大盘被某队高控后，一旦不高兴所有股票都会跟随下跌。应使用“少妇战法”做小波段：一个小波段接一个小波段，掐头去尾后拉平，相当于做一个完整的波段，可视为热身。   - 近期活跃的方向如创新药、谷子经济、小金属（主要是稀土）、军工、可控核聚变等，都属于小票，它们在当前位置不断完成“麒麟会”的运作（吸筹/洗盘等）。 - 关键概念:   - 少妇战法：指做小波段操作，每次只吃一段，积少成多。   - 麒麟会：指主力资金/庄家的运作行为或群体。  ---  ### [指数过快上涨反而麻烦] (00:02:48 - 00:05:36) - 核心内容:   - 不要抱怨指数不上3400点；如果一周内从3400直接涨到4000，反而麻烦。因为快涨后估值变贵，赚钱效应反而下降，普通人会感到“真踏空”，且后续不好操作。   - A股最好的状态是：大盘不跌，同时中小创每天有票“出坑”“填坑”，每天做这个简单动作即可。先热身、攒碎银子，大行情（如1664到3478、1800/1900到5178）未来还会有。   - 不要高谈阔论“未来一定到6000点/万点”，那是大资金讲逻辑用的；小资金应务实，关注如何从一两万做到十万、从十万做到一百万。 - 关键概念
====SEG==== SESSION:20250611特训（周三晚八） SEG:直播回放_2025-06-11_23-59-45_summary TSIZE:85688	### [机构离场与高位股风险] (00:00:00 - 00:04:12)  - 核心内容:   - 以五子（某股）为例，分析机构离场后的走势——主力（大哥）在12.4元附近坚守后离开，股价随即失去支撑。强调兴业银行等权重股的走势与大盘或个股走势的对应关系（"大哥走没走"），并提示通过观察股价是否跌破关键位置来判断主力是否离场。   - 警示案例：某只股票（提到“杨广电渊”或“米诺索”）从6元涨至58元，已实现十倍收益，主力（大哥）早已"吃干抹净"离场。此类高位股在下跌过程中无人护盘，应坚决回避，不要参与其"少妇战法"或"单针下二十"等技术形态。   - 讲述如何识别"好的机会"：在连续下跌后出现"钩大幅值"（应为“钩大负值”，指大幅负值或负乖离率）且指数或个股仍在连续上涨（此处表述为"还在连续上"），需要计算盈亏比——"掐头去尾"，如果前期涨幅已过大（如十倍），则后期机会有限，不值得参与。并提到"假突破"不断出现，是主力出货的典型手法。   - 结论：对于前期涨幅巨大的个股，即使出现技术买点也应放弃，因为主力已无拉升意愿，后续走势以出货为主。同时提到果链（苹果产业链）短期熄火，需等待下一波行情，并观察MACD是否在零轴之上重新形成金叉。  - 关键概念:   - 钩大幅值/钩大负值：指技术指标上出现较大幅度的负值（可能是负乖离率或负的MACD柱等），在特定位置可视为一种技术买入信号。   - 少妇战法：一种技术分析交易策略，具体细节未展开，但强调其并非在所有位置都有效，需结合主力意愿。   - 掐头去尾：交易策略，放弃一段趋势的头部和尾部利润，只赚取中间最确定的一段。  -
====SEG==== SESSION:20250618创新药五大方向（周三晚九开 SEG:直播回放_2025-06-18_20-50-20_summary TSIZE:105049	### [开场试音与泡泡玛特分享] (00:00:00 - 00:05:08)  - 核心内容:   - 主播开场试音确认音频质量，提到从西单大悦城驱车45公里堵车返回，当天专程去购买泡泡玛特新系列盲盒。   - 购买的是"Almost the Monsters Hidden"系列（中文名"看不见我"），共拆出12个，计划用于粉丝抽奖；该系列目前尚未完全启动炒作，建议以官方售价入手，不要追高。   - 提到上周泡泡玛特大抱枕已被抢光、二手价已炒至500多元，认为这源于巨大的市场需求而非黄牛炒作，并回顾此前炒鞋行情经验。 - 关键概念:   - Pop Land/泡泡玛特：潮玩盲盒品牌，主播认为其部分产品存在炒作空间，强调IP首发期不追高、等启动的策略。  ---  ### [弹幕互动与今日主题预告] (00:05:08 - 00:12:36)  - 核心内容:   - 主播与弹幕互动，确认直播声音、画质流畅度（使用Insta360摄像头，自动白平衡导致脸色偏白），并处理观众关于职业规划、金融行业就业等提问。   - 预告今日三大主题：①创新药五大方向细讲；②复盘前两周操作；③补充重要知识点"打补丁"。   - 反复强调"不要自己吓唬自己"、"踏踏实实"的投资心态，并回应"真熄火"的质疑。 - 关键概念:   - 无特别新术语，主要是直播互动与课堂纪律铺垫。  ---  ### [播放歌曲与投资心态交流] (00:12:36 - 00:19:08)  - 核心内容:   - 主播播放《世俗眼光》等歌曲，借此引出投资/投机需要"打开格局、开放心态、接纳各种信息"的观点，并以错过泡泡
====SEG==== SESSION:20250618创新药五大方向（周三晚九开 SEG:直播回放_2025-06-18_22-50-24_summary TSIZE:118226	### [创新药五大方向与细分领域] (00:00:00 - 00:05:08)  - 核心内容:   - 创新药投资需筛选真实有空间的方向。主讲人指出：**痛风类、自免类、肺癌类、麻醉类、胰腺癌类**是五大核心方向；小品类包括**阿尔兹海默症、抑郁症**。判断标准是：要么已审批通过、未来两年能上市；要么已进入临床二期且进度不错；要么已经完成BD（对外授权）。   - 抑郁症市场虽有庞大患者基数（中国约1亿人甚至3亿潜在患者），但中国人尚未形成“治抑郁症”的普遍共识，实际就诊率低，因此即便新药上市，5-10年内应用场景也不如肺癌、胰腺癌等方向。需关注其海外BD能力，能否像泡泡玛特一样“墙内开花墙外香”，在海外高价市场放量。   - 减肥药、糖尿病、脱发等领域目前中国创新药企业并不突出，不要抱不切实际的幻想；高血压等方向也尚未看到相关标的。未来聚焦上述5+3个方向构建自选股池即可。 - 关键概念:   - **BD（Business Development）**：创新药企将药物海外权益授权给跨国药企，获得首付款、里程碑付款和销售分成，是验证药物价值和打开海外市场的关键。   - **五大方向 + 三个小细分**：痛风、自免、肺癌、麻醉、胰腺癌；阿尔兹海默症、抑郁症（以及前述提到的可关注方向），构成创新药投资的“圈子”。  ---  ### [组合投资与group分组方法] (00:05:08 - 00:10:16)  - 核心内容:   - 针对“二选一必选错，三选二甚至都会错”的问题，主讲人分享经验：在板块内选2-3只基本面与走势最完美的标的，**组成一个概念仓位（group）
====SEG==== SESSION:20250618创新药五大方向（周三晚九开 SEG:直播回放_2025-06-19_00-50-28_summary TSIZE:55956	### [稳定币伪命题与个股炒作周期] (00:00:00 - 00:02:20)  - 核心内容:   - 主讲人认为在中国“稳定币”概念是伪命题，因其个人认知将其等同于大饼等数字货币概念，故未参与；但祝贺赚钱的人。后续操作上，判断个股大概率回到BBI线（B B线），若吃到涨停放飞，就等跌破两根BBI线再决策。   - 若出现一二三连续逐级三根放量，且没有跌停杀下来，则可能挑一下强高区域，因为蚂蚁稳定币尚未落地，中间整个都是炒作周期（想象力驱动）。   - 回应“老了”的质疑：举例可控核聚变赚得更多（纯赚），新巅峰（心尖锋）35元走掉后现价29元，另一只10.64元到13元的波段都是纯赚，强调自己操作稳健。 - 关键概念:   - **BBI线**：多空指标线，用于判断趋势强弱和买卖点，跌破BBI线常被视为离场信号。   - **稳定币炒作周期**：在政策/产品落地前，消息面驱动的想象空间炒作阶段。  ---  ### [个股股性与业绩风险] (00:02:20 - 00:04:12)  - 核心内容:   - 以浙江游资为例，说明该股历史股性好（浙江人都玩这个），2020年因疫情导致业绩跟不上，走势受挫。后续需要一层层台阶往上走，若券商板块来了，第二波B一（B1买点）进去会舒服。   - 警示风险：该股一年总收入仅4亿，净利润996万，历史高位16元多，现价已到13.86元，认为“吹牛逼呢”，千万别被套在高点。可控核聚变概念虽好但落地太难。   - 强调不与人讨论个股的原因在于不确定性很强，建议只做自己认知内的交易。 - 关键概念:   - **股性**：个股在市场中表现出
====SEG==== SESSION:20250625特训坑里起好货 SEG:直播回放_2025-06-25_21-44-40_summary TSIZE:114831	### [开场互动与直播安排] (00:00:00 - 00:06:32) - 核心内容:   - 直播开始测试声音，主播刚看完国安客场对阵梅州的比赛，心情不错；今天是充电直播，提醒观众不要发SC，先讲正事。   - 开播互动中回答弹幕问题：单针下二十可在尾盘微回时入场，次日涨幅不符预期就尾盘卖掉；横盘震荡时OBV指标无法有效判断主力出货还是洗盘，因为所有票的OBV都永远向上。   - 提到游戏板块稍后讲；券商、创新药、固态电池、机器人等近期热点已有粉丝盈利；有人生日求祝福，主播号召刷生日快乐。 - 关键概念:   - 单针下二十：一种技术形态，指股价出现长下影线且收盘在某个关键位置附近，可作为短线入场参考。  ### [展示净值曲线，解释满仓逻辑] (00:06:32 - 00:10:44) - 核心内容:   - 主播展示自己净值曲线创新高，强调一直满仓拿住不动，净值持续创新高，原因在于慢成长组合、创新药、可控核聚变、中国新消费等配置轮动上涨。   - 本周周一到周三，创新药、新消费、固态电池等主题表现好；慢成长组合中科技和券商也有贡献，所以不理解为何有人要抢鼠标（暗示自己不需要频繁操作）。   - 回顾上周锦囊三点：1) 伊朗和以色列事件与A股无关，不用一惊一乍；2) 六月继续按之前逻辑不变；3) 慢城组合要调整，调向创新药、新消费、securities（券商/非银金融）。   - 保险连涨三天，是上上周提过的；上周加仓券商，这些操作都有提前说明。 - 关键概念:   - 满仓拿住不动：主播的核心策略之一，承受回撤以换取不知何时启动的高铁（大行情）。   - 锦囊：周末直
====SEG==== SESSION:20250625特训坑里起好货 SEG:直播回放_2025-06-25_23-44-44_summary TSIZE:89445	### [MACD黄线与娜娜图形示例] (00:00:00 - 00:02:48)  - 核心内容:   - 以MACD黄线（DIF均线）作为简单判断工具：只要黄线持续向上且位于零轴之上，就无需复杂指标，可安心持有。以娜娜（某股票）为例，走势表现为“温和放量上涨→缩量下跌→钩到大负值（负值区域）”，之后黄线在零轴上方上行，走出一波流畅上涨。   - 该图形本质是“挖坑”结构：先挖坑、后填坑。只要能识别这种图形，即使不看白线，只看黄线也能把握大波段。强调图形识别比指标更重要。   - 娜娜第一波已涨约85%，有人仍私信询问是否还有机会，说明部分投资者不会在关键位置止盈；同时强调黄线、白线都可以用，关键是要有纪律，比如破位止损。   - 以“踏空”引出话题：如果自己反复讲解的图形出现，却没有参与，才算踏空；若因短期缩量获利回吐就焦虑，属于对踏空的误判。  - 关键概念:   - **MACD黄线零轴之上**：黄线在零轴上方运行且方向向上，代表中期趋势偏多，可视为持股依据。   - **挖坑-填坑图形**：股价先经历下跌挖坑，再放量回升填坑，是主力建仓后拉升的常见形态。   - **钩到大负值**：指MACD指标或其他摆动指标进入深度负值区域，往往对应短期超卖或阶段性底部。  ---  ### [踏空概念的真正含义] (00:02:48 - 00:08:24)  - 核心内容:   - 踏空的准确定义：在自己擅长的交易策略中出现了完美图形，但没有按计划执行，才是踏空。例如：军工、有色、化工大涨但自己本就不看这些板块，不算踏空；但如果自己研究了一个月的新消费反弹却没有参与，那就是踏空。
====SEG==== SESSION:20250626填坑补充 SEG:直播回放_2025-06-26_22-39-17_summary TSIZE:127239	### [开场唱歌与闲聊] (00:00:00 - 00:03:16) - 核心内容:   - 直播以唱歌开场，演唱了《我甘愿被你骗》《试试又能怎》等歌曲片段，期间提到“所丹的短信”，预告某产品预计八月开启。   - 互动中提到雷老板（雷军）评价“丹霞子好看”，并调侃钟恩泽（B站百大UP主）也是粉色系。 - 关键概念:   - 无核心术语，以暖场互动为主。  ### [购买粉色配色的车，推出鎏金粉配色] (00:03:44 - 00:08:24) - 核心内容:   - 主播宣布自己购买了一台“少人买的配色”，经确认是小米SU7的“鎏金粉”配色，并调侃当天全网仅三人（包括钟恩泽）有品味选择该颜色。   - 计划推出“Z哥预期特别版”黑粉配色鞋，声称“谁买谁涨停”，并安排设计师设计。   - 提到联通断网问题导致昨天直播中断，今天补上。 - 关键概念:   - 鎏金粉：小米SU7的粉色车漆配色，主播认为其“与众不同”“有品味”。  ### [粉丝晒单互动与估值提升] (00:08:24 - 00:11:12) - 核心内容:   - 粉丝“宇宙级气运之子”私信晒单粉色SU7，主播确认其为全网第五台粉色。   - 粉丝“歌尽千陌”晒出粉色订单（PO），主播确认其为女性用户，并称“问界没有女性用户”是玩笑话，但强调小米SU7对女性钱包“太针对”。   - 主播宣布因购买粉色车，将对小米的估值从2万亿提升到2.2万亿。 - 关键概念:   - Happy Wife Happy Life：调侃买粉色车是取悦妻子的行为。  ### [聊女性用户、车色与Z盘模式] (00:11:12 - 0
====SEG==== SESSION:20250702（周三晚8） SEG:直播回放_2025-07-02_20-00-19_summary TSIZE:116570	### [开场测试声音与闲聊] (00:00:00 - 00:03:44)  - 核心内容:   - 开播测试声音，与观众打招呼，询问吃饭情况，提到直播氛围比回看更好。   - 提到雷老板（雷军）加场直播、小米大局已定，用国家队考察球员比喻——大局已定时不必再看“after party”，可以提前离场。   - 回答观众职场问题：35岁在设计院总背锅、收入低、单位福利房解禁期到，是否跳槽私企？建议是不要抱怨，到私企可能发现还不如设计院，设计院至少旱涝保收；鼓励“干回去”而不是逃避，引用《长安的荔枝》说明要凭本事反击，否则到哪儿都一样。  - 关键概念:   - “国家队考察球员”比喻：指在事情大局已定时，不再关注无关紧要的后续细节。  ---  ### [答疑互动与直播纪律] (00:03:44 - 00:07:28)  - 核心内容:   - 答疑：填坑目标价应算“最大那个坑底下”；女生约吃饭因要上课而拒绝——调侃“吹牛逼”，建议踏实落座听课。   - 强调直播纪律：周三加餐只聊“刀”（交易/市场），不聊“腿”（星座/情感），请观众不要发SC问星座问题，节省时间。   - 星座回答：零零处女男与九九七摩羯女异地（女方来合肥，男方去南京读博），认为两人不在一个城市，摩羯女很难坚持。   - 解禁股影响：解禁日当天一定有大幅波动，但之后往上还是往下无人能预测；应看大趋势和背后资金是否收手，牛市解禁可能无碍，熊市可能砸漏，没有固定模型，只能赌或看戏。   - 补票战法亏损几千但学会止损算成长：赚钱前提是先学会“遵守交易纪律地亏钱”；需反思买的票是否在池子内、图形是否完美，若方向没问
====SEG==== SESSION:20250702（周三晚8） SEG:直播回放_2025-07-02_22-00-23_summary TSIZE:98820	### [A股资金流向与融资使命] (00:00:00 - 00:04:12)  - 核心内容:   - 通过“活跃市值”指标揭示A股长期不涨但资金并未消失：二十年前活跃市值约8000亿，如今已增长到约11.9万亿（近12万亿），而上证指数仍在3000点附近徘徊。资金并未离场，而是通过IPO、解禁、大股东减持等方式，将锁定筹码变成流通筹码，被市场资金承接后流入上市公司股东（大小非）手中。   - 举例说明：某公司上市时1亿股，其中5000万股流通、5000万股锁定；股价1元时，增量资金5000万元即可买下流通筹码；若股价涨到50元，锁定筹码中1000万股解禁变成流通筹码，按50元计算需5亿元才能买下这1000万股。因此“钱去哪了”的答案是：被大小非在减持中赚走，并部分用于支援国家经济建设。   - A股创立之初的核心职能是“融资”，为国有企业脱困服务，因此长期“只融不涨”；美股则强调全民共同成长、共赢，因此有赚钱效应。当前A股正在从“只融不涨”向“边融边涨”转型改革，在此之前散户没赚到钱是正常的。   - 受益于这一规律的是深谙规则的大型机构（如麒麟会等），其活跃市值低点不断抬高，而上证指数长期不涨形成鲜明对比。  - 关键概念:   - **活跃市值**：市场中流通筹码的总市值，反映真实的资金与筹码交换规模。   - **大小非**：大股东及非流通股股东，解禁后减持是A股资金被“吸走”的主要渠道。  ---  ### [用活跃市值判断增量资金] (00:04:12 - 00:09:20)  - 核心内容:   - 判断市场是否有增量资金的核心指标是“活跃市值”，而不是Leve
====SEG==== SESSION:20250702（周三晚8） SEG:直播回放_2025-07-03_00-00-27_summary TSIZE:76157	### [开场：仓位回顾与温故知新] (00:00:00 - 00:03:16)  - 核心内容:   - 主播回顾自身仓位：可控核聚变（“可控盒”）主仓上周已减，只剩一点底仓；强调自己追求净值曲线持续向上，不追求短期冲高。   - 提到某只股票在负4.98%和负3.33%出现两次B点（双B一），加仓后浮盈良好，以此示范B点买法。   - 创新药板块一个多星期涨了约30%，主播提醒明天调整正常，不必恐慌。   - 宣布以后每周三固定“温故知新”，通过出题带大家巩固所学战法，检验掌握程度。  - 关键概念:   - B点：回调后出现的买入信号，通常出现在均线或支撑位附近，主播使用“B一”表示第一次买点。   - 双B一：同一位置或相近位置出现两次B点，是更可靠的加仓/买入信号。   - 仓位管理：主仓、底仓的区别，以及根据净值曲线调整策略。  ---  ### [前两道题：出坑填坑与完美图形] (00:03:16 - 00:12:08)  - 核心内容:   - 第一道题讲解“出坑填坑”图形：股价从坑底放量长阳（涨幅12.53%）拉起，之后所有K线运行在这根阳线的上半部分；再出现一根接力阳线，说明是机构在建仓而非游资（“麒麟会”）。   - 关键特征是“顶部无量”：上方长上影线对应解放前期跳空套牢盘，但量能很小；量能集中在底部，回调缩量后出现B点。这种图形“买错也要买”。   - 第二道题讲解“完美图形”：股价从37涨到71接近翻倍，回调缩量，在负6.65%出现B点；买入后两天涨5.52%和9.17%，创出新高。按“少负战法”在BBI线上方两根减仓一半，后面看情况离场。   - 
====SEG==== SESSION:20250709大富翁之夜交易的节奏（晚八开） SEG:直播回放_2025-07-09_20-00-15_summary TSIZE:108719	### [开场问候与闲聊] (00:00:00 - 00:04:12)  - 核心内容:   - 主播准时开场，强调准时是一种美德，尤其是在周三这个重要的交易日。   - 与观众进行轻松的互动，询问大家是否吃饭，并提到“饭后遛弯”的从容生活态度。   - 主播提到自己后台会收到大量私信，周三课程的主题是动态调整的，会结合当前市场情况来定。 - 关键概念:   - **交易节奏**: 本节课程的核心主题，但这里先铺垫的是开场的闲聊氛围，并未给出定义。  ### [引入主题：交易节奏的重要性] (00:04:12 - 00:06:32)  - 核心内容:   - 主播指出当前大家普遍存在一个非常严重的问题：**没有自己的交易节奏**。   - 强调拥有交易节奏的重要性：一旦有了自己的节奏，无论市场热点怎么轮动，都能应对。   - 澄清“交易节奏”不是简单的“满仓”或“半仓”的仓位管理。   - 用比喻解释节奏：类比篮球运动员“大锤”李凯尔的独特打球节奏；中锋不能像后卫一样运球；足球比赛中索尔斯克亚作为超级替补发挥出色，而梅西被安排在替补席则节奏不对。 - 关键概念:   - **交易节奏**: 是一种贯穿交易全程的个人节奏感，区别于单纯的技术操作或仓位管理，更像是整体交易的“心法”。  ### [互动答疑：无穷成本线与破位问题] (00:06:32 - 00:11:12)  - 核心内容:   - 答疑：一支票99%时间在无穷成本线下运行是否正常。主播回应：如果一支票翻倍了，它不可能长期在成本线下运行。除非每天都在换手率100%的极端情况。如果指标显示不正常，可能是指标出错了。  
====SEG==== SESSION:20250709大富翁之夜交易的节奏（晚八开） SEG:直播回放_2025-07-09_22-00-19_summary TSIZE:100476	### [少妇战法节奏与持仓心态] (00:00:00 - 00:05:08)  - 核心内容:   - 个股在放量启动后出现缩量回调，属于“把身体洗干净”的过程，此时介入符合“少妇战法”的节奏。之后股价经历了“第二天脱离成本区→第三天缩量→第四天挑高→第五天起来→第六天再下来”的震荡洗盘，目的是洗掉不坚定的持有者。   - 强调“交易节奏”的重要性：从买点到回调位置计算，即使浮盈回吐甚至微亏，只要未到止损位，就应该持有。不要因短期波动而患得患失，破位则走，不破则拿。   - 举固态电池的例子：上周三买入的投资者可能被套，但随后股价进入“射程”（8.47元附近），当天买入微跌0.33%，之后又跌0.96%，浮亏一两个点属于正常成本；上方空间大，盈亏比合理。   - 指出现阶段买入位置与早期买入位置不同：早期买点下方空间小（约2-3个点），而当前位置已处于波段内主升后的回调位，类似“海联金汇最后赌压那一次”，止损必须设得近。  - 关键概念:   - 少妇战法：一种低吸趋势票的操作方法，强调在主力洗盘结束时介入，追求波段利润。   - 节奏：买入、持有、卖出都要与个股的呼吸（放量缩量循环）和结构（N型）匹配，不因单日涨跌改变判断。   - 洗干净儿：北京话，指主力通过震荡把不坚定筹码洗掉，为后续拉升做准备。  ---  ### [赌压第三波的风险评估] (00:05:08 - 00:14:28)  - 核心内容:   - 当前位置买入属于“赌第三波”，因为有短期波段内主升（短期涨幅约30%），回调后再次上攻的不确定性较大。止损不能设太远（如20%），应设近一些，约2%-3%。  
====SEG==== SESSION:20250709大富翁之夜交易的节奏（晚八开） SEG:直播回放_2025-07-10_00-00-23_summary TSIZE:78304	### [账户资金管理方法] (00:00:00 - 00:01:24) - 核心内容:   - 第一种资金滚大方式：在牛市赚钱效应下，如果账户循环良好（例如10万账户赚到1万后加1万），可以持续将利润加入本金，靠正向循环自然滚大仓位。如果10万做到13万，可加3万变成16万；关键是亏钱只亏利润，不伤本金。   - 第二种方式：小资金先做出稳定盈利体系和交易规律。例如5万账户做到15万～20万（至少3～4倍），证明自己有成体系的交易规则——知道每个票为什么买卖、输赢的原因，之后才能引入更大资金（如向家里要10万、20万）。   - 强调散户在牛市亏大钱的根源：熊市无赚钱效应时大家不进来，牛市一来，很多人把驾驭不了的钱放进账户，然后乱追高操作。 - 关键概念:   - 正向循环加仓：用已有盈利去滚动扩大仓位，而不是盲目追加自己驾驭不了的资金。   - 交易体系成熟度：能清楚解释每笔交易买卖逻辑、盈亏原因，是放大资金的前提。  ### [牛市散户亏钱原因与轩轩追高案例] (00:01:24 - 00:04:40) - 核心内容:   - 批评“轩轩”亏7%的案例：上周三直播聊固态电池，但轩轩声称因听了直播而亏7%。从时间推算，周三之后最大跌幅仅4.98%（实际3.47%），7%的亏损只能是周四或更高位追进去，甚至可能是更早之前就买了，却把原因归到直播。   - 指出常见散户错误操作“SB战法”：“买在高处，减在低处”——例如追高买入后下跌，减半仓害怕踏空，结果亏损约7%。类似操作是“买在高点，减在低点”。   - 强调直播间不推荐个股，只分享经验；不要让别人背锅，赚钱跟主播没关系，
====SEG==== SESSION:20250712加餐聊会儿 SEG:直播回放_2025-07-12_20-44-55_summary TSIZE:89947	### [开场闲聊与曼联身份] (00:00:00 - 00:03:16)  - 核心内容:   - 直播开场，回应观众“抹茶不加奶”帮忙开红瓶百威的举动，强调“能自己做的事情绝对不会麻烦别人”。   - 现场演示自己开瓶，调侃自己“有点暴露曼联的身份”，随后改口说自己是三十年曼联老球迷，但支持切尔西，也非常欣赏曼城的足球。   - 提到下单买地球仪，并说“接着肠”（接上话题），为后续闲聊铺垫。  - 关键概念:   - 无正式术语；属于直播闲谈，核心是建立轻松氛围与表达“独立自主”的个人态度。  ---  ### [球鞋群往事与播放歌曲] (00:03:44 - 00:11:12)  - 核心内容:   - 回忆以前“球鞋二四群”里的往事，有群友问“不整一个尊戒吗”，他回答“尊乐就行”，表示自己追求简单。   - 回应弹幕“佛州小鳄鱼”“过期会员”等粉丝留言，提到“C三七加重测”“金牛座发S有难度”等球鞋圈黑话，表示理解。   - 播放歌曲《无人扶我凌云志》（歌词含“他们都看不起我，偏偏我不争气”等），并说这首歌本来准备明天直播放，今天从聊球就开始放，让大家猜原因，目前没有人给出正解。  - 关键概念:   - “尊戒/尊乐”：球鞋圈梗，指某种球鞋型号或等级，表达“不追高端、简单就好”的态度。   - 歌曲暗示：为后文引出“反内卷”主题埋下伏笔。  ---  ### [引出反内卷主题] (00:11:12 - 00:14:28)  - 核心内容:   - 解释放歌原因：为了让大家记住三个字——“反内卷”，接下来市场的逻辑新增了一个关键词：大A反内卷。   - 指出不要以为大A
====SEG==== SESSION:20250712加餐聊会儿 SEG:直播回放_2025-07-12_22-44-59_summary TSIZE:59948	### [N型结构的本质与洗盘逻辑] (00:00:00 - 00:04:40)  - 核心内容:   - 明确交易中赚的是什么钱：赚的是"第一波填坑的钱"。如果后续赶上主力主升阶段（如连续涨停），那是额外收益，拿着走即可，不要轻易下车，等高位再考虑离场。   - **N型结构的本质**：主力资金（麒麟会/机构）在连续拉升过程中，需要不断完成市场流通筹码的交换。每到一个阶段，都要将底部低位的跟风盘筹码成本，抬高到当前价格位置附近。这是为了不断抬高跟风盘的持仓成本。   - 以十块拉到五十的票为例：如果拉到三十块钱时，市场还有70%筹码成本在十块，那拉到五十时，这些底部筹码就会抢先出货，主力就成了抬轿子的。所以必须在拉升过程中通过**呼吸（回调）**方式，让底部筹码换手到更高成本区。   - 具体案例：米儿从五十九洗到三十六，就是为了洗掉三十六到五十九之间的所有跟风盘（主力洗盘通常以支撑位为参考）。洗完后一个月直接拉升起来。但成本为负（六块、七块）的人永远洗不走，因为他们的成本足够低，可以看着长期预期（如M8）拿五年。  - 关键概念:   - **N型结构**：股价走势呈现"低点-高点-低点-高点"的N字形态，是主力不断抬高市场对手盘跟风成本的必然结果。   - **第一波填坑的钱**：股价从坑底修复到前高的这一段收益，是最确定性的收益。   - **呼吸**：主力在拉升过程中主动回调，实现筹码交换的动作。这样市场跟风盘的成本就能不断被打高。  ---  ### [认知提升与赛赛走势分析] (00:04:40 - 00:09:20)  - 核心内容:   - **认知决定操作*
====SEG==== SESSION:20250716百战案例砸实基本功（晚八点半开） SEG:直播回放_2025-07-16_20-12-21_summary TSIZE:103787	### [开场与百战案例预告] (00:00:00 - 00:05:36)  - 核心内容:   - 老师开场表达“生气”的情绪：后台收到大量自称“做成了”的作业，但真正需要关注的是那些反复犯错的学员。本次直播定位为“补习班”，用“百战案例”来教学，目标是“读书百遍，其义自现”“百战成精”。   - 预告本周前三天带人实操短线，收益约6%，强调是纯真实案例分享，会演示如何选股、执行、处理持仓；提到“固态”股票（B一买入后不涨）该如何应对——拍掉、下一批，不恋战。   - 强调近期市场机会多，但轮动快、没有主线，很多涨停的是平时无人关注的“垃圾股”，因为前期热点（如新交费、创新药龙头）已炒高，资金只能在低位找标的。   - 提醒学员要“踏踏实实”，不要因为抓到一两个涨停就“吧唧嘴”；学会等待，等待回调、回踩、震荡区间的顶底。  - 关键概念:   - 百战案例：大量实战交易案例的复盘，用于纠正交易纪律和认知。   - “B一买的固态一直不起”：指按少妇战法B一买点买入后股价不涨，应按纪律放弃或止损，不要死扛。  ---  ### [市场现状与三种散户心态] (00:05:36 - 00:11:12)  - 核心内容:   - 剖析当前散户的三种常见心态：     1. 前期潜伏的票没轮动到，或者轮动前就卖了，感觉踏空。     2. 按纪律做少妇战法的票，B一进去后不赚钱，看着别的股票涨，难受，“没赚就是亏”。     3. 自己知道做错了：不止损、追高、赢转亏不平、下跌还补仓。   - 安慰学员：水平不足很正常，就像小学生不会做高考题；不要因此懊恼，而要通过学习和实践逐步提升。
====SEG==== SESSION:20250716百战案例砸实基本功（晚八点半开） SEG:直播回放_2025-07-16_22-12-25_summary TSIZE:103763	### [交易纪律与首个案例复盘] (00:00:00 - 00:15:24)  - 核心内容:   - 短线交易一律不加仓：右侧交易不能转成左侧，右侧就是右侧，平了就是平了。如果做长线且有信心可以持有，但不能违反交易纪律后抱怨。   - 止损设置原则：买入后若无依无靠，可以以BBI线或买入当天K线最低点为止损依据。案例中某票买入价30.43元，目标价34元，止损设在BBI线30.21元，向上约3.5元、向下约0.22元，盈亏比约15:1，因此值得买入。   - 破位必须走：放量跌破止损位（BBI线）时必须短线离场，不要因为浮亏小或“双BBI”等原因加仓。案例中第二天放量跌破止损位后，当天只跌0.96%，加上前一天0.33%，合计约1.2%，对小仓位净值影响很小。   - 市场没有证明你是对的时候，你就是错的：买入后预期反弹，若连续几天横盘不涨、没有放量上攻，应果断拍掉，不要恋战。案例中买入后出现反转K线，但随后两个十字星在成本区附近徘徊，于是离场。  - 关键概念:   - 交易纪律：短线不越跌越加仓，右侧交易不改成左侧交易；到止损位必须执行。   - BBI线（多空指标）：用于判断持仓和止损的重要均线参考。   - 盈亏比：向上空间与向下风险的比值，一般需足够高（如15:1）才值得交易。   - 反转K线：缩量十字星等可能预示反转的K线形态，但需后续验证。   - 市场没有证明你对就是错：短线博弈反弹时，若买入后未按预期上涨，应离场而不是等待。  ---  ### [真实案例：三天6%的操作] (00:15:24 - 00:32:12)  - 核心内容:   - 天阳案例：
====SEG==== SESSION:20250716百战案例砸实基本功（晚八点半开） SEG:直播回放_2025-07-17_00-12-29_summary TSIZE:140909	我们被要求根据转录文本和话题分段生成详细的逐段笔记。转录文本很长，话题分段也给出了。我们需要为每个段落输出： ### [段落标题] (HH:MM:SS - HH:MM:SS) - 核心内容: 2-4 条详细要点，尽量保留具体细节（数值、名称、步骤、例子） - 关键概念: 本段提出的关键术语或概念及其解释  要求：信息完整，技术/教学类内容保留具体操作步骤和参数，中文Markdown。  我们要基于转录文本，但要按照给定的时间段落来组织。注意转录文本中时间戳并不完全对应话题分段的起始时间，但我们可以根据内容大致判断。我们需要为每个话题段落生成笔记，确保内容属于该时间段。  需要理解转录文本内容，提取每段核心要点。转录文本是一个视频直播课程，关于“少妇战法”的股票交易方法。里面有很多口语、脏话、类比。我们需要整理成有条理的笔记。  话题分段如下： - [00:00:00 - 00:01:24] 开场：强调纪律与耐心 - [00:01:24 - 00:04:40] 少妇战法六步回顾与总纲 - [00:04:40 - 00:08:24] 钩大负值定义与三波循环细节 - [00:08:24 - 00:12:08] 建仓波本质与连续下跌不碰原则 - [00:12:08 - 00:17:16] 三种涨停形态对比：大坑三连板与一波流 - [00:17:16 - 00:22:24] 标准建仓波案例与一波流风险 - [00:22:24 - 00:28:28] 偏门玩法：双马尾大阴线涨停法 - [00:28:28 - 00:33:36] 新股盘口与背后大哥逻辑 - [00:33:36 - 00:40
====SEG==== SESSION:20250720闭门会bbb SEG:直播回放_2025-07-20_23-15-13_summary TSIZE:102784	### [开场闲聊与玩笑] (00:00:00 - 00:03:44)  - 核心内容：   - 直播开场，主播与观众互动，提到“上二楼”“包间”“回家”的感觉，并调侃自己是“东莞巅峰时期”的梗。   - 与观众开玩笑：主播说“老板有熟悉的技师吗？我我不行吗？我能吹会唱”，以幽默方式活跃气氛。   - 聊到吃饺子：主播爱吃玉米猪肉馅，但妈妈只会包白菜猪肉；有观众点菊花茶加冰糖，主播说“先聊正事，先别进来”。   - 结尾提到“这吃的都是母爱的饺子”，并提醒魔羯男追水瓶女可能“上赶着容易被动”。 - 关键概念：   - 无明确知识点，以直播氛围营造和娱乐互动为主。  ---  ### [A股时间分布逻辑] (00:03:44 - 00:08:24)  - 核心内容：   - **A股时间分布**：历史上约66%的时间是“垃圾时间”（低波动、阴跌或小阳震荡，无赚钱效应）；约24%的时间波动相对大但向下波动小，适合舒服赚钱；约10%的时间波动率极大，尤其向上波动大，向下波动也大。   - 散户真正亏钱往往发生在10%的高波动时间：追涨、被假突破骗、被大幅波动洗走；而在24%的舒适区容错率高，更易赚钱。   - 用个股举例：一只票拿十天八天不动，刚卖掉就连拉阳线甚至涨停，形象说明A股时间分布规律。   - 应对策略：在24%时间容错率高可敏感操作；66%时间要么拿住不动，要么用少妇战法（后续会讲）找强势股；10%时间尤其要警惕，因为波动大容易亏钱。   - 提示：加速阶段要“拿狙不动”，不要被洗盘震出。 - 关键概念：   - **垃圾时间**：指市场低波动、无赚钱效应或持续阴跌的时间
====SEG==== SESSION:20250720闭门会bbb SEG:直播回放_2025-07-21_01-15-17_summary TSIZE:58761	### [破位洗盘与抄底资金] (00:00:00 - 00:00:56) - 核心内容:   - 破位下跌是为了制造恐慌，吓走抄底的增量资金。案例中提到某只股票破位后放量，有人误以为是私募建仓而买入赌反弹，结果第二天继续洗盘，甚至连续洗两三天；若还不走，就一路下跌逼你止损。止损后股价马上又拉回，说明破位是洗盘手段。   - 成交量放大的原因正是恐慌盘和抄底盘交换筹码；散户被洗走后，庄家（麒麟会）才能拿到更便宜的筹码。 - 关键概念:   - 破位洗盘：主力通过跌破关键位置引发恐慌，清洗抄底资金和短线浮筹，为后续拉升创造条件。  ### [建仓波、止损位与结构区分] (00:00:56 - 00:02:20) - 核心内容:   - 震荡区间中，所有放量上涨的波段应视为"建仓波"。实例中某股票因半年报消息杀跌到前期平台附近，止损位设在下方约128元位置。   - 区分"SB一"与"N型结构破位"：SB一是回调波段中小横盘后的破位，而不是N型结构创新低之前的位置。该案例是流畅下跌，属于N型结构尚未跌破，暂时不能称为SB一。   - 如果后续价格跌破该N型结构低点，则应离场；否则继续持有观察。 - 关键概念:   - 建仓波：震荡区间内放量上涨的波段，代表主力在建仓。   - SB一：N型结构回调中小横盘平台破位形成的买点。   - N型结构：股票走势中形成的高点-低点-更高高点-低点的结构，用于判断趋势和买点。  ### [长线短线策略与止损位设定] (00:02:20 - 00:05:36) - 核心内容:   - 长线策略：如果持有的是小米、华为、比亚迪这类未来核心标的，即使
====SEG==== SESSION:20250723麒麟会如何运作一个票？（周三晚八） SEG:直播回放_2025-07-23_20-10-25_summary TSIZE:103198	好的，这是根据您提供的视频转录文本和话题分段生成的详细逐段笔记。  ### [开播寒暄与虚惊一场] (00:00:00 - 00:05:08) - **核心内容**:     - 主播因直播平台技术故障（无充电直播选项、直播间不可见）而一度担心账号被封，最终恢复正常，虚惊一场。他幽默地提到“聊个麒麟会”不至于被封。     - 与观众热情互动，询问各地观众状态（广东、上海、四川、北京等），问候许久未见的“冷月妹妹”等粉丝。     - 提到本周市场表现让持有核心标的（如“发仔”）的投资者感到“惬意”，并调侃一些用户“发炎了”、“发神了”。     - 核心观点：本周行情只是“未来大牛市十分之一级别的预演”，让观众记住这种从胜利走向胜利的感觉。 - **关键概念**:     - **麒麟会**: 本视频的核心概念，指代市场中运作个股的“主力”或“庄家”群体，是主播对市场背后力量的拟人化称呼。  ---  ### [行情预热与各地互动] (00:05:08 - 00:09:48) - **核心内容**:     - 主播持续与各地观众互动，用方言调侃（如南京话“屌的一逼”）。     - 针对观众提问，强调“发仔”是核心标的，应拿住不动，不要因为短期波动而卖出。     - 批评“满仓”行为，指出人性贪婪（“没有把房子卖了”），认为这是心态关，过不去就没戏。表扬买恒科赚钱的“队长”。     - 再次强调记住当前“赚钱的感觉”，并指出冲高回落不应令人不满意，因为前期涨幅已大。 - **关键概念**:     - **核心标的**: 指主播长期看好的、建议投资者作为底仓长期持有的股
====SEG==== SESSION:20250723麒麟会如何运作一个票？（周三晚八） SEG:直播回放_2025-07-23_22-10-29_summary TSIZE:95849	### [麒麟会与游资的盘面区别及B一买点] (00:00:00 - 00:08:52)  - 核心内容:   - 盘面流畅度是区分麒麟会（主力）与游资的关键：麒麟会主导/允许的上涨，因锁仓良好而走势流畅；游资后期“搏傻”阶段则显得“别别扭扭”、不流畅。   - 判断长期还是短期，要看整体结构：将高点连线，若一眼呈现“N型结构”，且前期虽丑但顶部不放量，则可能是腰股的基础。腰股的出现往往是麒麟会与游资形成共振的结果。   - B一买点要与大、小结构结合：大结构在底部，小结构经过下跌、缩量反弹，随后出现放量建仓波和缩量洗盘，此时回调产生的B一才是标准买点。   - 以案例说明：某票在九二四之前已有主力运作，放量突破大坑后回踩，该位置选出的B一“一买就涨”；当日长上影是因大盘敏感，主力志在长远主动缩回。  - 关键概念:   - 麒麟会：指有组织、有计划的坐庄主力，善于锁仓和控制盘面节奏。   - 游资：短线资金，操作急促，盘面常出现不连贯、不流畅的特征。   - B一买点：建仓波结束后的第一次回调买点，是“少妇战法”中的标准介入点。   - N型结构：高点连线构成类似N的形态，是识别主力运作规律的重要视角。  ---  ### [假突破、四分之三阴量线与一波流识别] (00:08:52 - 00:19:36)  - 核心内容:   - 做票最重要的是“应对”而非“预判”。若买入后出现假突破，需及时识别。   - 真正的突破（特扑）不回头，不给回调机会；突破后若出现“四分之三阴量线”（放量阴线，量能达到前一日突破量的四分之三左右），大概率是假突破，成功率约70%-80%。   - 
====SEG==== SESSION:20250723麒麟会如何运作一个票？（周三晚八） SEG:直播回放_2025-07-24_00-10-33_summary TSIZE:93196	### [大阴线擒恶庄与B1经验] (00:00:00 - 00:02:20)  - 核心内容:   - 通过“大阴线”捕捉恶庄股：恶庄在连续小涨后突然崩盘杀出大阴线时，是介入机会；要“装孙子”在阴线等着它。   - 恶庄特征：在大盘没有机会时，通过连续无量上涨来回做差价，吃人“连骨头都不吐”，不给任何机会，不让任何人赚钱。   - 警告：见到“涨停无量”的股票要放弃；若非要操作，至少要求无量涨停前的量能是前面倍量，否则风险极大。   - 案例股票从某位置开始“逆歪歪出货”，走势难受，被判定为“太坏了”的庄股。 - 关键概念:   - **恶庄**：反复做差价、极端控盘、不让散户赚钱的庄家。   - **大阴线擒庄**：在恶庄制造的恐慌大阴线处等待买点。   - **涨停无量**：涨停时成交量极小，说明庄家高度控盘，散户难有获利机会，通常应回避。  ---  ### [无价值形态与主力出货完毕] (00:02:20 - 00:03:16)  - 核心内容:   - 有些股票“毫无价值”，即使出现B1买点也不应参与；建仓波结束后拉一根就结束，主力第一波已出货完毕。   - 若后面没有新资金进场换庄，该股基本“做完了”，不会再有大行情。   - 历史走势显示“一、二、三”三次波段做完，属于反复做波段的老庄，与中泰（案例）同理。   - 跳空缺口没有回补，说明没看懂盘面；跳空后未继续攻击是重要警示。 - 关键概念:   - **无价值形态**：建仓波完成后只拉一波就结束、主力出完货的形态，后续缺乏新主力运作。   - **老庄**：长期反复做波段的庄家，波段完成后往往不再有趋势性机会
====SEG==== SESSION:20250730重要的防卖飞策略（周三晚八） SEG:直播回放_2025-07-30_20-00-34_summary TSIZE:99986	### [开场互动与行情背景] (00:00:00 - 00:04:40) - 核心内容:   - 主播刚跑完10公里，晚上八点开始直播，今天特意打灯改善画面亮度。回应上周说“选不出来”的质疑，称自己正处于“当打之年”。   - 本周五、周一、周二启动的个股多为补涨性质，操作难度大，快进快出可以，但与前两周的强势股相比更棘手。今天市场属于“只涨指数不赚钱”，涨跌比不友好。   - 直播主题定为“防卖飞策略”，是因为行情阶段变化：前两个月重点是防守和止损，而现在趋势转强，进入“牛市多急跌”阶段，主力常采用盘中洗盘或隔日洗盘。 - 关键概念:   - 牛市多急跌：牛市趋势中急跌是常态，急跌往往对应盘中洗盘或隔日洗盘，而非趋势反转。  ### [为何要讲防卖飞策略] (00:04:40 - 00:08:24) - 核心内容:   - 防卖飞策略是“少负战法”的重大补丁，价值一千两百万，源于主播大徒弟在幸福蓝海上卖飞，少赚约1000万。该徒弟前一天还收到微信提醒次日可能有盘中洗盘。   - 大盘上涨趋势中，主力洗盘方式多样：拉上去往下砸、往下压着洗、或开盘快速下洗，难以提前预判。   - 现阶段急跌多，但最后一次肯定是真出货——特征是放巨量的大阴线。只要没有放出巨量/天量的快速下杀，现阶段都可以当作洗盘看待。 - 关键概念:   - 巨量出货：判断出货的核心标志是“大阴线+放巨量”；未满足该条件的下杀视为洗盘。  ### [用足球比喻强调踏空之痛] (00:08:24 - 00:13:04) - 核心内容:   - 主播表达对大徒弟卖飞幸福蓝海的愤怒，类比为“梅西过掉门将面对空门却把球
====SEG==== SESSION:20250730重要的防卖飞策略（周三晚八） SEG:直播回放_2025-07-30_22-00-38_summary TSIZE:99607	我们是被要求根据视频转录文本和话题分段，为每个话题段落生成详细的逐段笔记。用户提供了转录文本和话题分段列表，需要按照每个段落输出核心内容和关键概念。  需要处理的是很长的转录文本，时间戳与话题分段对应。转录文本中有很多口语、俚语、脏话，需要整理成信息完整的笔记。注意要求“信息完整，宁可多写不可漏掉关键知识点”，“对技术/教学类内容，保留具体操作步骤和参数”，“用中文输出 Markdown 格式”。  话题分段有17个段落，从00:00到02:00:00。转录文本长度很长，我们需要为每个段落总结核心内容，提取关键概念。需要仔细阅读转录文本，找到对应时间范围的内容。  由于文本很大，我们需要分段处理。根据话题分段，我们可以定位转录文本中的大致位置。转录文本是连续的，没有明显的段落标记，但我们可以根据时间戳大致估计。因为转录文本本身没有时间戳，所以需要靠内容匹配。用户给出的转录文本中每几行就有时间标记，如[00:00:00]、[00:00:28]等，这些标记可以帮助我们对应话题分段。我们可以依赖这些时间标记。  转录文本中的时间标记大约每隔几十秒出现一次。话题分段的时间点正好在这些标记附近。因此我们可以按时间标记将转录文本分段。  我们首先列出话题分段及其时间范围： 1. [00:00:00 - 00:02:48] 持股信心与强庄股特征 2. [00:02:48 - 00:07:28] 持有检查：不在下杀中卖出 3. [00:07:28 - 00:12:08] 缩量小阴线是正常洗盘 4. [00:12:08 - 00:17:16] 核心：看日线收盘价是否提高 5. [00:17:16
====SEG==== SESSION:20250730重要的防卖飞策略（周三晚八） SEG:直播回放_2025-07-31_00-00-42_summary TSIZE:61342	### [开场：赚钱要有尊严] (00:00:00 - 00:01:24)  - 核心内容:   - 主播表达对某些市场操纵行为（“备案SM”、“打一折”）的厌恶，认为散户赚钱要“有尊严”，不赚“跪下舔着”的钱。   - 提醒做盘的人“做人留一线，日后好相见”，不要做“生孩子没屁眼”的事；否则老了以后没人扶、坐《论语》（此处为情绪化表达）。   - 态度：如果明天真给“一折”，这钱不要、不玩了；亏损（五个点、八个点）就走，不逼自己。 - 关键概念:   - 此处主要是价值观/心态表达，无技术术语。  ---  ### [个股点评与评分体系（一）] (00:01:24 - 00:09:48)  - 核心内容:   - 点评个股：某票连续买入（B一）后多次止损，最多亏损5.33%；主播认为这种图形“压着出货”，不应买入。   - 介绍“阶梯量”概念：阶梯量如果顺势才是好形态；该票是阶梯量下到低位后横盘缩量，但与前一个提问案例的区别在于“集体缩一排小量”的细节。   - 针对另一持有票：B一买入后浮盈6.93%，当前评分是“BBI + 阴线三分”，属于“奄奄一息”状态——可上可下，没有概率优势。   - 评分体系的描述：三分=奄奄一息；两分=基本完蛋；一分=已经残了；零分=已经死了；四分=有火；五分=还行。   - 操作建议：如果明天收一根小阴线然后“B一”反包，还可看；否则可能跌回成本甚至止损。   - 案例：某票死叉，三分“奄奄一息”，接近破位；如果下一根继续跌，就“回到解放前”，只能看止损。   - 强调买入依据：必须是“下来缩量横住”，低点设止损，跌破就走；否则就不该拿。  
====SEG==== SESSION:20250806大盘调整期如何找到强壮宝宝（周三晚八开） SEG:直播回放_2025-08-06_20-00-07_summary TSIZE:113694	### [开场问候与粉丝互动] (00:00:00 - 00:04:40) - 核心内容:   - 主播格里南开场与粉丝互动，直播开始一分钟在线人数从七千迅速涨到一万多，感叹"小别胜新婚"   - 提到上一场直播是周三，周末停播了一场；播放背景音乐，确认音量合适；有粉丝提及"第七季"台词"诸位可愿为本帅俯首"   - 现场氛围互动：粉丝刷弹幕"参见不良帅"（源自《画江湖之不良人》） - 关键概念:   - "在家军"：主播对其粉丝群体的称呼   - "不良帅"：粉丝对主播的昵称  ---  ### [回顾上周末观点与画图预测] (00:04:40 - 00:08:24) - 核心内容:   - 上周末停播是因为"该说的都说了，该讲的都讲了"，此前已给出大盘和发仔（某港股）的走势图预测   - 发仔实际走势与预测图"一模一样"：中阴线下来后打到BBS线企稳，反弹上影线、顶线都精准画出来了；港股发仔昨天收中阳线   - 大A走势本应类似，但券商是工具、被人为限速，因此走得"腻腻歪歪"；趋势形成后，后面无非是慢慢磨   - 批评粉丝追高"中国电键"——之前专门讲过不要碰，但有人没听；另外有人把"假阴真阳"误认成"绿帽子"而踏空，主播建议"再去把之前的录播看一百遍" - 关键概念:   - "发仔"：某港股券商股的昵称   - "BBS线"：技术分析中的一条支撑线   - "假阴真阳"：K线看起来是阴线，实际是上涨（收盘价高于前收盘）  ---  ### [澄清误解并介绍今日内容] (00:08:24 - 00:14:28) - 核心内容:   - 今日直播分三部分：①分享最新市场动态
====SEG==== SESSION:20250806大盘调整期如何找到强壮宝宝（周三晚八开） SEG:直播回放_2025-08-06_22-03-31_summary TSIZE:107634	### [B站防盗播与大盘调整的总逻辑] (00:00:00 - 00:09:20)  - 核心内容:   - B站有防黑产、防盗播机制，外部同步转播会被平台处理；直播内容不应被随意搬运。   - 大盘每次调整的本质是市场资金切换行为：主力会拉“散户少”的地方，通常是全新的概念，例如近期炒的不是机器人本身，而是“机器人的电子皮肤”（PEEK材料）。新概念因散户认知少、没有大量提前布局者，容易成为拉升对象。   - 已炒过、共识度高的概念，主力会在散户多的地方出货；散户是“对手盘”而非特指某个人。指数上涨并不代表所有股票上涨，例如从6月23日反弹以来，中证2000涨13%-15%、中证1000涨11%、创业板涨10%，但上证指数只涨3.9%，实际是个股权重分化拉抬的结果。   - 应对策略不是抱怨市场，而是“B1及时切换”：在B1位置买入，与这一波主力的成本接近；分散压5个B1，至少能压中一个；止损出来后要切换到新的强势B1。  - 关键概念:   - B1（B一）：某种买点信号/位置，通常指调整到相对低位、主力成本附近的关键买点。   - 对手盘：主力出货或吸筹时对应的交易对手方，普通散户可能成为对手盘。   - 资金切换：大盘调整时，资金从老概念撤出，进入新概念板块的行为。  ---  ### [大盘回调期定义与气弱留强原则] (00:09:20 - 00:17:44)  - 核心内容:   - 大盘回调期定义：从指数高点（如“钩100”）开始往下杀，一直到企稳反弹的完整波段。指数可能经历“一上一下再一上”后回到原点，但个股钱没了，这就是主力的“魔术”。   - 总原则：“气
====SEG==== SESSION:20250806大盘调整期如何找到强壮宝宝（周三晚八开） SEG:直播回放_2025-08-07_00-03-35_summary TSIZE:108039	### [B一选股与板块轮动观察] (00:00:00 - 00:05:07)  - 核心内容:   - **B一策略的时间效应**：周一选出的B一票，第二天平均涨幅为0.25%，第三天（即周二）为0.54%，涨幅随时间递增。说明B一选股具有持续性，第二天涨停概率约为1/200，第三天则提升至2/200甚至更高，涨幅5%以上的概率可提升至1/7至1/5。   - **板块筛选**：周一B一选出的板块包括地产（不看，因走势差且多放量大跌）、建筑工程（不看，同样受雅江相关个股放量大跌拖累）、券商（可关注，信达证券形态最好，放量上涨后缩量整理）；煤炭、钢铁、小金属（铜陵有色拉涨停）等板块出现牛股概率大。   - **案例：信达证券**：昨日涨6.7%，今日继续涨3.44%，形态好，顶部横盘区域无量，是券商板块中表现最好的。   - **结论**：在调整差不多的板块中，总会有一个“大哥”出来领涨，坚持在B一池中选股，选到牛股的概率远高于市场平均。 - 关键概念:   - **B一选股**：从特定选股策略中筛选出的第一类备选股票池。   - **B一池**：每日选出的股票集合，其中板块分布和个股形态是后续筛选的关键。  ### [高低切换与选股逻辑] (00:05:08 - 00:10:16)  - 核心内容:   - **概念分布看高低切换**：当B一选股池中，高位板块（如创新药）和低位板块（如化工、钢铁）同时大量出现时，需要思考如何分配仓位，倾向于选择低位的板块。   - **案例：美的西 vs 华鲁恒升**：同为B一票，选择低位化工股华鲁恒升（今日涨1%-2%），而放弃高位的美的西
====SEG==== SESSION:20250813内部交流 SEG:直播回放_2025-08-13_20-01-04_summary TSIZE:102298	### [开场歌曲与闲聊] (00:00:00 - 00:01:24) - 核心内容:   - 直播以歌曲《西楼儿女》开场，主播提到后台私信调性，用“这哥救我”表达对歌曲的共鸣。   - 调侃观众“抢鼠标”等互动，引出当天市场话题。 - 关键概念: 无  ### [港股发载与A股画图回顾] (00:01:24 - 00:02:48) - 核心内容:   - 回顾此前为港股“发载”画的两张图：一是阴线企稳后上影线中阳创新高；二是回调后连续小阳线创新高。   - 强调A股和港股走势基本符合预期，事后验证了这两张图。   - 有观众提到“发载现在劝你二十个点”，主播回应后面会越来越慌。 - 关键概念: 技术分析画图：通过预设两种可能的走势形态（中阳创新高、小阳磨高）来跟踪行情。  ### [西楼比喻与市场热度] (00:02:48 - 00:04:40) - 核心内容:   - 用“西楼”比喻市场中的热门板块或场所，询问多少人去过西楼，引出“队长”称号的含义——球队中流砥柱，任何时候都值得相信。   - 将当天市场比作“小万豪”，即一组十个标的中能挑出五六个强势的；而“巅峰万豪”（九二四行情）是十个股里九个都行，甚至三组都能做。   - 提到“小小招不行”时，指出强弱势是相对的，不同时间段同一标的的表现会不同。 - 关键概念: 万豪比喻：用酒店里妈咪带队的质量来类比市场热点板块的强度和轮动，九二四=顶级万豪，当天=小万豪。  ### [轮动行情与机构入场] (00:04:40 - 00:07:00) - 核心内容:   - 当前处于“热身阶段”，不用着急。以前五六月是固定一组标的在不
====SEG==== SESSION:20250813内部交流 SEG:直播回放_2025-08-13_22-01-08_summary TSIZE:95003	### [多因子选股案例回顾与执行纪律] (00:00:00 - 00:06:32)  - 核心内容:   - 回顾7月21日选出的案例：实验院后续最高涨幅超69%（红点为选股日），幸福蓝海走出接近150%的行情，一通新材最高约25%，北玻最高约19%。白甲科技也入选，后续最高涨幅约20%。强调每个案例若能吃到一段利润已足够，不追求吃满全部涨幅。   - 复盘选股工作流：初选池可通过通达信/同花顺等软件完成，无需手动；抓数据与清洗数据只需自定义规则（如止损三次规则、防卖飞规则）；打分环节可人工打分（如5个条件各20分），但速度不如机器。   - 指出执行纪律的关键：即使选出了股票，主观交易也常因盘中波动拿不住。例如少负战法或程序化交易可在跌破2日线/出现长上影时再卖出，能吃到大段利润；但主观操作容易在下跌或涨停打开时被甩下车。   - 核心理念：应尽量减少主观情绪干扰，将交易规则交给电脑执行，用规则消解不确定性。 - 关键概念:   - 少负战法：一种趋势跟踪卖出规则，跌破特定均线（如2日线）或连续下跌后卖出。   - 防卖飞策略：防止过早卖出强势股的规则体系。   - 执行纪律：交易计划一旦确定，应避免盘中情绪干扰，按规则执行买卖。   ### [多因子模型与历史案例复盘] (00:06:32 - 00:15:52)  - 核心内容:   - 演示7月18日选股结果：智洋创新78分、华设74分、中研71分。智洋创新次日涨5.95%，后续冲到28.00元附近；华设高开低走后出现10%涨停但伴随巨阴，区间涨幅约13.6%；中研化工次日振幅8.53%，收盘涨约5%。   - 8月7
====SEG==== SESSION:20250813内部交流 SEG:直播回放_2025-08-14_00-01-12_summary TSIZE:67650	### [核心逻辑：移动与B一战法] (00:00:00 - 00:02:20)  - 核心内容:   - 强调“移动”战法的核心价值：每天坚持翻图、识别异动，配合“少负战法”，足以长期盈利。   - 用宁波韵升、小薇等实例说明标准形态：股价沿60日线运行，庄家先“稳一手”，随后出现放量上涨（移动），再缩量回调，量能回到“低量”或“大副值”附近，此时即为B一买点。   - 指出“大副值”与“阶段地量”并非严格一一对应；但如果回调位置恰好同时满足大副值和阶段地量，则属于“完美”图形。   - 强调买卖点要灵活：高点、低点不必过分较真，关键是移动后的缩量回调买入。 - 关键概念:   - **移动**：股价经过长期横盘或温和上涨后，突然出现放量拉升，往往代表主力资金开始行动。   - **B一**：移动后第一次回调到关键支撑位（如大副值、低量、均线附近）的买点。   - **大副值**：通达信等软件中的一种指标或量能区域，代表成交量萎缩到较低水平。   - **阶段地量**：一段时间内成交量的最低水平，与“大副值”可能重合但非必然。  ---  ### [确定性交易与止损纪律] (00:02:20 - 00:05:08)  - 核心内容:   - 以具体案例说明“移动后回调B一”是盈亏比很高的确定性交易：先看前高或前巨量的一半，比如案例中先看22.68元，到达后冲高回落，已经完成目标。   - 买入后必须设止损；如果N型结构发生变化（如放量下跌），说明拉升波结束，应果断离场，不要问为什么。   - 强调A股不讲道理，只能做概率；在不确定中寻找确定性，该位置就是确定性。   - 只要
====SEG==== SESSION:20250819如何买到当日最强？（周二晚八开） SEG:直播回放_2025-08-19_20-00-34_summary TSIZE:103208	### [开场闲聊与调课说明] (00:00:00 - 00:04:40) - 核心内容:   - 今天直播是把周三的课调到周二，原因是明天国安有足协杯半决赛，对阵云南玉昆   - 主播回应弹幕：提到“踏空”“套牢”等情绪化表达，提醒新人不要盲目追港股   - 因北京暴雨外卖刚送到，边吃饭边等观众入场，闲聊氛围轻松 - 关键概念:   - 调课机制：因赛事冲突临时调整直播时间  ### [聊B站动态与彩釉酒] (00:05:08 - 00:07:28) - 核心内容:   - 昨天在B站发了动态，内容是关于彩釉酒和精品酒的购买建议；主播再次强调自己刚又买了一箱彩釉，价格20050元（上上周是20055元，又跌了5块）   - 建议：彩釉值得买，精品没必要——“普通台子放五年就精品了”，精品贵五百多没必要   - 互动提醒：问的是B站动态，不是微博（B站才有动态功能）；有老粉提车，主播调侃其是新粉 - 关键概念:   - 彩釉酒与精品酒：白酒收藏/饮用的性价比选择逻辑  ### [昨日行情回顾与牛市体验卡] (00:07:28 - 00:10:44) - 核心内容:   - 昨天行情很好，主播形容为“未来牛市体验卡”——昨天和上周五是未来牛市走流畅后的daily performance   - 一定要记住昨天和周五的感觉，即“从胜利走向胜利”   - 昨天的涨跌比是2.66:1，意味着约三分之一的票在跌；按市场分布，主播估计观众中约四分之一的人昨天是下跌的   - 如果持有4只股票的配置，整体上应该能跑赢市场；但如果昨天亏钱，要反思 - 关键概念:   - 牛市体验卡：行情好的日
====SEG==== SESSION:20250819如何买到当日最强？（周二晚八开） SEG:直播回放_2025-08-19_22-00-38_summary TSIZE:105197	好的，我是专业的视频课程笔记整理助手。已仔细阅读您的视频转录文本和话题分段，并严格按照您的要求，为每个话题段落生成了详细、结构化的逐段笔记。  以下是整理好的Markdown格式笔记：  ---  ### [开场：不要改变股票，要换票；配置思维] (00:00:00 - 00:03:16) - **核心内容**:     - **不要试图改变一个股票，而是要换个票**。不要花大量时间研究买入后不涨的个股，这毫无意义，直接卖出换股。     - **核心目标是赚钱，而不是和某只股票“结婚”**。谁带你赚到这10%并不重要，重要的是赚到钱本身。要有“好男儿志在四方，公主们全在包厢”的心态，不行就换下一批。     - **强调“配置”思维**。不要单押一个板块，建议同时配置科技、固态电池、稳定币、白酒、银行等不同板块的龙头个股，以此实现“天下无敌”的对冲效果。券商个股可换成ETF，用组合穿越牛熊。     - **牛市容错率高**，可以适当放宽选择标准；但熊市或市场见顶后必须严格选股和择时。 - **关键概念**:     - **配置思维**: 通过持有不同板块的资产来分散风险，实现组合内部的攻守兼备，是穿越牛熊的关键策略。     - **换票不换股**: 当股票走势不符合预期时，应对方式是果断放弃并更换标的，而非执着地研究和等待。  ### [只选最美，只选完美图形] (00:03:16 - 00:08:24) - **核心内容**:     - **只选最美，宁缺毋滥**。只选择技术形态最完美、最具吸引力的股票，就像选美只选杨幂、迪丽热巴、古力娜扎、佟丽娅这个级别的。   
====SEG==== SESSION:20250819如何买到当日最强？（周二晚八开） SEG:直播回放_2025-08-20_00-00-42_summary TSIZE:129543	好的，我是专业的视频课程笔记整理助手。我已仔细分析您提供的视频转录文本和话题分段，并为您生成了详细的逐段笔记。  ### [SB1持股与止损规则答疑] (00:00:00 - 00:03:16) - 核心内容:     - 明确了SB1买入后的持股逻辑：若买入后既未拉升也未触及止损，且继续看好且无更优标的，则继续持有，直至要么触发止损离场，要么股价上涨。核心是“要么打我止损，要么就给我涨上去”。     - 补充了两条止损细则：“高手”策略（针对能盯盘的短线交易者）：若买入后第二天该涨不涨，在成本区附近（上下0.5%）震荡或微亏，应果断拍掉，不等。因为市场没有证明你是对的，就是错的。此策略源自《华尔街幽灵》，针对期货市场高手。     - “非高手”策略（针对无法盯盘者）：SB1买入后，给予3个交易日（Day One/Day Two/Day Three）的时间窗口，若仍未脱离成本区且未打止损，可多等一天。两策略因适用人群不同而不矛盾。     - 讲师对课程难度有心理预期，认为两万多观众最终能留下的核心学员（“御林军”）可能只有三千人左右。 - 关键概念:     - **防麦飞策略**：即防止卖飞股票的应对策略，包括上述两种针对不同交易水平者的持股与止损纪律。     - **高手条款**：指代《华尔街幽灵》中的规则，强调市场未证明正确即为错误，适用于反应迅速、能盯盘的短线高手。     - **Day One/Two/Three**：用于清晰定义SB1买入后的持有天数，避免歧义。  ### [开场铺垫与杨浦分时案例] (00:03:16 - 00:08:24) - 核心内容
====SEG==== SESSION:20250824牛市未来如何逃顶？（周日晚八） SEG:10点半_summary TSIZE:49975	### [开场互动与观众盈利祝贺] (00:00:00 - 00:00:56)  - 核心内容:   - 主播与观众互动，有观众改名“Z真币”混脸熟，主播询问其之前的ID；另一位观众“此生终将财富自由”报告从三月跟学到上周五，账户盈利达到第一个100万，主播祝贺并强调坚持“四步原则”。   - 主播提到自己的ID不是幻想，观众“不良人”已集齐三倍色Z字兔，补了7月7号的板。主播提醒在场三万多人中还有约一千人踏空，要照顾他们情绪，做到“社会公平”。  - 关键概念:   - **四步原则**: 主播强调的投资方法论，未具体展开，但被作为盈利的核心依据。   - **封板/恶e意封板**: 观众互动中戏谑的弹幕行为，指故意在评论区刷屏支持主播，主播幽默回应这是“恶意封板”。  ---  ### [新视频推广与抽鞋预告] (00:00:56 - 00:02:20)  - 核心内容:   - 主播推广本周新视频“超级屏帝”，内容涉及行业副总“打名牌”（即打价格战），将产品价格压得很低。询问观众是否看了视频并求三连。   - 在观众支持下，求鞋视频依然是顶流，虽然全行业流量下滑。主播自嘲“我就是一卖鞋的”，不求扩圈，也没有大风的视频。   - 说明更新节奏：周日、周三发视频，不是直播。本期视频点了抽鞋活动，展示新鞋“赤焰”。  - 关键概念:   - **打名牌**: 行业术语，指头部企业主动掀起的价格战，用低价打击竞争对手。  ---  ### [抽鞋活动与经济周期讨论] (00:02:20 - 00:06:04)  - 核心内容:   - 主播快速进行抽鞋，设置一分钟一双的抽奖节奏，
====SEG==== SESSION:20250824牛市未来如何逃顶？（周日晚八） SEG:11点半_summary TSIZE:55370	### [妖股技术失效与双枪炮辨伪] (00:00:00 - 00:02:48)  - 核心内容:   - 以南天信息为例，指出纯技术图表分析对某些庄股已失效：主力可以随意操纵走势，想拉升就拉升，想跌停就跌停，不按常理出牌。例如B1抄底信号后，主力可能因跟风盘过多而反向打压。   - 强调“前面有涨停”的个股，尤其是缩量涨停后的图形，不能简单套用“双枪炮”等经典形态。本例中看似双枪炮的几天量价关系完全反了：该放量的日子缩量，该缩量的日子放量，属于骗线，应直接排除不看。   - 提醒如果B站APP黑屏无声音，可尝试更新哔哩哔哩客户端。 - 关键概念:   - 技术失效：当股票被庄家高度控盘后，常规技术形态不再有预测意义，走势完全由主力意图决定。   - 双枪炮（辨伪）：一种看涨形态，但必须满足严格量价关系；若量价顺序颠倒（放量/缩量位置错误），则是骗线，不可作为买入依据。  ---  ### [缩量涨停一律不碰：世家与凯恩案例] (00:02:48 - 00:05:08)  - 核心内容:   - 回顾上礼拜二讲过的“世家”案例：前面虽有假阴真阳但已放量，后续需要消化；若走得好应慢慢上来。该股上方出现长上影，早盘冲高是主力“自救”行为。   - 强调建仓波里尽量不要有涨停，尤其是缩量涨停。本次点名“世家”和“凯恩”两个案例，都是缩量涨停后走势恶化，导致跟进者被套。   - 结论：所有缩量涨停的票一律不做。不要因为看到前面放量、假阴真阳、B1信号就冲动买入，要先识别是否为缩量涨停的庄股陷阱。 - 关键概念:   - 建仓波：主力建仓阶段的K线组合，健康形态应温和放量、避免缩量涨停。
====SEG==== SESSION:20250824牛市未来如何逃顶？（周日晚八） SEG:12点半_summary TSIZE:69519	# 视频课程笔记：量价关系与顶部形态实战分析   ## 总体说明  本视频围绕**量价关系、MACD背离、顶部卖出信号（S级信号）** 展开，以"阿信"（某大市值券商股）为主线案例，系统讲解了从底部放量、底背离建仓，到拉升波、跳空缺口，再到顶部背离卖出（S一/S二/S三）的完整交易逻辑。同时讲解了小票与大票见顶形态差异、圆弧底形态、倍量柱概念、化债逻辑与经济周期，以及大盘风险控制方法。   ## [底部放量与MACD底背离] (00:00:00 - 00:05:08)  ### 核心内容 1. **底部放量是底背离有效性的前提**：只有先出现底部放量（巨量），其后出现的MACD底背离才有参考价值。否则其他位置的底背离均不重要、没有意义。案例中阿信在近一年巨量之后出现底背离，是最有价值的信号。 2. **具体底部背离特征**：价格接近前低，但绿柱明显缩短（前低绿柱长、此处绿柱短），白线位置明显抬高——价格创新低而指标未创新低，构成标准底背离。 3. **建仓波识别与"娜娜图"形态**：底部放量后出现一溜小阳线，最后跳空冲高——这是"自己人"（券商自营等内幕资金）提前知道政策（九二四行情）而进场的资金异动。该形态被称为"娜娜图"（大票小票启动前的标准异动图）：放量→攻击→回落→横盘→再启动。案例中阿信当天买入后脱离成本，后续崩了4.83%但未破止损，最终持有不动。 4. **持有逻辑**：当时整体大熊市、市场创新低而该股不创新低，且未打止损（黄线设止损），因此态度明确为"拿住不动"，每周锦囊均如此。  ### 关键概念 - **底背离**：价格创新低，但MACD指标（绿柱、白线）未
====SEG==== SESSION:20250824牛市未来如何逃顶？（周日晚八） SEG:8点_summary TSIZE:56894	### [开场：调侃市场情绪与散户心态] (00:00:00 - 00:00:56) - 核心内容:   - 以“销户”调侃反复踏空的散户：机会给了多次仍抓不住，不如销户，否则后面容易亏大的。   - 讽刺“涨也救、跌也救”的散户心态：大盘涨得猛也害怕，刚回本也焦虑，总希望手把手指导。 - 关键概念:   - 散户典型情绪：恐慌与贪婪交替，缺乏稳定交易框架。  ---  ### [今日主题预告：领先市场的机构思维] (00:00:56 - 00:03:44) - 核心内容:   - 主播强调今天主题非常重要，回应新粉丝“是否见顶”的担忧。   - 直播间特色：机构思维、领先市场，不会等见顶才说马后炮。   - 操作节奏要提前交代清楚，让粉丝进退有序，例如为什么发债不涨停而是涨7%-8%。   - 用“开卷考试”比喻：提前讲过的东西，再出现就不慌。 - 关键概念:   - 机构思维：领先市场布局，而非跟随市场情绪。   - 马后炮：事后诸葛式的分析，不是本直播间风格。  ---  ### [回顾高铁论：提前布局核心资产] (00:03:44 - 00:07:28) - 核心内容:   - 回顾“高铁论”：在核心资产启动时不要下车，否则上不去。大盘直接拉到3700点，下车的人很难再上车。   - 举例：一黄一后（半导体相关）若启动，如同航母弹射，一下基本到位，下车就上不去了。   - 强调提前交代逻辑的价值：像发仔（某标的）不涨停，只涨7%-8%，都是按照提前讲过的剧本走。   - 澄清不是危言耸听，也不需要流量，只为服务已有两百多万粉丝。 - 关键概念:   - 高铁论：核心资产
====SEG==== SESSION:20250824牛市未来如何逃顶？（周日晚八） SEG:9点_summary TSIZE:86152	### [开场：免费策略与直播间情怀] (00:00:00 - 00:05:08)  - **核心内容**:   - 回顾2018、2019年老粉，当时ZTalk视频两百万播放，有人骂是“卖成功学的”，但事实证明提前相信的人已赚到钱（举例：小米从9块到30块，B站相关标的赚3-5倍）。强调认知差异决定收益。   - 直播间完全免费，不花钱也能获得同样内容；已有B站历史最高同屏3万人（全球聊大富翁类目第一），彼此珍惜。   - 强调“授人以鱼不如授人以渔”：即使直接给代码，不会用也赚不到钱；学会逻辑和方法后，未来没人骗得了你。 - **关键概念**: 免费策略与用户筛选；认知差；授人以鱼不如授人以渔。  ---  ### [直播区别、里程碑与风格切换] (00:05:08 - 00:08:24)  - **核心内容**:   - 大直播和充电直播的区别：充电直播会教更实战的择时、抄底、追涨和上车战法（B一战法、B二战法、补票战法），学会后即使不直播也能独立赚钱。   - 上周五是里程碑：无论是曼城阵容还是自己选的票，持仓迎来爆发点，要记住这种“从胜利走向胜利”的感觉。   - 这种走势十年一次，参考历史：后面可能类似2015年1月后的行情，大量小票已拉到55倍市盈率，顶部放巨量的基本结束，资金切换至中大盘。周五已经出现切中大盘的迹象。 - **关键概念**: 充电直播分层教学；曼城阵容；风格切换（小票→中大盘）。  ---  ### [新入场者警示：勿追高加仓] (00:08:24 - 00:11:40)  - **核心内容**:   - 新入场者现在介入比未来追高合理，但务必控
====SEG==== SESSION:20250824牛市未来如何逃顶？（周日晚八） SEG:直播回放_2025-08-24_23-22-45_summary TSIZE:133241	### [开场与直播状态] (00:00:00 - 00:03:44) - 核心内容:     - 主播表达了对每周二“充电直播”的亲切感，将其比作“回家”，而每周大直播因需解释外盘内容而感到压力大，且自认有社恐。     - 直播初期出现部分观众反馈没有声音的情况，主播建议刷新页面或更新哔哩哔哩APP解决，并调侃观众应提高自理能力。 - 关键概念:     - 充电直播/二楼直播：指面向付费会员或核心粉丝的小范围直播，氛围更轻松。  ### [回顾作业与强调卖出纪律] (00:03:44 - 00:08:24) - 核心内容:     - 回顾上周课程（周二进阶班）内容，指出大部分学员作业完成情况良好，但有人犯了基础错误。     - 举例说明：提到“浩辰”这只票，第一天开盘涨3%，进入后获利5%，当天涨停（20%），第二天高开7%。主播强调，当累计涨幅已达15%+7%=22%时，看到高开且量比往下砸（预示单边下跌），应果断“放飞”（卖出）。批评学员因贪婪没有卖出，导致利润回吐。     - 重申“爆发减仓”的纪律，强调B2（买点2）策略选出的票大多处于主升浪，市场不会考虑个人成本，科创类股票（20%涨停）相当于主板两个涨停，不应幻想股票因自己买入而继续上涨。     - 提及“放量巨阴”和“大绿帽子”概念，指出（浩辰）第二天高开7%后放量下跌是明确的顶部信号，不应再抱幻想。 - 关键概念:     - 放飞：指在达到预期收益或出现卖出信号时，果断卖出股票，锁定利润，不贪恋后续行情。     - 爆发减仓：当股票进入加速上涨阶段，出现放量滞涨或巨阴线时，应主动减仓以规避风险。
====SEG==== SESSION:20250827指数贡献策略防踏空（周三晚八） SEG:直播回放_2025-08-27_20-03-06_summary TSIZE:307923	### [开场与技术问题] (00:00:00 - 00:11:12)  - 核心内容:   - 直播开场遇到技术问题：B站可能升级了防录制/防截屏功能，部分用户无法观看、截屏或录屏；主播建议刷新页面、更新App、使用网页版，或用手机拍摄屏幕（“枪版”）作为解决办法。   - 有位观众分享自己“近两个月数票售后暴涨，同事追高获利”导致心态失衡，决定遵守“军售之学与纪律”，把投资当作马拉松；主播对此表示肯定。   - 主播调侃B站是“娱乐公司”而非“技术公司”，但这次却成功限制了录播，说明“赚钱后挖了技术人员”。   - 有弹幕提到“顶部十字星，第二天负一百，第三天低开，然后开仓”等操作，主播提醒要按纪律执行。  - 关键概念:   - 防录屏/防截屏：B站升级后的限制功能，需要通过更新软件或手机拍摄等方式绕过。   - 投资纪律：不因短期踏空或追高获利而改变原有计划，坚持系统化操作。  ---  ### [今日盘面回顾与回调原因] (00:11:12 - 00:20:32)  - 核心内容:   - 回顾周日直播提出的三点：①不要在当前位置加仓或“存款搬家”；②爆发减仓，不要纠结；③等“白点长阴”出现，而且当天不要抄底，第二天再顺势下杀时考虑低吸。   - 今天盘面出现教科书式回调，盘中至少有三波抄底资金被套；主播认为这是“呵护”而非见顶，目的是防止场外资金过于狂热地涌入。   - 用“傻逼鉴定器”形容大A：踏空资金在恐慌时不敢买，涨高了才冲进来，结果容易站岗。当前点位三千八百八十八附近属于“大A体验卡”，迟到者要罚站。   - 强调牛市不会直线涨，一定是N型结构；原本预期每月
====SEG==== SESSION:20250831神仙打架我散如何应对？（周日晚九点半开） SEG:直播回放_2025-08-31_23-45-42_summary TSIZE:118785	### [开场与闲聊] (00:00:56 - 00:04:40) - 核心内容:   - 直播开场，主播提到直播最高冲到 3.7 万人，表达兴奋但提醒"不敢说"。   - 定下目标：核心内容尽量在 2 小时内讲完，后面再根据大家状态补充。   - 闲聊足球：提到张宇宁、王刚与球迷发生语言冲突；主播认为输球与球员无关，主要责任在主教练，"一将无能，累死三军"。   - 提到鲁能（山东泰山）目前 40 分，剩余 7 轮，仍有可能夺冠，并用"补涨"做类比。 - 关键概念:   - 无核心术语，主要是开场铺垫。  ### [中证白酒ETF增持与重仓分析] (00:05:08 - 00:10:16) - 核心内容:   - 二季度国家队增持了中证白酒 ETF，主播展示了该 ETF 的十大重仓股：茅台、五粮液、汾酒、泸州老窖（洋河已跌出前五），第六是金世元（国元），后面是青岛啤酒、古井贡、燕京啤酒、百润。   - 指出对指数真正有贡献的是前几个大市值股：青岛啤酒约 1000 亿、金世元左右 500 多亿、洋河约 1000 多亿、泸州老窖约 2000 多亿；百润（约 300 亿）、燕京（约 350 亿）市值太小，对指数贡献有限。   - 强调"要跟着国家一起，就选这些大家伙"，有确定性，能贡献指数。   - 提到爆雷反而可能是机会："轻快爆雷太好了，赶紧爆，当年杀个 7% 太爽了"，就怕不跌无法低价上车。   - 用"窈窕淑女，待字闺中"形容某些白酒股已洗盘充分，等风口一来大资金一买就拉起。 - 关键概念:   - 指数贡献：大市值个股才能有效拉动指数，小市值股更多是陪跑。   - 确定性
====SEG==== SESSION:20250903今天才有点儿内个意思~（周三晚八开） SEG:直播回放_2025-09-03_20-00-17_summary TSIZE:309261	### [开场与月度节奏回顾] (00:00:00 - 00:03:44) - 核心内容:   - 用《阳光彩虹小白马》等歌曲开场，安抚观众情绪。指出今天是九月三号，市场下跌，杀的是八月份赚钱的人，市场节奏是"上顶下底，一个月一百点"。八月份涨多了，九月份上半月先吐回来，下半月可能再拉回去。   - 强调"咱家"（直播间粉丝）应该还好，外面散户都懵了。提到今天指数股（赛赛、轩轩、阳光电源、白酒、港股大科技）都在扛，没有大问题。   - 认为今天跌得还不够狠，自己原本预期要有三五百个跌停，结果最后还收回了三千八，说明恐慌不够，明天可能还有低点，比如杀到三七四零、三七五零再拉回来。 - 关键概念:   - 月度节奏：一个月一百点是理想状态，月初用还是月末用取决于市场节奏。   - 指数贡献：通过权重股护盘，使指数跌幅小于个股跌幅，是牛市中的常见现象。  ### [九月三日盘面与市场情绪] (00:03:44 - 00:07:28) - 核心内容:   - 今天是九月三号，祝贺国家重要日子，但市场（尤其券商）暴跌，券商ETF跌了3.3%。认为这是故意砸盘，为了给"外面大哥"（大资金）入场创造机会，因为大哥是不会追高入场的。   - 批评散户心态急躁，总是"追涨停、追航母机"。指出自己上午看阅兵哭了，下午看账户哭了。   - 提到U23亚洲杯中国vs东帝汶上半场0比0，调侃一个大A一个中国足球是永远没法让人充满希望的。提醒直播有三分钟试看，可能一会儿会关闭。 - 关键概念:   - 大幅值：指指数跌幅远大于个股平均跌幅，是一种市场警示信号。   - 大哥入场逻辑：大资金不可能追高，只会
====SEG==== SESSION:20250906厦门二楼~ SEG:直播回放_2025-09-06_00-48-41_summary TSIZE:153537	### [开场调试与二楼吃饭] (00:00:00 - 00:15:24)  - **核心内容**:   - 直播开场时调整设备，包括尝试连接电脑、解决弹幕无法显示的问题，并调试摄像头角度与灯光。最终决定在酒店二楼进行直播，因为二楼光线较好，且能避免上次在厦门、大连暴露位置后被粉丝打扰的情况。   - 主播在酒店品尝当地美食，提到海蛎煎、紫菜炒饭、白灼小管等菜品，并向观众展示照片以证明自己确实在吃饭，而非发布网图。   - 与观众互动，提及“大灯”这一地名（大灯海鲜大排档），并回应新粉、老粉的弹幕，调侃粉丝查岗比妻子还严。   - 说明今晚没有看盘，因此主要分享“心法”层面的内容，侧重大盘走势与投资心态，而非具体的技术分析。  - **关键概念**:   - **二楼**：指直播地点位于酒店二楼，光线较好。   - **大灯**：厦门当地一个海鲜大排档地名。   - **心法**：指投资心态、思维方式，区别于具体操作技巧。  ---  ### [散户陷阱：等待关键K与分歧一致] (00:15:24 - 00:21:28)  - **核心内容**:   - 针对同事“科技没少赚，白酒加煤炭被阴阳”的留言，指出投资是长跑，关键在于最终能否把钱装进口袋。并断言对90%的散户而言，“大A赚钱大A花，分逼别想带回家”，纸面富贵没有意义。   - 回顾周三提到的个股（如欧菲光、华林），指出它们第二天虽有冲高，但最佳买点尚未出现。强调必须等待“关键K反转”出现后再介入。   - 强调“分歧一致”的重要性：健康的上涨趋势必须是“分歧一致分歧”，即分歧后能转一致。如果连续出现“分歧分歧分歧”，则
====SEG==== SESSION:20250907九月锦囊+二楼（周日晚八开） SEG:直播回放_2025-09-07_23-10-16_summary TSIZE:90505	### [开场闲聊与茅台购买指南] (00:00:56 - 00:09:20)  - 核心内容:   - 直播开始时互动，确认在线人数减少8000人至约3万，调侃新人调音量。   - 茅台购买渠道推荐：华致酒行（上市公司，可开发票），其黄色外包装箱+出库单具备防伪共识。出库单上会有手写编码对应茅台酒瓶身编码，领导收到即可识别正品。   - 53度飞天500ml是送礼“共识”；一升装/公斤装一般用于自饮，很少用来送礼。   - 当前茅台终端平台价格约1990元/瓶。茅台经销商成本约1800元，原因是茅台实行配货制：要拿飞天配额，必须搭配1935、金王子等开发酒，1935价格已跌至670元左右（原顶在770元），因此两边一综合，经销商基本是微利甚至亏本销售。  - 关键概念:   - **配货制**：茅台将热销的飞天与滞销系列酒捆绑配给经销商，导致经销商的综合成本远高于出厂价。   - **华致出库单**：华致酒行特有的防伪凭证，出库单上的手写编码与茅台瓶身编码对应，是市场公认的正品标识。   ### [互动问答：T恤、创新药与下半年主线] (00:09:20 - 00:15:24)  - 核心内容:   - 聊到直播穿的T恤是两年前做的“灯泡T”，已不再售卖，有老粉提出想要“灯泡卫衣”。   - 回答创新药配置问题：创新药、固态电池、低波红利这类板块一定有机会，不用着急追高。拉太快（如韩五一一月翻倍）之后，应该等回调，别在情绪最高点进场。   - 回顾今年五、六月份在直播中梳理的下半年五大主线：固态电池、创新药（核聚变）、AI、AIDC（AI数据中心）、人形机器人。周五反弹的活跃
====SEG==== SESSION:20250907九月锦囊+二楼（周日晚八开） SEG:直播回放_2025-09-08_01-10-20_summary TSIZE:93680	### [行业分类与概念炒作的区别] (00:00:00 - 00:02:20)  - 核心内容:   - **炒概念 vs 炒行业的区别**：炒概念时，同一个题材会分散在多个行业板块中。例如炒稳定币概念时，互联网、软件、通信、证券等行业都有涉及；炒创新药时，相关个股可能分散在化工原料、医药、中药、中成药、医药商业等多个行业。而炒行业时，是**整个板块整体联动**，例如进入"指数贡献阶段"时，互联网板块一起涨（生意宝、新华网、跨境通、若雨辰等），不再按概念归属。   - **板块联动的意义**：只有板块整体联动起来，才能支撑起"主线"，让指数走强。下半年（四季度）大概率是板块整体联动的行情，例如"AI+互联网"概念出现时，整个互联网板块会集体启动。   - **混血儿概念股现象**：概念炒作阶段，很多"混血儿"股票（主业与概念无关的公司）也会跟着炒一把，比如中油资本做稳定币、京科科技做光伏也做稳定币，但板块联动阶段这种逻辑会被弱化。  - 关键概念:   - **概念炒作**：以主题/题材为驱动，个股分散在各行业，普涨但缺乏持续性。   - **行业炒作（指数贡献阶段）**：以板块为整体联动，资金集中进攻一个行业，形成明显的市场主线。  ---  ### [选股补充逻辑：高成长、消费、金融] (00:02:20 - 00:05:08)  - 核心内容:   - **选股三大方向**（个人建议的补充逻辑）：     1. **高成长**：优选科技类，但科技分"看得懂"和"看不懂"两种，需要真正了解产业和公司才能赚到钱。举例：能挖掘到乔丹（某科技大牛股）是因为自己从小在中关村长大，
====SEG==== SESSION:20250910牛市偷懒法～（周三晚八开） SEG:直播回放_2025-09-10_20-01-05_summary TSIZE:110423	### [开场闲聊与青花郎] (00:00:56 - 00:03:44)  - 核心内容:   - 主播开场打招呼，整理头发，调侃自己“下头游泳”，回应弹幕“宫外孕”等玩笑话，表示该找谁找谁去。   - 提到要开“郎酒”庆祝，但手边没有青花郎，只有“红的”（可能是红酒），笑称档次直接就是“毛子”（可能指茅台或伏特加），担心朗朗老师不嫌弃。   - 说明今天要聊正事，聊完正事再喝酒，避免喝多了稀里糊涂。 - 关键概念:   - 青花郎：一种白酒品牌，用于庆祝场合。  ---  ### [SC提醒与不营销承诺] (00:03:44 - 00:05:36)  - 核心内容:   - 主播提醒观众今天先别发SC（付费留言/醒目留言），因为大概率念不到，要听他的信儿，等他说能发时再发。   - 强调不会借朗朗穿自家鞋子的热度进行营销，确认后没有官方声音，踏踏实实闷声发大财，不会像其他品牌那样借此营销，请朗朗老师放心。   - 有观众说“你都没货营销啥”，主播承认这也是个问题。 - 关键概念:   - SC：Super Chat，直播平台的付费留言，通常会被主播念出来。   - 不营销承诺：主播承诺不利用名人效应进行商业宣传。  ---  ### [教师节祝福互动] (00:05:36 - 00:08:52)  - 核心内容:   - 当天是9月10日教师节，主播收到很多私信祝福，表示感谢，希望大家别老气他（发追高图、卖飞图等）。   - 回应弹幕：有观众说老婆抱怨看主播时间比看他长，主播调侃顺势而为，但不跟对方过。   - 提到“要信就早信”的观众祝福，感谢大家一路同行，即使股市关门也可
====SEG==== SESSION:20250910牛市偷懒法～（周三晚八开） SEG:直播回放_2025-09-10_22-01-09_summary TSIZE:94066	### 市场消息解读：关税传闻与抱团风险 (00:00:00 - 00:05:36)  - 核心内容:   - 解读两条关键新闻：一是证券时报报道特朗普将对中国加征关税，引发市场恐慌情绪；二是证券时报9月8日头条指出"基金极致抱团，科技赛道流动性风险需提前预防"，这与两周前讲解的机构博弈逻辑完全吻合。   - 详细分析了某队与"百岁山"（险资/外资游资）之间的博弈过程：科技股Top Ten被游资拉起，某队随后贴上去同归于尽，最终通过查账、停牌（一黄被停牌）、补跌等组合拳压制抱团行为，释放"慢牛"信号。   - 强调震荡期间消息噪音不断，散户不要跟随消息追涨杀跌，要学会自救，爆发减仓、该止损止损。   - 提到游资出货手法：高开窜一根、再回落、走平出货，只要不影响指数即可；某队只看指数风格和斜率是否保持，不管个股盈亏。  - 关键概念:   - 极致抱团：基金/游资过度集中持仓科技赛道，导致流动性风险。   - 指数贡献Top Ten：对指数涨跌贡献最大的十只股票，是监控大资金动向的核心指标。   - 慢牛定调：某队通过行政手段（查账、停牌）压制过快上涨，维持30度斜率。  ### 某队与游资博弈：慢牛定调与应对 (00:05:36 - 00:11:12)  - 核心内容:   - 强调"不要对任何票有感情，不要指望有人救你"，某队一周救两次也只是精神上的；面对市场必须学会自救。   - 画出未来走势示意图：以最低价为基础画一个大的弧形，市场将沿白线、黄线反复磨底（"磨叽到家"），直到大部分止损盘出清后才启动。   - 指出当前阶段板块轮动极快、高切低明显：高位龙头横盘出货，低位
====SEG==== SESSION:20250910牛市偷懒法～（周三晚八开） SEG:直播回放_2025-09-11_00-01-13_summary TSIZE:135820	### [开场：喝酒直播与扒ETF预告] (00:00:00 - 00:00:56) - 核心内容:   - 主播以喝酒直播开场，调侃自己“不能喝酒直播”，但被观众要求后无奈配合。   - 预告本次直播主题是“扒ETF”，即梳理和讲解如何挑选、分析ETF基金。 - 关键概念:   - 扒ETF：对市场上各类ETF进行筛选、对比和走势分析，帮助理解板块主题投资逻辑。  ---  ### [ETF选择方法及券商ETF分析] (00:00:56 - 00:13:32) - 核心内容:   - ETF分为“主线ETF”和“主题ETF”。选择流程：先选板块（如证券），再按规模筛选，避免规模太小（五千万到一亿）的，优先选流动性强的，例如十亿或二十亿以上。   - 以券商ETF为例，多数券商ETF按指数权重配置，重仓股高度相似（东财、中信、国泰海通、华泰、招商等），走势基本一致，因此选规模大的即可。但鹏华的“券商龙头”加入了主观调整，国泰海通权重降低。   - 具体代码举例：如159841（某券商ETF），强调“不推荐”，只是展示方法。券商ETF当前技术面显示顶部有连续放量出货痕迹，需等待黄线附近缩量企稳后再考虑。白线与黄线张口过大时启动空间有限。   - ETF成交量与个股不同：ETF成交量代表买卖该ETF的资金量，而非直接代表一篮子股票的成交量；因此ETF的量价对应关系不显著，主要看趋势和N型结构。 - 关键概念:   - 主线ETF与主题ETF：按投资范围划分，主线覆盖宽基或行业，主题聚焦特定概念。   - N型结构：上涨-回调-再上涨的价格形态，用于判断波段趋势。   - B1/B2
====SEG==== SESSION:20250914如何做一位斗牛士？（周日晚八点十分） SEG:直播回放_2025-09-14_23-31-23_summary TSIZE:113647	### [开场：控制规模与B站情怀] (00:01:24 - 00:04:12) - 核心内容:   - 主播开场提到当前直播人数约3.8万，强调自己不想再扩大规模，认为如果去“小斗”（抖音/斗鱼？）做内容，流量是B站的9倍（约乘以5或3），但坚持只在B站“闷声发大财”。   - 表达对B站的情怀：“生是B站人，死是B站鬼”，感谢B站让他认识这么多朋友，并特意提到“朗朗老师在二楼”作为每期照例互动。   - 对比B站与“小斗”用户画像：B站高知比例高，本科及本科以上约能到百分之十几，而“小斗”本科约4%、大专约7%；B站用户更容易听懂内容，而“小斗”用户多为“白字”，难以交流。 - 关键概念:   - **控制规模**：故意不扩大粉丝量，维持在小圈子内，避免过度曝光。   - **B站情怀**：出于对平台和用户质量的认同，即使其他平台流量更大也不愿离开。  ### [互动闲聊：博士梗与微信压力] (00:04:12 - 00:09:48) - 核心内容:   - 互动中玩“博士”梗：主播自称“姓万名博士”，提到公司曾有一位北大博士王博，顺势调侃“朗朗老师”等昵称。   - 吐槽微信压力：因粉丝在直播间或群里泄露他的微信，导致每天几十人添加，连续多天，微信已加满无法再加；未加上的朋友表示抱歉，并恳请有他微信的人尽量少发消息，因为每天信息量可达700多条，无法逐一回复。   - 幽默回应“少妇”梗：“只加少妇”但少妇群都加不满，自嘲“家里没矿”等。 - 关键概念:   - **微信压力**：过度添加好友和信息轰炸带来的困扰，反映主播希望保持适当距离。   - **私域边界**：强调
====SEG==== SESSION:20250914如何做一位斗牛士？（周日晚八点十分） SEG:直播回放_2025-09-15_01-31-27_summary TSIZE:74183	我们只需要根据话题分段和转录文本，生成对应的逐段笔记。要求信息完整，保留细节，中文Markdown。每个段落标题用###，时间范围，核心内容要点，关键概念。转录文本很长，需要仔细阅读，提取每段对应的内容。  我们按照给定的话题分段来：  1. [00:00:00 - 00:04:39] 观享科技案例：B一买入后的骑牛与止损 2. [00:04:40 - 00:07:27] 案例总结：纪律避免卖飞，庄股被套与出货 3. [00:07:28 - 00:10:43] 当前是演练机会，目标浮盈30%，仓位最重要 4. [00:10:44 - 00:15:46] 白线拴牛与白酒板块：大哥进场，可作对冲 5. [00:15:47 - 00:19:20] 半导体ETF分析：顺势而为，AI+是主线 6. [00:19:21 - 00:25:42] 储能/稀土与ETF量价关系：等待放量突破 7. [00:25:43 - 00:28:55] 券商ETF：某队压盘，大博弈未到主升 8. [00:28:56 - 00:32:43] 创新药/金融科技/有色：确定性、弹性与波段 9. [00:32:44 - 00:36:00] 大盘下周预判：W底与一百点上升，化债逻辑 10. [00:36:01 - 00:39:43] 白酒未来炒作逻辑：新消费、低度酒与化债牛 11. [00:39:44 - 00:43:59] 煤炭答疑与市场资金逐利：成交量决定热度 12. [00:44:00 - 00:51:39] 回应慢牛疑问：回调正常，白线拴牛心法 13. [00:51:40 - 01:00:35] 先练好B一，券
====SEG==== SESSION:20250917主力出货的五种经典方式（周三晚八开） SEG:直播回放_2025-09-17_20-01-14_summary TSIZE:110885	### [开场与观众互动] (00:00:00 - 00:02:48) ### [开场与观众互动] (00:00:00 - 00:02:48)  - 核心内容:   - 直播开始，主播测试声音和浏览器兼容性，调侃B站技术团队每周打补丁导致直播软件或显示器不兼容。   - 与观众互动，欢迎老朋友，感谢“前缘后缘”续费提督，并劝阻不用再续费。   - 回答观众“扬州买房亏损”问题：2021年240万买入，现价130万，建议能租则租，位置卖出意义不大；并以南宋历史比喻，安慰观众不必过于焦虑。 - 关键概念:   - 无（主要为直播日常互动）  ---  ### [多空对峙与降息预期] (00:02:48 - 00:07:00)  - 核心内容:   - 描述盘面状态：多头空头“陈兵百万”，指数被压制，像水烧开但壶盖被按着，等待今晚美联储利率决议结果。   - 强调今晚事件级别：9月17日美联储议息会议，叠加周四/周五股指交割日，赌局极大；降息50bp则可能上冲，降息25bp则可能先下探吓人再上涨。   - 分析降息本质：降息即“认怂”，不降息则美国经济数据可能被特朗普查账；无论降息与否，A股中期向上逻辑不变，不降则调整一天后继续“接着奏乐接着舞”。   - 回顾上周策略：指数横盘四天，验证了“盖着”的判断，防止踏空者追高。 - 关键概念:   - 多空对峙：市场多空双方均重兵布防，等待关键事件（美联储降息）落地。   - 股指交割日：周四/周五为股指期货交割日，加大市场波动。  ---  ### [某队压盘与大盘横盘] (00:07:00 - 00:11:12)  - 核心内容:
====SEG==== SESSION:20250917主力出货的五种经典方式（周三晚八开） SEG:直播回放_2025-09-17_22-01-18_summary TSIZE:107858	我们只需要按照要求输出笔记。话题分段已经给出，转录文本也提供了。需要为每个段落生成详细笔记。要求：核心内容2-4条详细要点，保留细节；关键概念术语解释；中文Markdown。  注意时间戳。根据转录文本，话题分段与文本内容对应。但转录文本非常长，话题分段已经列出。我们需要从转录文本中提取每个段落的信息，以转录文本为准，但有时分段标题与内容有明显对应。我们根据标题和文本内容来编写笔记。  需要确保信息完整，不要漏掉关键知识点。对于技术/教学类内容，保留操作步骤和参数。输出Markdown。  让我们逐段处理。  我们先解析话题分段： 1. [00:00:00 - 00:02:48] 行情预热：期货、有色与降息逻辑 2. [00:02:48 - 00:05:08] 多空博弈策略与神龙护盘 3. [00:05:08 - 00:10:16] 风险研判：低位接筹码与全球资金流向 4. [00:10:16 - 00:15:52] 港股风险与大A防守能力对比 5. [00:15:52 - 00:24:16] 持仓策略与期指交割答疑 6. [00:24:16 - 00:30:48] 明天多空双输风险与领导意志 7. [00:30:48 - 00:38:16] 主力出货第一种：加速后放天量大阴线 8. [00:38:16 - 00:48:04] 第一种出货案例详解：中铁与徐翔出货图 9. [00:48:04 - 00:58:20] 主力出货第二种：次高点突然巨量长阴 10. [00:58:20 - 01:08:08] 第二种出货案例延续与区分 11. [01:08:08 - 01:18:00] 
====SEG==== SESSION:20250917主力出货的五种经典方式（周三晚八开） SEG:直播回放_2025-09-18_00-01-22_summary TSIZE:128015	### [开头闲聊：交通规则与酒驾] (00:00:00 - 00:02:48)  - 核心内容:   - 主讲人吐槽各地交通规则复杂（如代转区、掉头线差异），难以记忆，最终总结为简单原则：“喝酒不开车，开车不喝酒”，强调安全驾驶。   - 引出投资话题：“盘子越大，出货方式越综合”，并让大家截图记录。 - 关键概念:   - 盘子大小与出货方式：市值越大，主力出货越不可能一次完成，需要多种方式组合。  ---  ### [全球市场严阵以待] (00:02:48 - 00:05:36)  - 核心内容:   - 观察美股、中概股、伦敦铜、黄金等资产，都呈现“先缩回来”的防守姿态，等待某个关键信号（如美联储议息结果）。   - 强调时差：美股中概股跟随白天中国日盘表现，不能简单认为“今晚中概涨、明天A股/港股就涨”。   - 类比大A压盘时的横盘走势，美国最聪明的资金也不知道方向，只能等待。   - 沪铜、黄金同样缩回，全球市场进入“两军对峙”状态。 - 关键概念:   - 严阵以待：市场缩量横盘、等待方向突破的状态。   - 弹弓效应：先向后拉，射出去才远；市场先回踩，后续上涨空间更大。  ---  ### [防守阵型与博弈心理] (00:05:36 - 00:15:24)  - 核心内容:   - 讲解防守图形“4231防守阵型”的重要性。如果市场“猴急”上涨，后续下跌力度大；如果横盘防守，空头利润空间小，下跌空间有限。   - 用券商（阿信）举例：如果过去五天已涨15%，低开7%会引发获利盘踩踏；如果筹码被套，低开杀到5%散户也拿住不动，恐慌盘卖完尾盘会收回。   - 港股
====SEG==== SESSION:20250922全网独家解析大A暗战！ SEG:00.03-00.26_summary TSIZE:22365	### [开场吐槽与洗人数据] (00:00:00 - 00:00:28) - 核心内容:   - 主播嗓子哑是因为看球时骂哑的，情绪激动。   - 提到直播间“洗了三千人”“洗了四千人”，指筛选/清理观众，留下真正的关注者。   - 主播个人觉得如果是自己操盘，会按“一二三情况”中的某种框架来应对，为后续市场判断铺垫。 - 关键概念:   - 洗人：指通过观点输出或直播互动剔除部分不坚定、观点不合的观众，留下的被视为“自己人”。  ---  ### [当前市场框架与政策预期] (00:00:28 - 00:01:52) - 核心内容:   - 大逻辑框架判断为“第二种情况”，需要盯住“活跃市值”指标；目前尚未给出新的波段开始信号，所以大概率继续震荡。   - 政策预期：老美降息后，要等国内的增量政策；原预测周三讲“快的话周四收盘，慢的话周末”，实际政策消息是周一出来，说明预测不准。   - 明天周一收盘后有发布会，这次是央妈牵头，强调“真正的爸爸叫央妈”，马爸爸也得听央妈的。   - 当前阶段业绩面未改善，PMI、PPI、CPI等没转正，属于“水牛”，行情由政策和流动性驱动，盘面对消息面最敏感。 - 关键概念:   - 第二种情况：此前讲过的市场情景之一，具体指震荡市/政策托底行情，需要等增量资金信号。   - 水牛：不是业绩牛，而是靠政策和流动性“放水”推动的行情。   - 增量资金：决定市场能否走出新波段的关键指标，需重点跟踪。  ---  ### [水牛阶段与下周走势预判] (00:01:52 - 00:03:16) - 核心内容:   - 下周走势预判：明天可能高开一
====SEG==== SESSION:20250922全网独家解析大A暗战！ SEG:00.28-01.29 上二楼_summary TSIZE:49375	### [B站充电问答功能与泽塔男科上线] (00:00:00 - 00:01:52)  - 核心内容：   - B站充电问答功能已内测完成，不用再给UP主后台发私信，因为看不过来。用户可通过官方充电问答的“私密问题”功能进行一对一交流，类似SC（Super Chat）模式，UP主可在后台看到并回复。   - 提醒选择“私密问题”，不要公开。后台有回复考核机制。   - 调侃“泽塔男科”正式上线，挂号费998元，可以以过来人身份解答情感/两性等“男科问题”。 - 关键概念：   - 充电问答：B站付费提问功能，用于与UP主直接交流。   - 私密问题：提问时选择不公开，仅提问者和UP主可见。  ---  ### [引出开超市话题：牛市要散开] (00:01:52 - 00:03:16)  - 核心内容：   - 开超市不是“瞎买、乱买、买一堆票”，而是有一套玩法，核心目标是“拿得住”并且每天有相对愉快的心情。   - 熊市不要开超市，背后逻辑已在周三讲过：熊市要重仓压几个确定性标的；而牛市的核心策略就是“散开”。   - 用比喻说明：与其给一个男人好几次机会，不如给好几个男人一次机会——即分散投资，不要把全部资金押在单一标的上。 - 关键概念：   - 开超市：指同时持有多个股票、构建投资组合。   - 牛市散开：牛市中应适度分散持仓，降低单一标的风险，保持心态稳定。  ---  ### [比喻讲解分散投资：多个标的更从容] (00:03:16 - 00:07:28)  - 核心内容：   - 用“一个男人 vs 十个女人”的比喻解释分散持仓的心理优势：     - 只有一个标
====SEG==== SESSION:20250922全网独家解析大A暗战！ SEG:01.29-01.51 上二楼_summary TSIZE:21919	### [跌破白线的应对策略] (00:00:00 - 00:01:24) - 核心内容:   - 股价跌破白线（短期趋势线）后，如果此前已经减过仓，则不必恐慌，因为白线与黄线（长期趋势线）的上升趋势未破坏，可以等待黄线上移。   - 股价未到黄线便止跌回升，同时B值（某指标）达到-5.52，属于大负值，按系统逻辑“可以开始买”，但强调**不可以加仓**，操作系统里只有减仓，没有加仓；加仓会把利润还回去，必须“把钱揣兜里”。   - 买入应安排在下一次交易日，即使股价继续下探到黄线也无需担心。 - 关键概念:   - 白线/黄线：分别代表短期和长期上升趋势线，破白线后看黄线支撑。   - B值大负值：作为超卖/买点参考信号。  ---  ### [放量创新高与量能分析] (00:01:24 - 00:02:20) - 核心内容:   - 第二天一根大阳线直接打上白线，重新站上短期趋势线，随后出现一根“20厘米”（涨停/大阳线）创新高，并伴随放量。   - 量能比较：这根K线的量没有前期顶部“大哥”那根量大，但比前两个高点的量都大；因为“大哥”已买入、筹码锁定，所以这根放量可信度较高。   - 之后又创新高（涨5%），但量能持平（平量），平量不是出货标志。 - 关键概念:   - 量能对比：与前期顶部量、相邻高点量横向比较，判断放量可信度。   - 平量：量能未萎缩也未异常放大，不构成出货信号。  ---  ### [S1卖点识别与减仓] (00:02:20 - 00:03:44) - 核心内容:   - 继续创新高时出现缩量十字星，信号“不太好”，但未放量，不能断定出货；此时应
====SEG==== SESSION:20250922全网独家解析大A暗战！ SEG:10.37-11.37_summary TSIZE:54709	### [开场：失望情绪与市场现状] (00:00:00 - 00:00:28)  - 核心内容:   - 主讲人回顾此前判断：周四大盘下跌后有资金进场，但自己选择等待更好的价格，因为市场情绪转弱时不应“接飞刀”。   - 周五盘面显示并没有出现明显的进场吸筹迹象，当前位置仍然偏高，因此大盘依然运行在“第二种逻辑”中，即“上有顶、下有底”的横盘整理走势。 - 关键概念:   - 第二种走势：指大盘在某个区间内上探顶部、下探底部，反复震荡，而非单边上涨或下跌。  ---  ### [感性 vs 理性：为何必须回踩黄线] (00:00:28 - 00:02:20)  - 核心内容:   - 主讲人表示从感性上希望天天拉涨、大家一起赚快钱；但从理性出发，如果要让行情走得更长、赚钱时间更久，当前位置“必须打一次黄线”，否则不踏实。   - 打黄线的背后逻辑：必须完成从底部起来约800点浮筹的交换，否则后续上涨会“一步一区”（一步一坎），难以形成合力。   - 参考2014年的走势，当前市场仍过于乐观；如果降息后所有散户都拿得住，筹码就永远无法完成交换。两天前市场情绪仍非常乐观，说明洗盘尚未充分。 - 关键概念:   - 黄线：指技术分析中的重要支撑/均线位置，回踩黄线意味着洗盘、换手、消化获利盘。   - 浮筹交换：底部持有的筹码需要在高位震荡中换手，使持仓成本抬高，为后续拉升奠定基础。  ---  ### [失望情绪与理性判断：需要横盘整理] (00:02:20 - 00:04:12)  - 核心内容:   - 主讲人举例4月7日大跌后自己也失望，但市场出现波动时往往由大A“买单”，
====SEG==== SESSION:20250922全网独家解析大A暗战！ SEG:23.36-00.01_summary TSIZE:23236	### [持仓收益与龙队拖字诀] (00:00:00 - 00:01:52) - 核心内容:   - 只要过去保持仓位、拿住不动、没有瞎折腾（该放飞放飞、该止损止损），到目前多数人都有收益；尤其是一直持股不动的“少妇”和按纪律操作的朋友，收益来自相信周期与国家复兴。   - 当前应对要分两个视角：龙队（某队）视角就是一个字“拖”。第二种走势（横盘）就是拖，横盘区间上要顶、下要底。   - 具体关键点位：上方约3888、3887、3885、3933、3935、3950附近（原文口语含混，需连点画线）；下方用下影线画底。拖到三季报出来。   - 三季报公布后，很多半导体公司会“裸泳”（罗永），筹码必然松动，百顺山（资金/游资阵营）阵营会分化；因为没人比龙队更清楚半导体真实业绩。 - 关键概念:   - 拖字诀：龙队在当前阶段用横盘拖延时间，等待业绩数据明朗，让市场自然分化。   - “罗永”（裸泳）：指没有真实业绩支撑的公司在财报公布后现出原形。  ### [拖盘目的与业绩分化] (00:01:52 - 00:03:44) - 核心内容:   - 拖的目的不是让好公司跌，而是阻止整个板块、所有垃圾股乱七八糟一起被炒上来；好的公司若涨太快，回调后因业绩好自然有市场承接。   - 龙队/社保是最重仓的，他们并不希望市场下跌；他们反对的是“炸鱼”式乱炒，即把整个科技板块无差别顶起来。   - 以光模块为例：三季报业绩炸裂（英伟达依赖中国光模块供应链），当前PE五六十倍，三季报出来后可能降到二十倍，再涨30%-50%也没人管；因为回调后获利盘出来，其他机构看得懂业绩会入场，形成戴维斯双击正
====SEG==== SESSION:20250922全网独家解析大A暗战！ SEG:9.36-10.37_summary TSIZE:49503	### [国安队表现与欠薪问题] (00:00:00 - 00:04:12) - 核心内容:   - 主播认为国安球员拼劲十足但能力不足，即便百分之四百的拼劲也没用，因为整体人员配置（中场身高仅一米六八至一米七二）踢的是"东南亚足球"，与越南队交手也无优势。   - 国安球员被欠薪：欠了一个赛季的薪水与奖金，对外禁止球员说话，但对内朋友传出消息称一直没发。八号古加下半赛季表现不佳是因为奖金不到位，法比奥被剥夺队长袖标后也影响士气。   - 中赫俱乐部与精能方面互相推诿：精能表示"凭什么给中赫擦屁股"，导致球员要钱要不出来。中赫公关能力比中信国安时期强，但传阿信（潜在接盘方）因中赫开出天价而放弃接手。   - 御林军球迷组织被认为已被"收编"，赛后不喊下课、不敢起鼓点；主播认为首度球队矛盾不能激化，俱乐部还没到崩盘的时候。 - 关键概念:   - 欠薪与奖金不到位对球员表现的影响机制   - 俱乐部股权转让中的"天价"障碍  ### [工体上座率创纪录新低与闲聊] (00:04:12 - 00:07:28) - 核心内容:   - 国安作为首都球队，矛盾不能激化。按争冠比赛应有五万五千人上座，但实际仅四万二、四万三；上一场亚冠（周四）仅两万人，创下新工体人数最少记录。   - 主播提到"峰哥"（球迷讨论的对象）穿二十九号，但二十九号实际是外援法比奥，引发弹幕关于峰哥在哪踢球的困惑。   - 主播闲聊提到中秋将至，建议大家一边吃月饼一边赏月；自己刚从外地赶回（一路一百一），嗓子因喊骂而哑了。   - 主播解释未参加B站足球赛邀约是因为事情太多、时间冲突。 - 关键概念:   - 上
====SEG==== SESSION:20250922全网独家解析大A暗战！ SEG:直播回放_2025-09-22_00-27-12_summary TSIZE:71395	### [开场与会员服务上线] (00:00:00 - 00:03:16) - 核心内容:   - 主播宣布B站会员服务（九九八元档位）正式上线，功能为“充电问答”。用户可通过官方充电问答选择“私密问题”与主播进行一对一交流，无需再通过后台私信（因私信过多无暇查看）。   - 服务内容包括解答投资问题，也以过来人身份解答生活类问题（如“童子功”“延时”等），调侃称“泽塔南科正式上线，挂号费九九八”。   - 本节主要为正式内容前的闲聊互动，包括对用户借号、消费金额的调侃，以及讲解“如何开超市”的预告。 - 关键概念:   - 充电问答：B站官方付费问答功能，选择“私密问题”后主播在后台可见并回复。   - 开超市：指散户同时持有多只股票的组合投资方式，主播将详细讲解其操作精髓。  ### [开超市理念：牛市分散、熊市集中] (00:03:16 - 00:14:56) - 核心内容:   - 核心逻辑：熊市不要开超市，应重仓压几个确定性标的；牛市则要分散。“与其给一个男人好几次机会，不如给好几个男人一次机会”。   - 分散持仓的心理优势：只持有一只股票时容易因过度关注而焦虑、拿不住；而持有较多标的（“鱼缸里有三百多条鱼”）时心态更平和，有利于长期持股。   - 用化妆品消费比喻说明“分散投资”的性价比：一天约多个男人，一个妆可以“一装六吃”，买迪奥也划算——即分散持仓能提高资金和精力的利用效率。   - 主播借化妆品牌（毛戈平散粉、定妆喷雾、雅诗兰黛小棕瓶、兰蔻小黑瓶等）讨论引出“研究上市公司才能赚钱”的观点。 - 关键概念:   - 牛市分散、熊市集中：不同市场环境下的仓位管
====SEG==== SESSION:20250924散户都给我删掉这五种思维！（周三晚八开） SEG:直播回放_2025-09-24_20-00-59_summary TSIZE:109735	### [开场互动与生日祝福] (00:00:00 - 00:12:07) - 核心内容:   - 直播开始，主播与观众互动，询问大家是否吃饭，并提醒今天是周三（暗指某些日常安排）。   - 大量粉丝在弹幕中提前祝主播生日快乐（主播生日为9月29日），主播表示感谢，并调侃“生日不能提前过”。   - 主播提到自己近期很忙，因为即将休假，没怎么盯盘，但每天收盘会看一下。他询问观众本周的市场感受，观众反馈包括“创新高”“炸裂”“快回本”“惨兮兮”等，整体情绪分化。   - 主播指出当前市场的问题在于“散户不追科技”，导致科技板块行情难以持续，呼吁散户“要追早追”。 - 关键概念:   - **“百岁山”**：主播对某类权重股（可能指白酒、银行等）的戏称，暗示其每天拉动指数但散户不赚钱。   - **“且折腾呢”**：北京话，指市场在当前点位会反复震荡，需要时间消化。  ### [介绍今日话题与大资金策略] (00:12:08 - 00:15:51) - 核心内容:   - 主播介绍今日直播分为三部分：复盘盘面、讲解“散户五种思维”（正课）、带大家分析个股。   - 透露“九九八”私密问答中有约50多位大资金用户提问，资金量从850万到一个小目标（1亿）不等。   - 特别强调对大资金而言，核心策略是“做确定性”。举例：一千万资金赚5%是50万，相当于25万账户翻倍，但抓5%的确定性远比抓100%的涨幅容易。   - 主播强调今天的正课主题是“散户都给我删掉这五种思维”，认为这是散户赚钱的关键。 - 关键概念:   - **确定性策略**：针对大资金（500万以上）的策略，追求低风险
====SEG==== SESSION:20250924散户都给我删掉这五种思维！（周三晚八开） SEG:直播回放_2025-09-24_22-01-03_summary TSIZE:108039	### [散户目标：不亏钱] (00:00:00 - 00:05:08)  - 核心内容:   - 市场是非线性的，不能用线性思维设定“每月赚10%”的目标；实际收益是盈亏交替、最后某个月大涨才实现整体盈利。   - 散户进入市场的首要目标应是“不亏钱”，不要设定“今年回本”“赚多少”等不切实际的目标；连“某队”都做不到稳定盈利。   - 新手不要极端：既不要追求暴富，也不要把目标定为“不归零”；如果只求不归零，不如买银行理财。   - 要做到“轻易不亏钱”：严格止损、输掉该输的钱；如果九月赚5%回吐1.3%就痛苦，属于庸人自扰。 - 关键概念:   - 非线性市场：收益曲线是跳跃、非匀速的，需要等待行情来临。   - 轻易不亏钱：以防守为核心，该止损就止损，接受“输该输的钱”。  ---  ### [不要被市场吸引注意力] (00:05:08 - 00:12:36)  - 核心内容:   - 市场每天用少数涨停股吸引散户注意力，导致心态失衡；实际真正在涨的可能只有十只票，如航务中心、海光、一黄一后、工业妇联、中继、新一圣、盛虹、卧龙电区等。   - 看到别的股票涨而自己的不涨，应该反思自己为什么不在里面、为什么没拿住；不要抱怨市场，要从自身找原因。   - 要专注在自己的票上：检查你的票是否在白线之上、有没有破黄线；例如比亚迪黄线之下不买，死叉且白线在黄线之下时连看都不看，躲牛市活该。   - 市场是3万亿人合力的结果，认为市场错了等于认为考题出错了；卷子没错，是你做错了。 - 关键概念:   - 噪音：市场让你看到的上涨和消息都是噪音，目的是影响你的判断。   - 白线/黄
====SEG==== SESSION:20250924散户都给我删掉这五种思维！（周三晚八开） SEG:直播回放_2025-09-25_00-01-07_summary TSIZE:101241	我们只需要根据话题分段和转录文本，为每个段落生成详细笔记。需要信息完整、保留细节、中文Markdown。注意有些时间段有缺失（比如37:00-41:32之间转录文本没有内容？但话题分段有34:00-37:00，然后41:32开始。我们需要按给定的话题分段来，转录文本中可能有空隙，但我们要从文本中提取对应时间段内容。注意标题时间范围。需要仔细阅读转录文本，识别对应部分。  我们分段：  1. 00:00:00 - 00:02:20 A股独立走势与消息面关系 2. 00:02:20 - 00:04:40 美股、黄金与降息对A股的映射 3. 00:04:40 - 00:11:00 美股调整风险与美国内耗 4. 00:11:00 - 00:18:40 A股震荡区间与操作心态 5. 00:18:40 - 00:26:00 活跃市值复盘与高位震荡判断 6. 00:26:00 - 00:34:00 活跃市值、MACD与指标修复 7. 00:34:00 - 00:37:00 小结与科技出货切换 8. 00:41:32 - 00:54:00 闲聊答疑与市场轮动观点 9. 00:54:00 - 01:05:20 有色、稀土与锂矿逻辑 10. 01:05:20 - 01:21:00 个股答疑与宁德时代分析 11. 01:21:00 - 01:34:00 长安战法与选股原则 12. 01:34:00 - 01:52:00 批量选股与行业分布点评 13. 01:52:00 - 02:04:00 白酒、猪肉等板块点评 14. 02:04:00 - 02:16:16 收尾提醒与最后答疑  转录文本中，有些时
====SEG==== SESSION:20251004双线战法的核心逻辑（10.4晚八开） SEG:直播回放_2025-10-04_20-00-33_summary TSIZE:99755	好的，这是根据您提供的视频转录文本和话题分段生成的详细逐段笔记：  ### [开场问候与假期闲聊] (00:00:28 - 00:10:16) - **核心内容**:     - 主播回归直播，与观众互动假期生活。多数观众表示假期“无聊”、“加班”，也有部分人举办了婚礼或参加婚礼。主播调侃了“离婚”和“又结又离”的观众，活跃气氛。     - 主播提到自己国庆期间主要在带孩子，感觉疲惫，嗓子沙哑。他回应了关于“鞋子补货”、“直播设备更新”等弹幕，并特别提醒明天有登山、游泳等户外活动的观众早点休息，不要看直播。     - 主播指出当前直播间有约1.6万人，调侃大部分人是单身。他开了一些关于“洞房”的玩笑，并提到自己穿了国家队的红色球衣来“普天同庆”。 - **关键概念**:     - 无（纯社交闲聊，建立直播氛围）  ### [市场板块闲聊：券商、白酒等] (00:10:16 - 00:14:28) - **核心内容**:     - 主播总结了国庆期间市场表现，提到“大满城”（可能是对某板块或指数的昵称）“上有顶下有底”，轮动正常，并点名“券商”和“白酒”板块表现不错。     - 重点讨论了“湘财”（湘财证券）没有拿住的问题。主播表示之前曾提示过该股票的图形机会（“啪啪啪啪”），类比之前“运生”（可能指某只股票）的走势。他认为券商板块第二个“发展”（可能指某只龙头股）还没走完，第三个还没来，不需要着急，第三个是“兜底”的机会。     - 提到白酒板块，特别指出“台子”九月份数据增长20%，表现很好。他批评了那些总抱怨自己持仓不涨的投资者（如“在煤炭里躲牛市”、“在券商里
====SEG==== SESSION:20251004双线战法的核心逻辑（10.4晚八开） SEG:直播回放_2025-10-04_22-00-37_summary TSIZE:113658	### [开场闲聊：上海见闻与申花球衣] (00:00:00 - 00:01:24) - 核心内容:   - 主播分享上海之行：在八万人体育场被粉丝认出，一位在厕所拍肩膀打招呼的粉丝吓了他一跳。   - 主播澄清自己确实是申花球迷，不是摆拍，并提到自己拥有的申花球衣数量仅次于国安。   - 今年申花白色客场球衣没有买上，有点遗憾。 - 关键概念:   - 无（闲聊暖场，引出直播正题）  ---  ### [解读监管会议三大率：波动率、分红率、含科率] (00:01:24 - 00:08:24) - 核心内容:   - 主播回看四巨头（监管部门）发布会，提炼出反复强调的三个核心指标（三大率），并预告内容会放在未来8号再讲一遍。   - **波动率**：监管层在“十四五”期间成功降低了A股整体波动率，这是其KPI考核指标。意味着未来市场大概率维持“上有顶、下有底”的慢牛格局，像2024年4月7日或9月24日这样的极端波动属于特殊情况，龙队（国家队）会出手维稳。   - **分红率**：A股分红率达到历史最高，原因在于财政与股权绑定。未来无论市场涨跌，低波红利策略都是重要的长期策略，与国家队（龙队）同行。   - **含科率（科技含量）**：A股科技公司市值和体量已超越银行、大金融，排名第一。这标志着“新质生产力”和科技将成为未来“十五五”期间的第一主线。 - 关键概念:   - **三大率**：波动率、分红率、含科率，是理解监管意图和市场方向的三个核心观察指标。   - **龙队**：主播对国家队/护盘资金的称呼。   - **低波红利策略**：投资于高分红、低波动股票的长期策略。
====SEG==== SESSION:20251004双线战法的核心逻辑（10.4晚八开） SEG:直播回放_2025-10-05_00-00-41_summary TSIZE:94715	### [循环操作法核心讲解] (00:00:00 - 00:04:40)  - 核心内容:   - 双线核心战法的“循环操作法”是综合应用题：在B1点（白线黄线放量金叉）买入；横盘或温和上涨时拿住不动；股价进入白线和黄线之间的区间时加仓买满。   - 脱离成本区后开始“放飞”（分批止盈）；若某天跌破白线，应减仓，但如果顶部无量、主力未出货，则跌回白黄区间时可以把仓位加回来，继续循环操作。   - 用数学题类比：严格按流程可以拆开做（先卖出再买回），脑子够用也可以合并直接买；核心是上涨的N型结构不破，到B1就“抡”，跌漏了再回到白黄线区间继续买，起来加速就放飞，没到顶部就再加仓，反复做。   - 若实在害怕，卖光离场休息也可以，比如赚15%就收手，完全不做的结果也是对的。 - 关键概念:   - 循环操作法：在上涨趋势未破时，利用B1买点、白黄线区间加仓、跌破白线减仓、缩量回调再买回的方式反复做一只牛股。   - B1：白线与黄线放量金叉形成的买点。   - N型结构：股价上涨、回调、再上涨形成的结构，是本战法成立的前提。  ---  ### [八一钢铁案例分析] (00:04:40 - 00:08:24)  - 核心内容:   - 八一钢铁是量化模型选出的标准案例：B1、B2点都可以买，放量金叉后缩量回调，进入“碗”区间附近买入，图形非常标准。   - 识别庄股：庄股在缩量涨停后，后续跟的一定是大阴线放巨量；八一钢铁则是放量入场、缩量回调、再放量涨停，有明显“呼吸节奏”，不是庄股。   - 缩量涨停说明没有抛盘（利好一致），后续阳线补量是健康表现；两根大阳线确认强度。   -
====SEG==== SESSION:20251004双线战法的核心逻辑（10.4晚八开） SEG:直播回放_2025-10-05_02-00-45_summary TSIZE:47970	### [国际见闻与舆论战] (00:00:00 - 00:04:11) - 核心内容:   - 以亲身经历讨论不同国家人对中国的态度：阿根廷人普遍不愿来中国；巴西人因全球打工文化较开放；印度人（包括在英国留学的印巴人）对中国态度纠结。还吐槽印度当地气味、出租车和伦敦地铁的体味问题，强调“没见过世面”难以同频。   - 指出这是美国全方位的舆论战：作者自称在ILC学过Media and Communications，并在FOA做过freelancer，身边有做GR（Government Relations）的人效力于海外政府。海外政府会资助公众号、微博矩阵、签约作者，长期养号，关键时投放舆论。   - 用“未来大A一定会涨超想象”类比舆论战的专业程度，提醒大家不要被洗脑。 - 关键概念:   - **舆论战**：通过媒体、公关、资助内容矩阵等方式影响公众认知，美国在这方面投入系统化、专业化。   - **GR（Government Relations）**：政府关系，部分从业者服务于海外政府，参与各类舆论项目。  ---  ### [各地美女与文化自信] (00:04:12 - 00:08:23) - 核心内容:   - 评价各地女性特点：日本妹妹“可以”但牙齿和腿普遍不行，且不远嫁；台妹“张惠妹式”的长相被调侃；江浙沪、大东北、川渝地区被作者认为是最好的，强调“要有文化自信”。   - 具体例子：大连美女、上海大街上人口构成（约30%东北、30%山东、10%川渝，其余本地人）；东北妹子只有跟熟人说话才带大碴子味，对外都说标准普通话；三里屯的东北妹子常被误认为北京人。   - 
====SEG==== SESSION:20251006三大高爆发力的B2买入法（10.6晚八） SEG:直播回放_2025-10-06_20-00-15_summary TSIZE:104503	### [开场问候与中秋祝福] (00:00:56 - 00:07:28)  - 核心内容:   - 直播开始时遇到浏览器技术问题，无法看到付费直播画面，但能正常看到弹幕，经过调试后恢复正常。   - 主播向观众表达中秋祝福，与观众互动，询问大家是否吃了月饼；提到直播一开始放歌是为了避免结束太仓促，调整了歌曲播放顺序。   - 直播中多位观众（如豆豆保姆、慎言慎行、戴森舅舅等）送出中秋祝福，主播逐一回应感谢，并祝观众阖家幸福。   - 针对观众提问"国庆假期三天从晚上八点陪伴到凌晨是否为真爱"，主播认为毫无疑问是真爱。   - 对另一位观众"生活中的决策犹豫挣扎怎么改善"的提问，主播建议增加勇气，指出无论怎么选事后都会遗憾，不如闭眼做选择。  - 关键概念:   - 无特定专业概念，以节日互动和情感交流为主。  ### [闲聊国安、中超与上课回顾] (00:07:28 - 00:10:44)  - 核心内容:   - 主播谈到国安队换帅不够彻底（只换了助教），并总结中超夺冠三要点：按时发工资/奖金、安抚好主力球员情绪（"该递烟递烟，该交流交流，该洗澡洗澡"）、在中前场找几个强力外援。   - 对比恒大案例：只要钱到位，主帅里皮不废话也能夺冠；但如果钱不到位，就需要在人情沟通上做足功夫。   - 主播回顾上节课内容，询问观众是否课后复盘，并调侃"忘了才是才华横溢"，提醒大家要复习。同时统计上节课缺席人数，发现有约1.4万人漏课。  - 关键概念:   - 中超夺冠公式：发薪 + 情绪管理 + 强力外援，缺一不可。  ### [抱怨旷课，强调学习态度] (00:10:44 - 00
====SEG==== SESSION:20251006三大高爆发力的B2买入法（10.6晚八） SEG:直播回放_2025-10-06_22-00-19_summary TSIZE:85968	### [B1/B2/B3的盈亏比与确定性排名] (00:00:00 - 00:13:32)  - 核心内容:   - 按盈亏比排名：B1最高，B2其次，B3最低。B1买入后即使不涨也亏不了多少；B3适合艺高人胆大者，普通投资者不建议做。   - 按上涨确定性排名：B3最高，其次B2，B1最低。B3类似“北大清华硕士博士”，经过层层筛选（大阳线、缩量承接等），确认度高；很多牛股都是B3启动。   - B1的确定性低是因为盈亏比高，风险与收益相辅相成；B2的确定性来自“放量花钱”，主力真金白银买入；B3的确定性来自“缩量承接”，说明筹码锁定好、分歧小。   - 按止损幅度排名：B2止损幅度最大，B3次之，B1最小。B2做错后需要承受较大回撤；B1可以“开超市”式分散买入。 - 关键概念:   - B1/B2/B3：三种买入位置/形态标记。B1是连续下跌后的止跌低吸点，B2是放量启动的中长阳，B3是大阳线之后的缩量确认K线（如缩量小阳/半量承接）。  ---  ### [足球转会比喻：B1/B2/B3的风险收益特征] (00:13:32 - 00:16:20)  - 核心内容:   - B1类似“刮彩票”：曼联买董方卓，成本低（80万英镑），没踢出来就弃用，损失小；但可以同时买一堆，博取极高赔率。   - B2类似高价买成名球星：如花1.2亿英镑买维尔茨，一旦没打出来，止损成本极高，但如果成功回报也大。   - B3类似买北大清华博士：已被层层验证，确定性高，即使短期表现不佳也值得再等；止损可设在大阳线中线或B3最低点，灵活狙击。   - B1适合开超市（分散买入），B3不适合开超
====SEG==== SESSION:20251006三大高爆发力的B2买入法（10.6晚八） SEG:直播回放_2025-10-07_00-00-23_summary TSIZE:106122	### [开场与闲谈] (00:00:00 - 00:01:24) - 核心内容:   - 主播提醒“后面的内容很重要”；提到B2玩法对盘子（市值/流通盘）没有要求。   - 观众分享“双线加得紧战法，越紧越给力，越松要看碗，还要找G点，平行多枪战法，放量才能赢”，主播表示没听懂，强调“文明观赛是理智对输赢”。 - 关键概念:   - 无（闲谈为主，引出后续主题）。  ---  ### [B2战法基础与三大暴力图形引入] (00:01:24 - 00:03:44) - 核心内容:   - 双枪距离没有硬性要求，相对平行位置放两门以上长阳/长阴都可以；一门不叫平行，只是常规战法。   - 标准战法（常规战法）是“顺势而为”，赌对趋势即可。   - 正式引入三大暴力图形：①平行重炮（两门以上长阳）；②灾后重建；③跃跃欲试（后文展开）。 - 关键概念:   - 平行重炮：两门及以上长阳线（长阴线则对应空头）相对平行排列，是暴力启动形态。  ---  ### [灾后重建：概念与量化标准] (00:03:44 - 00:07:28) - 核心内容:   - 类比天灾后重建：灾后重建会用最新设备，城市进化更快；连续上涨后缩量回踩黄线，相当于“股灾”。   - 量化标准：放量金叉后缩量回踩黄线的交易价值非常大，是连续拉升前最后的震仓动作。   - 操作确认：踩完黄线后，来一根放量中长阳线，既确认B1，又确认黄线大格线支撑，即构成“灾后重建”。   - 案例：京科科技——建仓波放量缩量→回调等B1→B1出现可在白线止损处买入→进“碗”后长阴短柱下来→B1附近横盘→攻击K线放量，形成灾后重建。 
====SEG==== SESSION:20251006三大高爆发力的B2买入法（10.6晚八） SEG:直播回放_2025-10-07_02-00-27_summary TSIZE:72104	### [常规图形与N星结构] (00:00:00 - 00:03:15)  - **核心内容**:   - 通过具体个股案例讲解N星结构（N字型结构）的识别方法。核心在于个股在上涨回调后，是否能突破前一根放量阴线的高点并创出新高。若创出新高后回调且收盘价已站上前期高点，则说明压力被有效解决；反之，若始终处于那根放量阴线的高低价控制范围内，则图形不完美。   - 明确指出操作纪律：进场前必须设置好止损线。以案例为例，在B二点进场，止损设在3.17元，需要预先衡量能否承受约10%的回撤（案例中最大回撤为8.18%）。   - 对比了“标准B二”与“非标准B二”的区别。标准B二出现时，股价已有效突破前期阴线压力位；而非标准形态，如三维（三维通信）案例，股价始终未能摆脱前期放量阴线的压制，这两者性质完全不同。  - **关键概念**:   - **N星结构（N字型结构）**：一种技术图形，代表股价在一笔上涨后的回调下沿，是判断趋势延续的经典形态。   - **B一、B二、B三**：买点标记，B一为第一个买点（通常位于N字结构下沿），B二为第二个买点，依此类推。   - **放量阴线**：特定成交量（通常为巨量）的阴K线，是重要的压力位或出货信号。   - **缠论**：讲者提及但劝诫不要学习，认为其过于复杂且无实际意义，强调简化分析。  ---  ### [个股案例与旋转木马形态] (00:03:16 - 00:05:35)  - **核心内容**:   - 以“大族数控”为例，展示了“旋转木马”形态的实时识别过程。该股走势并非标准的爆发图形，而是属于**大N型**结构，即股价虽有起
====SEG==== SESSION:20251009闲聊 SEG:直播回放_2025-10-09_00-08-57_summary TSIZE:75693	### [开场闲聊与准备] (00:00:28 - 00:03:16)  - 核心内容:   - 主播开场问候，提到浏览器一直显示黑色的问题。   - 强调直播完全自愿，观众如果困了或第二天要上班/上学，不必勉强熬夜，可以直接去睡。   - 主播起身去拿水，准备开始正式内容。  - 关键概念:   - 无特定术语，主要是直播氛围铺垫。  ---  ### [大盘宏观逻辑与大资金思路] (00:03:16 - 00:07:00)  - 核心内容:   - 大盘目前处于“上高顶，下腰底”的区间，未来两周可能在当前区域震荡消化。   - 如果自己是“大资金”，在当前位置要么不赌，要么只赌一小段上涨，然后迅速离场；最好的走势是高开后不暴跌，维持一根根K线中带结构性行情。   - 大会（可能指重要会议）前后大资金会“严阵以待”，若市场真的炒作政策预期，要注意这已经是第三次出现类似时间窗口，届时该获利了结就要获利了结。   - 强调大资金在第四季度已不再“搏命”，更多是保收益、结账。  - 关键概念:   - 结构性行情：指数不大涨大跌，但板块/个股有局部机会。   - 获利了结：达到预期收益后卖出锁定利润。  ---  ### [百岁山搏命与第四季度博弈] (00:07:00 - 00:10:44)  - 核心内容:   - 回顾一轮行情：从3040点到3600点，一波资金跟随“龙队”赚得盆满钵满；另一股资金（百岁山）踏空后，利用连续两天下跌的机会“玩命”进场搏命。   - 百岁山这种搏命行为随后被“指导/教育/管理”，并且有时试图与“龙队”利益捆绑，参与“Top Ten”中的个股。  
====SEG==== SESSION:20251012川子又来搞事情了？（周日晚八） SEG:20.02-20.37_summary TSIZE:29322	### [开场互动与弹幕白字异常] (00:00:28 - 00:03:16)  - 核心内容:   - 主播开场问候观众是否吃饭，弹幕回应"吃面""吃大面""喝多了"等，显示市场行情不佳。   - 主播发现直播间弹幕全部变成白字，检查舰长数显示"1035"没有变化，刷新浏览器后依然如此，吐槽B站技术故障。   - 主播调侃B站不是科技公司而是游戏公司，不要对B站技术抱有幻想；零星彩色弹幕可能是用户未升级最新App。 - 关键概念:   - 弹幕颜色异常：全屏白字现象，主播称之为"众生平等"。   - 舰长数：直播间付费舰长数量为1035，未随弹幕异常改变。  ---  ### [讨论B站技术故障与充电颜色] (00:03:16 - 00:04:40)  - 核心内容:   - 主播继续吐槽B站技术，发现不仅弹幕变白，"充电"颜色也消失。   - 提到直播间有"四万三千充电的朋友"，按道理应该满屏彩色，但实际没有。   - 主播互动中感谢部分用户，如"Nipton续见老朋友"、用户"苦处"留言提醒早点吃饭等。 - 关键概念:   - 充电颜色：B站用户充电后本应显示的彩色标识，此次也因故障失效。  ---  ### [解答机构尾盘拉升与买车建议] (00:04:40 - 00:07:00)  - 核心内容:   - 解答"机构四维亚的尾盘拉升"：机构尾盘拉升一般是为了补仓（公募一开始没买全，尾盘急买）；但绝大部分尾盘拉升不是机构干的，而是游资、大户或老鼠仓。   - 给27岁、预算20万的单身年轻人买车建议：不要上杠杆、不要贷款，车从4S店开出来就贬值10%起。   - 具体推
====SEG==== SESSION:20251012川子又来搞事情了？（周日晚八） SEG:20.37-21.38_summary TSIZE:54714	### [川普的从政动机与心境] (00:00:00 - 00:01:52)  - 核心内容:   - 川普从政属于“半路出家”：前半生当花花公子、赚钱玩乐，后来觉得钱和女人都没意思、事业也无挑战，于是想从政找新刺激。与小布什从小立志继承祖业、接受精英治国教育不同，川普是“美国王思聪”式的心态。   - 川普非常渴望获得诺贝尔和平奖，身边人已把气氛烘托到位，甚至已经订好场地、准备好派对和模特（提到维多利亚名模、卡戴珊等），就等第二天领奖。   - 川普对钱本身并不看重，认为“钱很俗”；他不当总统也早已花不完，所以追求的是“名”和“历史地位”。他还在意“七十三、八十四”的年龄坎，想再往上走。   - 提到有人传川普老鼠仓，但主播认为那些都是他身边人干的，川普本人不把赚钱当回事。  - 关键概念:   - “美国王思聪”：形容川普是富豪进入政界，不是职业政客出身，动机是找乐子和挑战。   - “人在家中坐，等奖呢”：指川普以为诺贝尔和平奖稳了，结果落空，是后续情绪爆发的背景。  ### [诺贝尔奖落空与稀土制裁的打击] (00:01:52 - 00:03:44)  - 核心内容:   - 川普对钱看得很轻，继续强调他追求的是名、是历史地位；跟马云提钱反而伤感情。   - 川普很在意“七十三、八十四”这种寿命坎，所以想通过拿诺贝尔奖等功绩“往上走”。   - 领奖当晚的一切都已准备好：场地、名模、卡戴珊等，机票都订好了，结果诺贝尔和平奖没给他，派对也没去成，让他非常郁闷。   - 就在他憋着气的时候，突然又遭到稀土制裁的“雷霆一击”。很多人以为稀土问题已经扯皮很久，但主播强调这次“嘎
====SEG==== SESSION:20251012川子又来搞事情了？（周日晚八） SEG:21.38-22.04_summary TSIZE:21884	### [特朗普幕僚团队：辛苦且专业] (00:00:00 - 00:02:20)  - 核心内容:   - 特朗普本人是否有文化不重要，关键在于他的幕僚团队是否有文化、有水平。这个团队是历任美国总统幕僚团队中“钱赚得最该赚”的，因为天天要替特朗普“擦屁股”，非常辛苦。   - 用公关公司做类比：正常大型企业公关月费约15万，而特朗普这摊子的工作量“150万都下不来”。他经常反悔、想一出是一出，每天发十几条推特，光是公关处理就极其繁琐。   - 对比贾跃亭“一年六千万”的活，特朗普团队的难度更高；如果说前任幕僚“两个推特都解决不了”，特朗普每天十多条，工作量翻了好几倍。   - 尽管如此，特朗普能当上总统，其幕僚团队一定是美国精英，不可轻视。  - 关键概念:   - 幕僚团队：为总统提供决策支持、政策执行、危机公关等服务的核心智囊队伍；此处强调其工作强度与专业能力。  ---  ### [团队内部分歧与决策摇摆] (00:02:20 - 00:06:04)  - 核心内容:   - 特朗普团队内部有真正的高手，如财政部长森特（贝森特）、美联储主席鲍威尔，以及主张对华贸易战的纳瓦罗；但特朗普在“信森特”和“信纳瓦罗”之间摇摆不定，没有坚定执行任何一方的路线。   - 用袁绍比喻特朗普“智大而无谋，色厉而胆薄”：要么彻底信纳瓦罗，全面封锁中国贸易，做好“伤敌一千自损一千”的准备；要么彻底信森特，稳住市场。但他只做一半，美股稍微受冲击就承受不住，政策半途而废。   - 批评特朗普不把专业事交给专业人办，比喻像国安董事长周老板“亲自指挥、亲自选主教练、选外援”，结果越搞越乱。   -
====SEG==== SESSION:20251012川子又来搞事情了？（周日晚八） SEG:22.05-22.29_summary TSIZE:21900	### [回顾高切低策略：以备不时之需] (00:00:00 - 00:00:28)  - 核心内容:   - 将之前配置的银行、保险、券商、白酒等板块理解为“龙队攒的钱”，目的是“以备不时之需”。   - 强调“不时之需”已经到来——当前市场环境正是此前预留防守资金所要应对的局面。  - 关键概念:   - 龙队：指国家队/主力资金，其前期拉抬权重板块积累“弹药”，用于后续市场稳定或对冲风险。   - 以备不时之需：提前布局防守性板块，等待风险事件出现时发挥作用。  ---  ### [指数维稳顺序与板块现状] (00:00:28 - 00:01:52)  - 核心内容:   - 维稳逻辑顺序：先稳上证指数和恒生指数，再深成指、创业板指、科创板，最后北交所。   - 此前高切低切出的防守板块（顺周期）当前踏实；半导体等科技板块已连续上涨约30%，周五回调约6%属正常。   - 半导体虽放量处于S1卖出信号，但尚未跌破白线；一黄也是S1状态。   - 持有科技票者只能等连续杀跌后的超跌反弹；底部的顺周期板块因有保指数功能，可以踏实持有。   - 后市重建逻辑：科技仍会是正轨，但后面必然分化；硬件切到软件的可能性不好说，只能等灾后重建后找黄线B1买点。  - 关键概念:   - 高切低：将涨幅大、估值高的板块卖出，切换到低位、有业绩/护盘属性的板块。   - 顺周期：化工、猪肉、煤炭、白酒等与经济周期相关且权重较大的板块，具有防守和护指数作用。   - S1：技术卖出信号之一，通常出现在放量滞涨/冲高回落时。   - 白线/黄线：技术分析中的均线或关键支撑位/趋势线。   - 百
====SEG==== SESSION:20251012川子又来搞事情了？（周日晚八） SEG:22.30-23.06_summary TSIZE:35559	### [农业板块涨停与B1操作回顾] (00:00:00 - 00:02:48)  - 核心内容:   - 农业板块出现集体大涨，如北方农业、江西农业涨幅达25%~30%；短期是否回调受政策影响极大，例如9:15可能召开发布会，无人能准确预测；但中长期方向可以看清。   - 回顾此前“B1”操作：在二楼讲“B2”时已提示，即使是涨停的“B1”也不做。理由是尾盘拉涨有出货嫌疑，次日低开、第三天把涨停幅度全部杀回，追高者可能被套。   - 强调这是“缩量上去，拉出出货空间”的典型经验；通过这种尾盘异动和后续量价关系可识别出货。   - 批评有观众“一问三不知”，指出很多人错过了十一期间“B2”的重要课程。  - 关键概念:   - B1/B2：指博主交易体系中的两种买点或操作级别，B1可能是风险较高的短线追涨点，B2被强调为更重要、需要系统学习的课程。   - 出货空间：主力拉高股价制造出货区间，随后通过缩量假突破或尾盘拉升吸引跟风盘派发。  ---  ### [怒斥十一听课人数少，B2不补课] (00:02:48 - 00:05:36)  - 核心内容:   - 气愤地指出：此前直播讲“B2”重要课程时，人数从4.3万降到2.6万，很多人十一假期“飘了”，变成“股神”不来听课。   - 去年就预言过牛市来了之后很多人会自以为是、不听讲；现在市场回调后又不踏实，重新回来听课。   - 明确表示“B2不补课”，只提供录播回放，因为补课的第二遍投入程度和兴奋度不如第一遍。   - 提到市场（“穿”）又出来搞事情，但因为已经提前切换到低位板块，所以心态踏实。  - 关键概念:   - 
====SEG==== SESSION:20251012川子又来搞事情了？（周日晚八） SEG:23.18-23.28_summary TSIZE:10914	### [机器人板块的投资逻辑] (00:00:00 - 00:01:52)  - 核心内容:   - 当前券商（东财、财联社等）密集为机器人板块站台，但自营或资管可能不允许卖出相关产品。   - 机器人板块预计明年四季度会有人建仓，核心逻辑是等待特斯拉机器人（“特普/斯克特普”）上市，其产业链大概率仍在中国。   - 类比此前“杂料、果料、特料”的炒作，未来可能形成“机料”（机器人产业链）行情；届时供应头部、腿部等零部件的厂商会明确，每年可参与一波“机炼”（机器人产业链行情）。   - 不需要提前埋伏，应等主力“移动”后再跟进，例如铜这波行情中，北铜、江铜已经启动，跟着进去即可。 - 关键概念:   - 机器人产业链确认：等待特斯拉机器人上市，产业链具体分工清晰后再参与。   - 移动跟随：等大资金或龙头标的先行启动，再顺势介入，避免埋伏。  ---  ### [做波段与不出头策略] (00:01:52 - 00:02:48)  - 核心内容:   - 不要总是想潜伏，要等待“大哥们”攒局拉升时再跟着进去。   - 果料、大料这类板块每年大约有一次行情，通常出现在新品上市前；目前行情节奏受贸易战影响：贸易战升级时下跌，缓和时快速来一波，之后再因限制下跌。   - 麒麟会等资金也在其中做波段；当前在“基神ETF”中操作会比较难受。   - 对于“瑞哥会不会国内再头突破”的问题，认为没必要抢跑；可以先让市场跑一周，看明白后再回来“收”。   - 强调历史智慧：“枪打出头鸟”“木秀于林，风必摧之”，策略是等待方向明确后一波带走。 - 关键概念:   - 波段节奏：根据贸易战和政策消
====SEG==== SESSION:20251012川子又来搞事情了？（周日晚八） SEG:二楼 1 点半_summary TSIZE:48126	### [阿里巴巴遭华尔街做空，港股承压] (00:00:00 - 00:01:52)  - 核心内容:   - 阿里巴巴被华尔街做空，原因在于其AI故事缺乏底层资产支撑：美股有OpenAI、Oracle、EMD等公司，底层资产是NVIDIA显卡；而阿里巴巴没有芯片/显卡，却参与资本开支游戏，因此被做空。   - 港股受拖累，明天阿里巴巴必然承压，港股整体也很难。指数贡献方面，中概股如京东、阿里、理想等被砸，会拖累港股。   - 港股原本较强，但周五那根下影黄线放大了港股当天的跌幅。明天能否扛住要看“某队”是否有余力，不能心有余而力不足。 - 关键概念:   - 底层资产：支撑公司估值故事的实际核心资源，如NVIDIA显卡之于美国AI公司，阿里巴巴缺乏此类资产。   - 做空：华尔街因阿里巴巴缺乏底层资产而对其股票进行做空操作。  ---  ### [双宽逻辑不变，周三拟讲成交量] (00:01:52 - 00:03:44)  - 核心内容:   - 核心观点仍是“双宽”：宽货币、宽财政。日本（安倍经济学继承者上台）、美国都坚持双宽，中国也必须双宽。   - 双宽背景下，钱没有地方去：没人创业、制造业困难、各行各业难。资金只会流向有赚钱效应的地方。   - 原计划周三教如何看成交量，这是“基本功中的基本功”，相当于练内功的易筋经。但会根据周一至周三市场走势动态调整，也可能改为给牛市开追悼会。 - 关键概念:   - 双宽：宽货币与宽财政的政策组合，是本策略的核心逻辑基础。   - 赚钱效应：资金流向的引导因素，有赚钱效应的地方才能吸引资金。  ---  ### [持股不动，不接
====SEG==== SESSION:20251012川子又来搞事情了？（周日晚八） SEG:二楼 12 点半_summary TSIZE:46788	### [开场互动与直播准备] (00:00:00 - 00:01:24) - 核心内容:     1. 直播正式开始前，主播回应了观众互动，提及了“舰长”彩色字体功能、感谢观众“真花钱点赞”和投币支持。     2. 主播提到B站不是科技公司，并调侃了直播间的氛围；同时表示自己有点饿，准备吃点饭，并补充了维生素。     3. 直播准备就绪后，主播宣布开始正式内容，计划将关注列表中的标的“挨个过一下”，并提示观众“长话短说”，让观众早点休息。 - 关键概念:     - 舰长 (B站直播间的一种粉丝身份，可发送彩色弹幕)     - 点赞、投币 (B站互动功能)  ---  ### [赛赛图形与出货方式识别] (01:24 - 04:40) - 核心内容:     1. **赛赛走势判断**：主播认为赛赛（某股票/标的昵称）当前走势没有问题，即使出现了一根阴线也不算问题，因为“没加速呢”。     2. **图形分析**：该标的在底部横盘约一年后，近期出现连续加速上涨（从69到140，近乎翻倍），主播将其归为“标准S1”（可能指特定的出货形态）。     3. **出货方式判断**：主播指出当前走势不属于五种出货方式中的任何一种，因为行情还没加速。他提到上一根大阳线“把盘给扑了”，让前期套牢盘解套，然后“放量回来”这一根，意在洗盘而非出货。     4. **技术细节**：主播提示观众观察“这根是什么”，强调该位置是典型的“钓鱼执法”（假装出货实际洗盘），并指出内部是“老庄老机构”，不容易被短庄玩动。 - 关键概念:     - 五种出货方式：主播此前总结的出货形态分类（具体
====SEG==== SESSION:20251012川子又来搞事情了？（周日晚八） SEG:直播回放_2025-10-12_23-30-49_summary TSIZE:95064	### 直播开场与闲聊 (00:01:24 - 00:02:48) - 核心内容:   - 主播发现直播间大部分是白字，只有舰长才能发彩色字；有粉丝“温柔朱雀”花钱点赞，主播表示感谢并劝大家不必破费。   - 提到“万家军应有尽有”等弹幕，表示要准备吃点饭，因为有点饿；调侃B站不是科技公司。   - 互动氛围轻松，主播在吃东西、找维生素，准备开始正式内容。 - 关键概念:   - 直播间互动机制：彩色弹幕/点赞需要付费或舰长身份。  ---  ### 分析赛赛：出货方式与牵牛绳策略 (00:02:48 - 00:08:24) - 核心内容:   - 分析个股“赛赛”：认为当前图形没有问题，即使出现一根大阴线也不是问题，因为“没加速呢”。   - 回顾五种出货方式，指出该股不属于其中任何一种，因为还没有出现加速；横盘约一年，主力只赚“这三根”的钱，属于“钓鱼执法”。   - 描述股价从69到140翻倍，且是连续加速，属于标准的S1（第一波加速）阶段；当前这根K线是“把套牢盘解套后放量回来”，但并不能据此判断主力出货。   - 操作建议：如果在白线之上已累计上涨约20%（从138到174，涨幅3.7%、5.77%、7.78%），至少应放飞三分之一仓位；若信心足可放飞四分之一。不想减仓则要用“牵牛绳”（白线）策略持有，跌破白线要认错减仓。   - 强调“慢城（曼城）阵容”可拿到最后一个加速后的S1，关键是“你的碗”（自己的交易系统/纪律）。 - 关键概念:   - 五种出货方式：主播此前总结的出货形态，本段强调未加速就不算出货。   - S1：第一波加速上涨阶段。   - 放飞：分批
====SEG==== SESSION:20251015关键K的重要价值（周三晚八） SEG:直播回放_2025-10-15_20-01-11_summary TSIZE:102665	### [直播开场与设备调试] (00:00:28 - 00:02:20) - 核心内容:   - 主播调试直播设备，发现浏览器不支持付费直播，提示需使用 Chrome 或 Edge 浏览器观看。   - 确认直播为“充电直播”，并解决自己无法进入直播间的问题后正常开播。 - 关键概念: 无  ### [观众互动与闲聊] (00:02:20 - 00:05:08) - 核心内容:   - 主播与观众互动，调侃“白字”“粉字”“彩字”等不同粉丝标识，强调“众生平等”，不要互相看不起。   - 有观众晒净值新高，主播表示自己净值还没新高，提醒大家“踏踏实实”，不要因短期盈利而膨胀。   - 提到“大富翁”游戏融合炸金花、德州和赛马精髓，引出“踏踏实实”的做事态度。 - 关键概念:   - 反内卷：观众间互相调侃，主播引导专注自身。  ### [预告关键K主题] (00:05:08 - 00:10:44) - 核心内容:   - 主播预告今晚主题是“关键K的重要价值”，这是承诺很久的内容。   - 担心大家学完会乱，强调如果听不懂就坚持之前的方法；但“不能再原地踏步”，要往前走。   - 主播表示这个主题“三分钟讲不完”，一般要三小时起，提醒观众耐心；自己不会为了赶时间而压缩内容。   - 提醒观众标题已改为“关键K”，避免大家找不到直播主题。 - 关键概念:   - 关键K：今晚核心主题，指在关键位置出现的有决定性意义的K线。  ### [答疑：金价股价比值与交易问题] (00:10:44 - 00:17:16) - 核心内容:   - **金价与股价比值问题**：金价是全球统一定
====SEG==== SESSION:20251015关键K的重要价值（周三晚八） SEG:直播回放_2025-10-15_22-01-15_summary TSIZE:91770	### [关键K线的定义与操作意义] (00:00:00 - 00:09:20)  - 核心内容:   - **关键K线的定义**：关键位置放量突破或杀跌的K线，是趋势转折的“标志性K线”。例如，在一堆横盘K线后，某根K线放巨量突破平台，吃掉上方套牢筹码，即为上涨趋势的关键K线。   - **关键K线的操作意义**：关键K线出现后，其后一段时间内的K线（在关键K线高低点之间的震荡）基本没有交易价值，均受关键K线“管理”。操作上应等待后续回调至关键K线附近（如B1点）的买入机会，而非追高。   - **关键K线的判断标准**：放量（尤其是天量）、位置关键（突破平台、前高或均线）。量能越大，关键K线的意义越重大；若量能不足或位置不佳，则交易价值低，仅作观察。   - **操作示例**：以2012年案例说明，关键K线出现后，后续K线均在高低点内震荡，不具交易价值。教训是“别抢大哥的底”，应等主力（关键K线）明确后，在回调点（B1、B3）介入。  - 关键概念:   - **关键K线**：在关键位置（突破平台、前高、趋势线等）放量（通常为天量）的K线，标志着大资金的入场或离场，具有趋势反转或衰竭的指示意义。   - **交易价值**：关键K线高低点之内的震荡K线，被视为无交易价值，应避免参与。   ### [大资金入场信号——平地惊雷] (00:09:20 - 00:12:36)  - 核心内容:   - **平地惊雷**：指横盘期间突然出现一根放巨量（天量）的阳线（如涨停）突破平台，这是大资金入场的明确信号。特点为“打明牌”，盘子越大（如300亿以上）信号越准。   - **画线与区
====SEG==== SESSION:20251015关键K的重要价值（周三晚八） SEG:直播回放_2025-10-16_00-01-19_summary TSIZE:97969	### [个股关键K线结构分析] (00:00:00 - 00:08:24)  - **核心内容**:   1. 以“机器人”板块某只个股为例，演示如何通过**关键K线**判断个股走势。该股前一日率先涨停，今日继续强势，其前期有根大阳线确立多头格局，股价始终运行于该关键K线上方，形成“层层布防”的多头结构。   2. 关键K线的识别方法：寻找放量且能确立一段趋势的K线（最好为涨停长阳）。该股从高点回调时连续缩量（如八连缩量），在关键K线附近止跌并再次放量，说明主力资金仍在场，属于标准的多头“扎实”形态。   3. 关键K线的应用：股价不跌破关键K线（尤其收盘价）则趋势未坏；跌破后可依次寻找下一层关键K线作为防守线。即使出现回调，只要未破位，就属于正常洗盘；判断是否A杀（急速反转）要看是否有加速赶顶，若无加速则大概率转为震荡而非A杀。   4. 特别强调：大盘系统性下跌日（如4月7日）的K线可忽略不计，应聚焦个股自身结构。对于走势标准的个股，不应频繁询问，而应依据结构持有。  - **关键概念**:   - **关键K线**: 放量、能确立一段趋势方向的K线，是后续走势的支撑或压力位。   - **密集缩量回调**: 股价上涨后连续数日缩量回调，不破关键K线，视为健康洗盘。   - **多头防线**: 由一根根关键K线构成的层层支撑位。   - **A杀/趋势反转**: 快速下跌导致趋势反转，通常发生在加速赶顶之后；无加速则大概率转为震荡。  ---  ### [粉丝互动与生日祝福] (00:08:24 - 00:10:16)  - **核心内容**:   1. 主播与直播间粉丝
====SEG==== SESSION:20251020枪林弹雨的十月该如何应对？（周日晚八） SEG:1 点 二楼_summary TSIZE:52743	### [经典做庄手法：欧菲与高伟达] (00:00:00 - 00:05:36)  - **核心内容**:   - 以欧菲为例，讲解典型做庄出货手法：主力在顶部缓慢、每天卖一点，把中间段的筹码逐步交给散户；若后续横盘且出现“红肥绿瘦”（阳线多、阴线少），则可能是还有底仓，等下一波行情。   - 强调该票符合所有技术派和趋势派规律，是“最新一波做庄的经典案例”，尤其最后几根缩量上冲，是给最终出货制造空间。   - 对比高伟达案例：区间震荡时白线在黄线上方，放量、缩量交替；大盘不好时顺势洗盘，最后破位是“震仓点”。判断依据是“量不会出卖人”——前面吃了多少货，后面就得吐多少货；若没吐量，就是顺势洗盘。   - 高伟达之后出现“S1”阶梯量出货，一波短装涨幅约84%。欧菲与高伟达高低点不同，但形态类似；当前欧菲白线在黄线之上，量能未出，判定为上下震荡洗盘。  - **关键概念**:   - **做庄/庄图**：主力资金通过吸筹、洗盘、拉高、出货等步骤控制股价走势，留下的K线形态即“庄图”。   - **白线/黄线**：指短期均线（如白线为5日或10日线，黄线为20日或30日线），用于判断短期趋势强弱。   - **阶梯量出货**：成交量呈阶梯式递减/递增的出货形态，常见于主力派发阶段。   - **震仓点**：主力拉升前故意打压股价、洗出浮筹的时机，常伴随缩量破位。  ---  ### [欧菲走势分析：缩量洗盘与防守位] (00:05:36 - 00:08:52)  - **核心内容**:   - 欧菲在11元附近平台震荡，上涨时量能未明显放大，说明主力没有出货；白线在黄线之上，属
====SEG==== SESSION:20251020枪林弹雨的十月该如何应对？（周日晚八） SEG:10点_summary TSIZE:57540	### [交易认知与市场现状] (00:00:00 - 00:04:40)  - **核心内容**:   - 多数投资者即使知道交易方法（如“盲选十盘”）也做不到，核心障碍是“知行合一”。市场长期在3800-3900点横盘，仅一根2%的上涨就让散户难以承受，若未来大盘到4800、5300甚至5900点，出现连续两天跌停会更难应对。   - 主播计划在“S1”（可能指某个上涨阶段）结束后收手，不再与认知不到位的投资者“缠斗”，后续可能只聊轻松话题。他强调要盯住主要矛盾和矛盾的主要方面，例如自己账户从九月中旬回撤很正常，因为此前三个月连续创新高。   - 任何股票走势都是N型结构。目前市场“还没正式开始”，投资者仍有一些时间练习基本功；当前行情对牛市而言只相当于“小孩桌”，如果连震荡都处理不好，后续遇到跳空高开、天地板等极端走势会更难把握。   - 以国盛为例，两个涨停后出现跌停、跳空下杀，之后又拉高7%，持有者需要判断能否拿得住；没有买点的一律不推荐。  - **关键概念**:   - **N型结构**: 股价走势通常呈现“上涨—回调—再上涨”的N字形态，回调低点是后续关键支撑。   - **主要矛盾/矛盾的主要方面**: 投资中要抓住决定成败的核心因素，不被短期波动干扰。  ---  ### [白线战法与体感差异] (00:04:40 - 00:07:00)  - **核心内容**:   - 白线（可能是均线或某个技术指标线）是判断持有/卖出的简单工具：只要股价在白线之上就拿着，跌破白线就卖，再涨起来就重新买入。但很多人因为“太简单”而不相信、做不到。   - 解决“怕”的方法
====SEG==== SESSION:20251020枪林弹雨的十月该如何应对？（周日晚八） SEG:11 点_summary TSIZE:53519	### [港股下跌与化工板块回撤讨论] (00:00:00 - 00:04:40)  - 核心内容:   - 港股恒生指数整体下挫，前期被热炒的大科技股集体回调。举例：某只股票从690港元跌至608港元，跌幅近100港元；阿里巴巴也出现明显下跌。原因是外资一致做空 + 获利盘回吐。外资做空成功的条件在于市场有大量获利盘；没有上涨的板块（如券商）因缺乏恐慌性抛售，难以形成一致做空。   - 化工板块回撤被质疑，主播反驳：这只是上涨后的正常回撤。以万华化学为例，虽然跌破某个位置，但这是大盘指数贡献拖累，且回到了此前B一买入区域附近，并非破位下跌。他强调自己之前就在该位置提示过，走势正常。   - 批评那些“单压重仓、又想下跌时自己涨、上涨时自己最快”的想法不现实。举例某只化工股前期涨幅达47.7%，如果不在高位了结，最终被A杀，没什么可抱怨的。化工板块没有基本面问题，跌就是跌，无需解释。  - 关键概念:   - 获利盘：账面盈利的持仓，是回调时的主要抛压来源。   - 一致做空：资金形成合力做空，需要市场有恐慌性抛售配合。   - A杀：股价快速拉高后连续暴跌，追高者被套。   - B一位置：技术分析中的支撑/买点位置（本视频反复使用）。  ---  ### [强调配置与止损原则] (00:04:40 - 00:06:04)  - 核心内容:   - 重申交易原则：最早的四步原则——B一买入，往下设止损位；如果是追高买入的，没有资格抱怨亏损。   - 反复强调“配置”的重要性：在一个板块内，配置一只纯血、一只混血，或者一只大票、一只小票，用来分散风险。不要重仓单押一只股票。   
====SEG==== SESSION:20251020枪林弹雨的十月该如何应对？（周日晚八） SEG:12 点 二楼_summary TSIZE:57643	### [市场无方向、垃圾时间与底部选股] (00:00:00 - 00:01:24) - 核心内容:   - 当前市场大资金（机构）没有方向：上周煤炭、白酒、券商、猪肉等板块轮番异动，原因是机构无处可去，主线行情接近尾声，只能转向自己最熟悉的领域做防守或试探。   - 当前阶段属于“垃圾时间”：每次N型结构下来后的这个位置都是垃圾时间，不是好的选股时机；选股应等到大盘确认底部之后再进行。   - 铁矿板块轮动还早，暂时不用关注；直播中提醒“明天上班的赶紧睡”，并预告后续会把“小特”作为案例讲解。 - 关键概念:   - 垃圾时间：市场缺乏明确方向、主力资金无主线可做、赚钱效应差的阶段，通常需要等待大盘底部确认后再选股。  ---  ### [国盛、华丰走势分析] (00:01:24 - 00:03:44) - 核心内容:   - 国盛：股价在白线之上，但周五出现一根放量阴线，属于有人在出货；不过之前也有类似出货量，并不代表行情走完。后续可能有两种走势：快速震荡上行，或横向震荡消化。操作上“牵牛绳牵好”，继续持有观察。   - 华丰：走势呈“碗里”形态，可能跟随大盘反弹到黄线附近。目前走势没有大问题，关键K在高点附近，周二或周三可能形成黄线支撑。需注意当天也放量了，属于下杀后拉起的另一根关键K。   - 华丰两个关键K的判断：第一根关键K的高点、低点已明确，原则上不能跌破该关键K低点；该关键K入场的主力已经守了四天，按“衰竭K”的规律，四天之后容易变盘，明天要么上去、要么下来，再横一天就偏久了。 - 关键概念:   - 关键K：决定短期走势的重要K线，通常用于判断支撑/压力位和
====SEG==== SESSION:20251020枪林弹雨的十月该如何应对？（周日晚八） SEG:2 点 二楼_summary TSIZE:14015	### [开场：第三空间与房产闲聊] (00:00:00 - 00:00:56)  - **核心内容**:   - 提出“台球室属于第三空间”的观点，并顺势进入房产话题。   - 给出城市房产建议：省会城市房子不用卖（因为是本省人置业的第一选择）；而“新西兰”地区的房子应该卖掉，因为人口基本都流向成都。   - 分析成都楼市：房子越建越花样是因为“卷”，需求大；西部大开发相关政策与总部基本都放在成都。   - 明确提示：佛山公寓要“赶紧卖”；蒙特利尔房价因不熟悉加拿大市场不作评价。  - **关键概念**:   - **第三空间**：指居住和工作之外的社交/休闲场所（本段以台球室为例）。   - **新西兰**：指代新疆、西藏、兰州（甘肃）、银川（宁夏）、青海等西北地区。  ---  ### [新西兰释义与成都房产讨论] (00:00:56 - 00:01:52)  - **核心内容**:   - 进一步解释“新西兰”具体指新疆、西藏、兰州、银川、青海等地，并说明这些地区人口外流趋势明显。   - 主播表示自己“最近在全国做功课”，暗示对楼市有系统性观察。   - 回应弹幕“去成都算避险吗？”：反问“有何险可避？”，并称自己在北京是“跟国家一起守国门”，强调珍惜太平盛世。   - 回答南宁买房提问：南宁“只卖不买”，即不建议买入。   - 提到“嘉兴”时表示保留意见，未展开细说。  - **关键概念**:   - **新西兰**：西北新、西、兰等地区的简称，代表人口流出区域。   - **避险**：指通过换城市/置业来躲避某种风险，主播认为该说法不成立。  ---  ### [
====SEG==== SESSION:20251020枪林弹雨的十月该如何应对？（周日晚八） SEG:8 点_summary TSIZE:38123	### [开场调侃，稳定军心] (00:00:00 - 00:02:48) - 核心内容:   - 主播以轻松语气开场，安抚观众情绪，称当前市场状况不至于“垂头丧气”，反问“现在有什么情况吗”。   - 提到弹幕中“治愈”“亏本”的多为新来观众，让他们“先坐那儿别说话”；从2700点一路走来的老粉，都是“颠沛流离”“屁滚尿流”上来的。   - 强调“上有顶，下有底”，如果3700点才来，只能怪自己来晚了。 - 关键概念:   - 稳定军心：用历史波动经验缓解当下恐慌。   - 新老粉丝区分：老粉经历过多次波动，新粉需先观察学习。  ### [黄金价格互动讨论] (00:02:48 - 00:06:32) - 核心内容:   - 假设当前金价1000元/克，问观众“贵不贵”，但老粉没有上当，主播感叹“都是老粉了”。   - 对比：小时候金价约200元/克，前两年到过300元/克，所以现在1000元/克肯定贵；但“贵不贵”取决于你什么时候开始关注。   - 主播年龄42岁，回溯1983年黄金价格，用豆包查数据为48元/克。   - 明确表态：咱家不碰黄金。原因：纸黄金是骗局；期货黄金有杠杆，波动扛不住；实物黄金不好变现、不好携带；真到危机时刻，实物黄金换不来面包。 - 关键概念:   - 相对价格感知：对“贵”的判断受关注起点影响。   - 不碰黄金的体系理由：交易体系排除黄金，因为纸黄金、期货黄金、实物黄金各有缺陷。  ### [黄金历史对比与长期视角] (00:06:32 - 00:12:08) - 核心内容:   - 1983年黄金48元/克，42年后约1000元/克；但19
====SEG==== SESSION:20251020枪林弹雨的十月该如何应对？（周日晚八） SEG:9 点_summary TSIZE:50061	### [开场闲聊：可乐与明星代言] (00:00:00 - 00:05:36) - 核心内容:   - 主播回忆起高中时期因球星代言而买百事可乐，把包装纸贴在墙上，但日常喝可口可乐，调侃“生活还是可口可乐”。   - 针对“可乐杀精”的弹幕，主播认为全球人口从60亿增至70亿，未发现问题；对“喝可乐生不出儿子”的说法持保留意见，但认为“喝多了孩子是黑的”纯属一派胡言。   - 提到歌手王嘉尔喝“1573”（国窖1573）对瓶吹，还喝茅台，主播欣赏其代表中国文化输出优质核心资产，并调侃王嘉尔穿自家品牌“Z Two”。   - 澄清朗朗穿“Z Two”后不到一个月，而正常补货周期是三个月，说明黑色款是三个月前就已下单补货，并非借机炒作。 - 关键概念:   - 核心资产文化输出：通过明星（王嘉尔）喝中国高端白酒、穿中国品牌，向全球传播中国文化。  ### [股市策略：怕就销户与高切低防守] (00:05:36 - 00:10:44) - 核心内容:   - 主播强调同一道理已讲过多次（至少第四五次），老粉已听三四遍；再次给出结论：“怕就销户，不怕就锁仓不看，六千点见”，但提醒不要断章取义、盲目持有。   - 回顾上周操作：港股虽有下跌，但主力方向“Z加军”应全胜；宁德没跌，小米跌得多但已三倍；自己持仓从210元加仓到370元，涨到680元后建议调到600元，仍有质疑。   - 已提前三周提醒高切低到白酒、煤炭、猪肉、券商，这些板块上周都在涨；强调这些板块是用于防守和对冲，不是用来爆发式上涨的。   - 科技股已处于55-60倍市盈率高位，随时调整；市场下跌时资金会切向有业绩的板块
====SEG==== SESSION:20251020枪林弹雨的十月该如何应对？（周日晚八） SEG:直播回放_2025-10-20_00-15-40_summary TSIZE:125342	### [开场闲聊：市场无方向] (00:00:00 - 00:03:44)  - 核心内容:   - 当前市场处于“垃圾时间”，机构资金没有方向，缺乏有持续性的板块，不宜乱动。   - 上周煤炭、白酒、券商、猪肉等板块出现异动，原因是机构无处可去，不愿给高位板块接盘，于是转向自己最熟悉的领域避险。   - 每次N型结构调整下来的位置都是垃圾时间，选股应等待大盘确认底部之后再进行。   - 预告今天会重点讲解“小特”作为案例。  - 关键概念:   - **垃圾时间**: 市场缺乏明确方向、赚钱效应差的阶段，此时宜观望不宜操作。   - **N型结构**: 指股价或大盘呈现N字形的上涨-回调-再上涨的走势结构。  ---  ### [关注标的总览（一）] (00:03:44 - 00:10:44)  - 核心内容:   - 国盛：周五出现一根放量阴线，有人在出货，但整体走势未走完，后面可能震荡，需拿好“牵牛绳”。   - 华丰：处于碗型结构（B一）中，关键K线在支撑，主力已守了四天，四天是衰竭K的时间窗口，明天要么上去要么下来。若再横一天就偏久了。   - 猪肉：多次出现上影线，抛压较大，但一直在碗里，相对安全。短期没有政策催化，上涨乏力。该仓位主要用于对冲防守，不必期待太高。   - 低波红利：已回到前期高位，主要功能是对冲和平滑净值曲线。过去六年呈N型上涨，属于“稳稳的幸福”。策略每年有约5%分红保底，可用来对抗牛熊周期。  - 关键概念:   - **关键K线**: 对后续走势有重要支撑或压力作用的K线，通常伴随较大成交量。   - **衰竭K**: 连续防守多日（如四天
====SEG==== SESSION:20251022独门对称战法看透主力真实意图（周三晚八） SEG:直播回放_2025-10-22_20-03-49_summary TSIZE:99000	### [直播开场与闲聊] (00:00:28 - 00:02:48) - 核心内容:   - 主播因B站提示需要修改DNS而重启电脑，折腾一番后才进入直播间，表示并未实际修改任何DNS设置。   - 主播今日穿着睡衣，在家休闲状态，自称早早坐在电脑前并未迟到。   - 与观众互动，有人提到“母子平安”，主播提到有哥们儿生孩子给他发消息，并问候各位观众是否吃饭。 - 关键概念: 无核心术语，主要为开场寒暄与直播状态说明。  ### [观众互动与生日祝福] (00:02:48 - 00:07:00) - 核心内容:   - 主播回应观众关于湖北国资新闻的留言，表示资产重新定价“只是刚刚开始”，湖北走得比较快，后续各地国资绑定会陆续到来，包括以前叫“军民融合”的模式。   - 多位观众互动：有徒儿三十岁生日、DS华十九岁生日，主播送出生日祝福。   - 有观众请假说老婆正在产房生孩子，主播祝福母子平安，并叮嘱要好好对待媳妇。   - 主播提到ZS三要明年才出，但ZS two秋冬版马上上架，正在做最后准备。 - 关键概念:   - 国资绑定/资产重新定价：指地方国资与上市公司绑定，推动资产价值重估的过程。  ### [市场情绪与历史经历] (00:07:00 - 00:11:12) - 核心内容:   - 主播观察到周一至周三市场很无聊，但市场气氛和Z家军内部已出现灰心丧气、学不动的情绪，认为这正好验证了之前直播讲过的内容。   - 强调当前只是上涨过程中的一个小浪，尚未出现千股跌停，散户已出现畏难、退缩情绪。   - 分享个人经历：2015年熔断当天，大盘九点三十七分直接熔断跌停；
====SEG==== SESSION:20251022独门对称战法看透主力真实意图（周三晚八） SEG:直播回放_2025-10-22_22-03-53_summary TSIZE:100352	### [银行板块与慢牛逻辑] (00:00:00 - 00:05:08)  - 核心内容:   - 以银行存款数据对比说明银行股估值仍低：九月末人民币存款约113.15万亿，对比早期15.25万亿（约8倍），但工商银行股价仅从9元涨到12.3元，涨幅有限。即使大盘到一万点、工行再翻一倍，估值依然便宜，但这是逻辑推演，实际操作中难以一直持有。   - 龙队（国家队/主力资金）选择银行作为慢牛工具的原因：银行筹码高度集中，外面流通盘仅3%-5%，拉升成本低；但不能一把拉到位，否则指数过快冲高（如直接到六千点），其他高估值差股票跟风乱涨，容易被外部力量做空或打压，导致市场信心崩溃。   - 银行的作用是“拉空间”的先锋，依托低估值冗余为慢牛提供指数稳定基础。当某个板块业绩改善（如光模块三季报优秀、市盈率从120倍回落到40-30倍），它也能进入指数贡献队伍，与银行一样主动贡献指数。 - 关键概念:   - 慢牛策略：通过银行等低估值权重股阶梯式上行，稳定指数中枢，避免急涨后的系统性风险。   - 指数贡献：板块业绩改善后被纳入推动指数上涨的“贡献队伍”，成为新的权重支撑。  ---  ### [美元定价权与中美博弈] (00:05:08 - 00:10:16)  - 核心内容:   - 全球资产定价权仍由美元和华尔街主导：国内强势板块（大票、果链、机器人）多依附于美股产业链，港股互联网被外资连续砸盘，通过港A联动影响A股情绪。   - 中国资产走出类似2005-2007年或2014年加速行情（如从400到2800、800到2800、1200到2400）的前提，是中美贸易战告一段落，
====SEG==== SESSION:20251022独门对称战法看透主力真实意图（周三晚八） SEG:直播回放_2025-10-23_00-03-57_summary TSIZE:78107	### [破位SB一与交易认知] (00:00:00 - 00:05:36) - 核心内容:   - 破位后出现S B一（买点）时，若在前一位置已有盈利并因"走势完美"离场，则此位置可视为新的交易机会。该笔破位下跌（跌幅4.21%）后，可赌新的B一或B二，但关键在于是否"不对称"（即与前期对称结构不匹配）。   - 操作上，在B一位置入场后，止损应设在下方低点。提到两笔交易不能合并，因为属于两次独立的买卖；若当日未确认可扛一天，但需基于对称法有交易价值时再"忍一手"。   - 针对"每天都在赌，不实用"的质疑，讲师强烈反驳：市场交易本质是概率博弈，龙队、主力甚至特朗普都在赌，区别仅在于依据和胜率。没有百分百确定性的策略，所谓"实用"是幻想。   - 强调只有两类人可影响短期走势：特朗普（发推影响开盘）和主力（如麒麟会，用杠杆资金做盘）。普通投资者只能依托大概率策略，而非追求确定性。 - 关键概念:   - **破位S B一**：价格跌破关键位置后出现的第一个买点，需结合前期对称结构判断值博率。   - **不对称**：指当前价格走势与对称结构偏离，可能构成新趋势起点；均衡被破坏时才产生交易价值。   - **盈亏比**：以当前位置为例，止损3个点，上方空间12个点，盈亏比约3.5倍，值得交易。  ### [走势完美与对称守恒理论] (00:05:36 - 00:11:12) - 核心内容:   - 入场后价格横盘（走横），大概率要止损；但所有图形都是“止损指出来的”。若从买点起，输只输下方一点、赢可赢上方一大块，应接受盈亏比。   - 价格从低点起来后涨幅11.5%，其中出现确
====SEG==== SESSION:20251027牛市里的三大散户魔咒（周日晚九半） SEG:10 点_summary TSIZE:42398	### [开场：国安输球，心情崩溃] (00:00:00 - 00:02:20) - 核心内容:   - 主播因北京国安主场 2:4 输给海牛（青岛海牛）而情绪崩溃，认为球队“卖球”“完蛋了”，甚至影响到他对北京生活的留恋。   - 提到自己留在北京的两个原因：女儿上学、国安队；否则会选择常驻上海、成都或三亚。   - 表达对球队的失望：不是实力问题，而是主场大比分输球，让人感觉“人间不值得”。 - 关键概念:   - 无（情绪化开场为主）  ---  ### [观众互动与CS饰品崩盘讨论] (00:02:20 - 00:08:52) - 核心内容:   - 主播询问观众上周盈亏和心情，观众回复各异：有“净值创新高”“回血”“小亏”“跑早了”等；也有观众提到“白酒麻了”。   - 讨论 CS:GO 饰品市场崩盘，主播认为这是“资金盘”的必然结果，劝大家玩“正规场子”（如大A）。   - 用“城中村/野场子”比喻非正规市场，强调正规市场亏了还能骂人（如国足、大A），野场子出事找不到人。   - 调侃“一代人有一代人的杀猪盘”：年轻时被 CS 饰品崩，中年被大 A 崩，晚年被“瑜伽裤”崩；提到《崩登秘籍》像“少妇战法”一样被量化。 - 关键概念:   - 正规场 vs 野场：正规市场有监管、可维权；非正规市场（资金盘、炒鞋、CS饰品）风险极高。   - 杀猪盘：不同年龄段有不同的收割方式，提示投资者远离非法投机。  ---  ### [继续吐槽国安，对比欧洲豪门] (00:08:52 - 00:11:40) - 核心内容:   - 提到“ZS一、ZS二”补货已不重要，继续吐槽国安“
====SEG==== SESSION:20251027牛市里的三大散户魔咒（周日晚九半） SEG:11 点_summary TSIZE:48899	### [调侃前女友梦与量子纠缠] (00:00:00 - 00:02:48)  - 核心内容:   - 主播调侃“梦见前女友意味着前女友也在想你”的说法是“一派胡言”，并用逻辑反驳：你梦见前女友，只说明前女友可能梦见她的前男友，终点（destination）不同，这不是量子纠缠式的对称，而是“对齐”错位。   - 由此引申到散户在股市中“过于自信”的问题，用“被崩”（被套/亏损）比喻人生和投资：男人早晚被崩，不如从小崩、中崩逐步经历，最后主动买崩；并举例“李宁”上周一根百分之七的阳线，不需要问为什么，拿着等就行。   - 提到“小薇那边没人提宁王了”，说明很多散户拿不住股票，早早就走了，反问还有多少人持有宁德时代。  - 关键概念:   - 量子纠缠：此处借用来讽刺“同时想念”的不对称逻辑，强调投资中不能想当然。   - 主动买崩：提前接受小亏损、小波动，避免最后被一次大亏损彻底带走。  ---  ### [被崩的资本与玩笑警告] (00:02:48 - 00:04:12)  - 核心内容:   - 主播继续谈“被崩”：人和人差别不大，自己能坐在这里侃侃而谈，也是因为一路被崩过来的；关键是要“先获得能够被崩的资本”，别一崩就被带走。   - 提出“十分之一的崩”思路：资金分十份，每份十分之一，可以崩十次；十次里只要有一次“崩成”（成功），也是幸福。   - 因前面调侃引发争议，主播严肃警告：有网友ID“坤”被要求找出来，直接拉黑“永峰”，让他“感受社会的凄凉”，强调每个人要对自己说的话负责。  - 关键概念:   - 被崩的资本：指投资中可承受亏损的资金体量和心理准备。   
====SEG==== SESSION:20251027牛市里的三大散户魔咒（周日晚九半） SEG:12 点_summary TSIZE:40365	### [破解“一买就跌、一卖就涨”两大魔咒] (00:00:00 - 00:03:16)  - 核心内容:   - 破解“一买就跌”的方法是**只在跌的时候买**；破解“一卖就涨”的方法是**只在涨的时候卖**。两者必须反过来操作，形成纪律。   - 能做到这两点，就能打破散户两大魔咒，在与外部2.5亿股民的对比中获得巨大心理优势。   - 用“少妇阵法”调侃：女性看到账户盈利的第一直觉是“快卖”，但主讲人认为应拿住不动、干票大的；同时承认女性直觉有时也能帮助躲过风险。   - 举例：永兴材料涨10%没卖，四拳涨13%没卖，下周不要再说话；提醒该卖不卖就会坐过山车。  - 关键概念:   - **少妇阵法**：一种形象化说法，指用“快卖”的直觉来反向提醒自己——卖要在涨的时候卖，买要在跌的时候买。  ---  ### [买跌要顺大势逆小势，思全实战] (00:03:16 - 00:05:08)  - 核心内容:   - 买跌不是无脑买跌停，跌停不要买。真正的买跌要**配合趋势**：顺大势、逆小势，在“顺势回调”的小下跌中买入。   - 以思全（思泉新材？）为例：周三讲完没赶上跌3%，周四跌4.96%时买入，第二天直接涨13个点。因为趋势向上、缩量回调，就是顺大势逆小势的买点。   - 卖涨：当给你13厘米（13%涨幅）时，应该卖一部分，比如卖三分之一，这样持股心态会好很多。  - 关键概念:   - **顺大势逆小势**：大级别趋势向上，在小级别回调下跌时买入。   - **缩量买跌**：上涨趋势中回调缩量，是健康的买跌信号。  ---  ### [第三魔咒：为什么我买的不涨
====SEG==== SESSION:20251027牛市里的三大散户魔咒（周日晚九半） SEG:9 点_summary TSIZE:22241	### [国安主场惨败青岛海牛，赛前预期一分结果大比分失利] (00:00:00 - 00:01:24)  - 核心内容:   - 主持人赛前判断国安对阵海牛会拿一分（平局），理由是与深圳都"给了"（放水），对青岛也应给一分，因此放弃去现场观赛。结果国安主场2-4惨败，超出预期。   - 形容国安的输球方式是"送佛送到西"，不光给分还"给进球"，认为这是首都球队"脸都不要了"的表现，情绪激动。   - 以自己93年开始看球的经历，表示从没见过国安踢出这种球。强调国安球迷不是"冠军迷"，而是把每周看球当作生活方式的传统球迷（40-50多岁群体），这场比赛伤害了这类球迷的感情。  - 关键概念:   - "给分"与"送佛送到西"：中超语境下指保级球队之间通过"放水"送分送净胜球，帮助对方保级的一种默契球现象。   - "冠军迷" vs "传统球迷"：前者只看重成绩，后者将看球视为生活日常习惯，对球队有更深层情感连接。  ---  ### [批评国安踢球不要脸，俱乐部管理混乱] (00:01:24 - 00:02:48)  - 核心内容:   - 直接批评国安"脸都不要了"，认为球队已经彻底混乱。俱乐部董事长、总经理当时就在看台坐着，却眼睁睁看着球队踢出这种表现。   - 点名指责李磊"直接送仨球"：一个点球加两个边路传中导致的丢球，认为普通球迷都能看出来的问题，职业管理层不可能看不出来。   - 指出即便海牛也没有特别拼（没有大飞铲），体现出国安输球不是对手多强，而是自身完全崩盘。主持人用"fuck"等粗口表达愤怒。  - 关键概念:   - "三球"具体指：点球（李磊禁区内犯规）
====SEG==== SESSION:20251027牛市里的三大散户魔咒（周日晚九半） SEG:上二楼 01.09-01.17_summary TSIZE:8111	### [通达信画线工具介绍] (00:00:00 - 00:00:28)  - 核心内容:   - 讲解如何调出通达信软件中的“画线工具”：在界面右上角找到“功能”菜单，下拉菜单中点击“画线工具”。   - 强调该方法很简单，并示意画线工具面板所在的位置，方便跟随操作。   - 提到“纯右侧”概念，暗示当前讲解基于右侧交易思路。 - 关键概念:   - 通达信画线工具：用于在K线图上手动绘制趋势线、对称线等辅助分析工具。  ---  ### [画对称线的要点与微调] (00:00:28 - 00:01:24)  - 核心内容:   - 画对称线时，关键是要选取**高点**和**低点**，用画线工具中的“对称线”将两点连接。   - 画线后需要**微调**：结合K线的实际高低点位置进行调整，不能机械地连接端点。   - 微调的具体方法后续会详细展开，当前先建立“高低点连线”的基本概念。 - 关键概念:   - 对称线：以某一高、低点为基准绘制的直线，用于观察走势是否左右对称。   - 微调：根据K线形态对画线位置进行修正，使对称线更贴合实际走势。  ---  ### [K线包含关系与底分型] (00:01:24 - 00:02:20)  - 核心内容:   - 处理K线图时，若一根K线的最高价、最低价覆盖了旁边多根K线，则这些K线存在**包含关系**，可合并为一根K线。   - 例如五根K线若存在包含关系，实际可看作一根；顶部出现阳线包含相邻K线时，三根可合并成一根，且合并后高点应放在中间那根K线的上方。   - 合并后用于识别**底分型**结构，画对称线时将分型视为一个整体，
====SEG==== SESSION:20251027牛市里的三大散户魔咒（周日晚九半） SEG:上二楼 01.17-.02.16_summary TSIZE:57040	### [铜的B1买点与板块轮动逻辑] (00:00:00 - 00:02:48)  - 核心内容:   - 以铜板块为例（姜铜、云铜等走势一致），周四出现完美的B1买点，周五资金进场拉升。该买点的前提是：前期下跌斜率本应顺势下行，但股价在关键位置出现**走横**，说明下跌斜率发生改变，叠加顶部缩量，构成优质买点。原文强调“做错也要做”，即信号出现就要执行。   - 止损规则明确：**跌破白线（牵牛绳）即卖出**。买入后关注后续走势，若沿黄线斜率上行，并在目标位（如43元区间）出现放量长阳，则可减仓；若走横或转弱，则按白线做保守持有。   - 板块轮动逻辑链条：黄金/白银（黄白铂钯）→ 铜 → 铝 → 黑色系/眉飞色舞（煤炭）→ 橡胶。每个板块提前一周到两周启动，属机构思维。橡胶上周已出现涨停。若股价偏离斜率过多，需警惕新一轮对称走势的到来。 - 关键概念:   - **B1买点**：本视频核心概念之一，指走横确认斜率改变后出现的买入信号点，具备较佳的盈亏比。   - **牵牛绳（白线）**：一条用于持股或止损的均线/趋势线，跌破即离场。   - **走横**：下跌过程中出现横向震荡，打破原有的下跌对称斜率，是多空力量转变的信号。  ---  ### [半导体及画线方法示范] (00:02:48 - 00:05:36)  - 核心内容:   - 半导体板块用对称画线法示范：先找前期的低点和高点，画出原本的下跌斜率；若股价没有沿着该斜率下跌，而是走横，则说明对称被打破，之后出现的一根多头阳线即是B1信号。   - 画线实操细节：K线可进行**合并处理**（将几根K线视为一根），微
====SEG==== SESSION:20251027牛市里的三大散户魔咒（周日晚九半） SEG:上二楼 2 点_summary TSIZE:48506	### [双线战法与快速止损] (00:00:00 - 00:02:48)  - 核心内容:   - 除“慢牛阵容”外，任何标的不应被当作信仰。要严格按照两根线（白线/黄线）操作，以青花为例：若跌破黄线不卖，会一路亏损；正确做法是右侧交易在黄线附近买入（如196元），跌破后次日未站上就卖出，只亏零点几元。   - 登云出现“大风车”形态必须卖出；操作一定要快，斜率已经改变，若没有B一买点，则以黄线为止损线，跌破黄线就沿趋势下行。   - 画线可以从低点或前低画，目前股价仍处于之前大的左右对称趋势中；无论用哪个斜率，尚未出现入场依据，不要急于操作。  - 关键概念:   - 双线战法：以白线、黄线作为买卖依据，破位即离场。   - B一：第一个买点，需结合趋势线和均线判断。   - 大风车：一种见顶K线组合，出现后应卖出。  ---  ### [趋势对称与上影线卖点] (00:02:48 - 00:04:40)  - 核心内容:   - 以“一黄”走势为例，K线左右对称、包含叠加关系；如果后续出现上影线，与左边对称后应卖出，否则容易转成震荡。   - 大级别看，趋势反转点仍健康，大小级别都倾向沿原有趋势向上；但这根K线压力过大（尤其最新一根），接下来走震荡是比较合理的判断。   - 需要持续观察是否出现“下跌-横盘-再选择方向”的走势，一旦确认对称，就执行卖点。  - 关键概念:   - 趋势对称：左右K线形态、斜率相互呼应，用于判断卖点。   - 上影线卖点：出现明显上影线时，因对称完成而考虑卖出。  ---  ### [半导体B一与完美图形] (00:04:40 - 00:0
====SEG==== SESSION:20251027牛市里的三大散户魔咒（周日晚九半） SEG:直播回放_2025-10-27_01-00-58_summary TSIZE:118600	### [开场：止损与配货提醒] (00:01:52 - 00:05:36) - 核心内容:   - 强调不会每次都像宁波那样走出完美对称行情，如果根据案例猜出标的并动手操作，必须设好止损，不能盲目重仓或“义无反顾”。   - 解释自己的操作是“配货”思路：胜率约40%多，靠配置多个标的获取整体收益。举例：思泉（丝拳）赚13个点，永兴赚7到10个点，若永兴下跌2-3个点则止损离场。   - 穿插生活话题：定制包装商品、吉林敖东新品（红参新包装接近正官庄风格、西洋参原浆），自己早上喝红参、晚上喝原浆。 - 关键概念:   - 配货：分散买入多个候选标的，通过盈亏比和胜率实现整体盈利，而非押注单一个股。  ---  ### [交易理念与画线工具引入] (00:05:36 - 00:07:56) - 核心内容:   - 强调“强者恒强”和“马太效应”，用于理解强势股逻辑。   - 再次声明不推荐票，每周只分析关注的板块和弹幕问到的标的。   - 提醒观众：少负战法的交易系统（特别是双线）给出后，每根线的意义都应掌握，要按盘面操作，不要因为“哥说了”就死拿。   - 用家人“赚了快卖”的例子说明：普通人赚到绝对收益就会卖出，这是合理的；卖完给女儿报班，落袋为安。 - 关键概念:   - 马太效应：强者愈强，用于选股时关注强势品种。   - 双线：后续交易系统中使用的关键均线/趋势线，作为买卖依据。  ---  ### [对称线画法与K线合并] (00:07:56 - 00:10:44) - 核心内容:   - 讲解通达信画线工具：右上角“功能”→“画线工具”，选对称线。   - 画对称
====SEG==== SESSION:20251029沉舟千帆，步步为营。（周三晚八） SEG:直播回放_2025-10-29-01_summary TSIZE:101971	### [开场与粉丝互动] (00:00:00 - 00:02:48) - 核心内容:   - 直播开场，播放背景音乐《西楼儿女》，测试声音和画面效果，与粉丝打招呼问好。   - 回应粉丝互动：感谢“万家军友进酒”的表态；提到“雪泥巴人续见”“节操君”等粉丝；给粉丝“卓言不想开路虎”送生日祝福，鼓励他将目标从路虎改为劳斯莱斯。   - 特别提到时隔一个半月后再次以《西楼儿女》作为开场曲，与粉丝形成默契。 - 关键概念:   - 无明确专业术语，属于情感互动与直播预热。  ---  ### [投资成果与心态分享] (00:02:48 - 00:06:32) - 核心内容:   - 肯定老粉和次新粉在近期行情中做对了“满仓买跌”的操作，强调只买跌很“香”。   - 提及具体战绩：B一选了三个涨停；光伏B一当天吃到光伏上涨，创新高；铝业踏空被批评。   - 强调“当县长夫人”的比喻：不必纠结是“新登、中登还是老登”或谁带你赚的百分之几，核心是赚没赚到钱；同样涨跌幅度来自哪个板块或个股并不重要，看懂哪个做哪个，“风吹哪页读哪页”。 - 关键概念:   - 县长夫人心态：赚钱结果优先于赚钱来源，避免执念于特定板块或个股。  ---  ### [市场心态与白酒讨论] (00:06:32 - 00:10:16) - 核心内容:   - 批评“涨了怕跌，跌了骂爹”的散户心态；以白酒为例，反问“白酒跌了多少”，指出若从B一买入目前顶多不赚，无需恐慌。   - 解释白酒前一天表现：市场前期活跃票大幅波动时，1573和青花等白酒板块扛住，原因是“高切低”——科技赚完的钱出来进入低位板块。   - 提
====SEG==== SESSION:20251029沉舟千帆，步步为营。（周三晚八） SEG:直播回放_2025-10-30_00-01-11_summary TSIZE:72266	### [个股走势分析与买卖点] (00:00:00 - 00:07:28)  - 核心内容:   - 以一只具体股票为例（从12.47元开始下跌，单日跌幅6%-7%，一周累计下跌约20%），讲解A杀（快速下跌）走势。指出出现"A杀"走势后，主力会通过两根K线（连续下跌）让持股者离场，此时应暂时离场观望，等走好后再回来。   - 重点讲解了"关键K"的画法和应用：将关键K线（放量K线）作为区间划分基准，标注出B一（第一个买点）位置。强调B一出现时"敢不敢买"是核心，即使后面不涨，只要出现完美图形就要敢于介入，否则"怕你就输一辈子"。   - 在该股票经历A杀后，股价进入横盘，出现一根"黄键"（阳线）可加仓，尾盘收回可再加。强调下跌时买入、未放量就回到长阴短柱高点，属于"老庄"（主力实力强）的典型表现。   - 建议放大格局至周线级别，利用重心和对称性判断未来走势。如果后续走出与下跌段对称的形态，且出现A杀信号，则需小心；若仓位足够，可在23.60元设置止损，看向40元，以N型结构低点作为防守位。  - 关键概念:   - **A杀**：快速、连续的大幅下跌走势，通常由获利盘集中出逃导致，是主力出货或洗盘的典型形态。   - **关键K**：在走势中具有关键意义、伴随放量的K线，作为后续区间划分、买点标注的基准。   - **B一**：第一个买点（Buy 1），在关键K线划定的区间内出现的低吸买入位置。   - **长阴短柱**：下跌过程中阴线实体长、成交量柱短的形态，暗示主力并未大量出货，后续容易修复。   - **重心**：将价格走势的"重心"作为判断对称性和未来目标位的参考
====SEG==== SESSION:20251029沉舟千帆，步步为营。（周三晚八） SEG:直播回放2025-10-29-02_summary TSIZE:103915	### [极端行情与曼城阵容换阵缘由] (00:00:00 - 00:03:44)  - 核心内容:   - 历史上全市场统一涨停只出现过一两次（约2005-2007年间、2024年9月24日）；全市场统一跌停出现在2007年5月30日和2015年股灾熔断时。因此除极端行情外，市场都是轮动，需要“拿号等着，等翻台”，不必着急。   - 提及“老曼城阵容”形成于2024年6月至9月4日之后，到今年已一年；机构在第四季度会调仓换股，为2026年做潜伏和配置，因此曼城阵容也需要换阵。   - 换阵原因是老阵容状态下滑、标的已涨幅较大（如“米尔”已三倍、“德布劳内去那不勒斯”“罗德里受伤”等比喻），需要把已毕业/退役的标的更新为新的配置。 - 关键概念:   - 极端行情：全市场同涨同跌的罕见情况，除此以外均为结构性轮动。   - 曼城阵容：对投资组合的戏称，代表一套已形成认知的选股/持仓体系，需要按赛季（年度）调整。  ---  ### [老曼城阵容个股表现盘点] (00:03:44 - 00:14:56)  - 核心内容:   - 逐个股复盘老阵容表现：赛赛（四月七日后至今浮盈30%）；发仔（换仓后浮盈55%，即将毕业）；迪迪（已毕业，从262到400，约45%）；台子（1270入场，现约1430，约5%，今年未动）；队长（约73%，已宣布659收队/毕业）。   - 低波红利（四月七日后约11%）作为底仓稳健不卖；R一二每站现3.75（守门员）；免子（4.42附近未动，仍在场）；赵怡（约116%翻倍，主升浪未完）；得的（约60%，未走完）；小招（6%，未动）；宁子（成本约13-1
====SEG==== SESSION:20251103下一个“比亚迪”在哪里？（周日晚八） SEG:10 点_summary TSIZE:52721	### [开场闲聊：省份榜单调侃与恋爱困惑] (00:00:00 - 00:03:16)  - 核心内容:   - 主播调侃民间讨论的“省份热度榜”不完整，认为山东应当上榜；提到四川、重庆、江浙沪、新疆、东三省、湖南湖北等地区，并说“湘女都在广东”，成都与广州相遇较多。   - 回答“和香港妹妹同居，对方自私浪费是否是文化差异”：是。在香港本地长大的人多为“精致的利己主义者”，由当地文化特性决定——缺乏参政意识、政治情怀和信仰，受西方文化影响，习惯把自己那摊事弄好即可。   - 回答“双子妹妹忽冷忽热，不确认关系但该做的都做了”：对方就是在吊着你，备胎很多。主播描述“时间管理大师”的典型行程：中午和一个人吃饭，下午借口“去奶奶家”离开，再约另一个人逛街吃晚饭，晚上再赴下一场，最后仍用“回奶奶家”脱身，实际上三个都是备胎。劝告不要认真。 - 关键概念: 精致的利己主义者、备胎、时间管理大师  ---  ### [婚姻与恋爱观：赌博离婚咨询与约会指南] (00:03:16 - 00:05:36)  - 核心内容:   - 丽姐姐咨询：结婚十几年、俩孩子，老公一直顾家，刚得知他“刷网”（赌博）后纠结是否离婚。主播建议：如果只是这一次、欠债不多、两边家庭能还上，可让他立字据承诺以后不再赌，再赌就离婚、所有财产归女方和孩子；如果已被抓到好几次，或从小就好赌，则必须做经济隔离并离婚。   - 提到有人传看《约会指南》导致三观崩塌、不敢恋爱。主播回应：世界很大，各种圈子都有，确保自己圈子干净即可，管不了别人就管好自己。 - 关键概念: 经济隔离、字据承诺、圈子干净  ---  ### [苏州
====SEG==== SESSION:20251103下一个“比亚迪”在哪里？（周日晚八） SEG:11 点_summary TSIZE:47563	### [开场闲聊与情感咨询] (00:00:00 - 00:00:56) - 核心内容:   - 回答观众情感提问：喜欢上有男朋友的女同事，约饭后发现对方有伴侣，主播明确建议放弃，理由为"不能共享"。   - 引出直播惯用语"日拱一卒，不期而遇"以及周末吃金元宝（饺子）的生活细节。 - 关键概念:   - 情感咨询中"不能共享"的原则：不介入已有伴侣的感情关系。  ### [青岛与苏州房产问答] (00:00:56 - 00:03:16) - 核心内容:   - 青岛黄岛区金沙滩附近房产：高位买入，租金无法覆盖贷款。主播指出从GDP看青岛为北方第三（北京第一、天津第二），强调"龙头跌时一起跌，反弹时龙头比杂毛反弹多"。若财务能扛且为自住房，建议扛5-10年；若投资属性且压力大，建议放手。   - 苏州古城区房产（如观前街附近）：主播建议能出租就出租，属于老房产，长期持有收租更划算。 - 关键概念:   - 房产"扛"与"放"的决策逻辑：自住房可长期持有，投资房需看租金覆盖与财务承受力。  ### [生日祝福与固安买房问题] (00:03:16 - 00:05:36) - 核心内容:   - 为观众"宝藏男孩"送上生日祝福。   - 观众"小吴同学"面临女友父亲要求必须在廊坊固安买房才能继续交往。主播态度积极，指出固安房价已跌至约50万一套，位于"天安门正南50公里"，一脚油到大兴、一脚油到雄安，离大兴机场很近。   - 主播以北京人视角比较沧州与固安：二者同级，但固安在2023年北京大水时未被淹，且大兴机场便利性更高，认为固安是好选择、非苛刻要求。 - 关键概念:   - 固
====SEG==== SESSION:20251103下一个“比亚迪”在哪里？（周日晚八） SEG:12 点-12 点半_summary TSIZE:26391	### [过去五年产业炒作特征] (00:00:00 - 00:01:52) - 核心内容:   - 视频将产业图谱中的板块分为“交易性机会”和“越炒越便宜”两类：紫色、绿色部分（如腾讯、小米等）属于交易性机会，历史上在概念炒作阶段估值很高、业绩一般，难以长期持有；红色部分（集成电路、人工智能、生物育种、区块链、北斗产业）则可能越炒越便宜，随着业绩释放而走强。   - 举例：腾讯从底部拉到700元时，PE很高、业绩一般；后来这一波上涨伴随业绩释放才变得扎实。小米（转录为“名儿”）也类似，股价上涨由业绩释放支撑。   - 说明“越炒越便宜”的含义：股价上涨的同时，由于业绩增长更快，估值反而下降。 - 关键概念:   - 交易性机会：只能波段操作的概念炒作，缺乏业绩支撑，容易“从哪儿来回哪儿去”。   - 越炒越便宜：股价上涨但业绩增速更快，导致市盈率下降，是产业趋势兑现的表现。  ---  ### [滴滴出海与新能源现实约束] (00:01:52 - 00:03:44) - 核心内容:   - 以“滴滴”（原文如此，结合上下文应为比亚迪）为例：股价从40元涨到480元，复权后回到约250-260元，因为有业绩支撑，没有跌回40元；后续能否再涨取决于出海进展。   - 出海逻辑在“十五五”规划中没有明确提及，因为“百年未有之大变局”下外部不确定性太强：贸易壁垒、地方保护主义、各国政策差异等。   - 新能源车出海的现实约束：国外特高压电网尚未普及，供电不稳；俄罗斯石油比电便宜，阶梯电价后电动车经济性不如油车，因此俄罗斯市场增程式车（如理想）卖得好，问界是“摸着理想过河”。   - 
====SEG==== SESSION:20251103下一个“比亚迪”在哪里？（周日晚八） SEG:8 点_summary TSIZE:48779	### [开场寒暄与足球闲聊] (00:00:00 - 00:02:20)  - 核心内容:   - 直播开场，主播与观众打招呼，询问大家是否吃饭，气氛轻松。   - 提到亚泰队降级，评价球员表现不拼，首发阵容中中后卫、边后卫被安排在非熟悉位置。   - 聊到苏超结束，恭喜泰州队（后确认在南通隔壁、扬州边上），调侃“怎么变成人家内战了”。   - 回应劝大家不要贷款买Z Two，经济条件有限就算了；提到Z One新配色帅气，从二十多个配色中选了两个。   - 吐槽国足教练问题，认为国足主要不是练的问题，调侃“谁都行，我去也行”。 - 关键概念:   - 无特定术语，纯闲聊与球迷互动。  ---  ### [鞋码备货与小米汽车] (00:02:20 - 00:04:40)  - 核心内容:   - 回应“磊哥家的鞋没有小码吗？”：专门针对四零码和四五码加大了备货量，因为这两个尺码平时反馈较多，目前四零和四五的库存比四三、四四都多，但可能仍不够。   - 奥嫖跌停，主播调侃“不至于”，并说看国足这么多年都过来了，指这点波动不算什么。   - 提到需要三九码的人，说明三九和四零同码。   - 大谈小米汽车：认为小米汽车代表中国先进生产力发展水平，强调“往这儿一立”的气势，反问观众“有没有后门”（指小米汽车发布时的热度与订单量）。   - 有观众反馈Z Two舒服，给家人买了并给出好评，主播表达感谢。 - 关键概念:   - 鞋码备货比例：针对四零/四五加大库存。   - 小米汽车代表中国先进生产力：主播对小米汽车的高度评价。  ---  ### [手机品牌之争] (00:04:40 
====SEG==== SESSION:20251103下一个“比亚迪”在哪里？（周日晚八） SEG:9 点_summary TSIZE:49794	### [查找并准备世界房价数据] (00:00:00 - 00:06:04)  - 核心内容:   - 主播临时起意聊世界房价排名，先查找数据源，强调要“严谨点儿”，找了多个数据库，包括 country 和 city 级别的房价指数。   - 发现部分数据展示的是“核心区单价”，主播认为不够权威，转而寻找更权威的数据源，提到 “NBA Property Prices Index by Country”（应为 Numbeo）作为参考。   - 因电脑未登录，无法直接展示完整网页，于是直接切换货币单位，准备在本地电脑上展示核心城市核心区每平米房价排名。   - 中间穿插闲聊：有人提到房价再降就要哭，主播联想到“二一年加杠杆”；还调侃华硕被联想收购等。  - 关键概念:   - 核心区单价：仅统计城市核心地段的房价，不能代表全市均价。   - 房价数据源：主播强调选择权威数据库，避免不准确排名。  ---  ### [展示世界核心城市房价排名前三十] (00:06:04 - 00:08:52)  - 核心内容:   - 展示世界核心城市核心区每平米价格排名：香港第一，约18万；苏黎世17.3万；新加坡16万；首尔15.6万；伯尔尼15.6万；日内瓦15.5万；巴塞尔14.6万。   - 伦敦13.9万；纽约11.46万；上海10.47万；北京10.45万；台北10.19万；巴黎9.82万；慕尼黑9.32万；深圳8.77万；悉尼8.73万；卢森堡8.56万；斯德哥尔摩8.37万；维也纳7.7万。   - 继续列出东京、阿姆斯特丹、奥斯陆、米兰等城市，并展示到前三十名。   - 主播特
====SEG==== SESSION:20251103下一个“比亚迪”在哪里？（周日晚八） SEG:二楼 1 点半-2 点_summary TSIZE:31471	### [黄线白线意义与个股形态] (00:00:00 - 00:01:52) - 核心内容:   - 白线在个股刚加速、尚未进入主升浪时确定性不高，没有参考意义；黄线才是关键支撑。以“娜娜图”“小奥”等个股为例，前期起得猛的票回调时往往打黄线，而不是白线。   - 主力（大哥）入场后会先洗盘至自己的成本区，此时股价常围绕黄线运行。若黄线失守，可以按“B一”信号沿黄线继续找买点。   - 股价进入横盘阶段后，短期若不能连续上攻就会回落，回落目标可能是前低或白线。画线时应随斜率改变调整，最后可能画出“旗形整理”形态，等待突破；不突破则继续回到箱体（“进碗里”）。 - 关键概念:   - 黄线/白线：均线系统，黄线代表中期成本/支撑，白线代表短期趋势。白线在加速前无意义，黄线是洗盘目标位。   - B一：某种买入信号（可能指第一次买点/底部第一买点）。   - 旗形整理：股价经过一段上涨后形成的旗形整理形态，等待方向选择。  ---  ### [游资波段操作与半导体走势] (00:01:52 - 00:03:44) - 核心内容:   - 以某“可控核聚变/氢能”概念股为例，这类刚加速完的个股，很多人会在B一位置买入，但它是游资做的波段票，不具备基本面大幅变化，策略是“能撸一波是一波”，未来五年很多类似股票会这样上去后A杀下来。   - 对比前期加速斜率，回调时出现阶梯量，即使做反弹，那两根K线也会很难受——类似之前讲“中心一黄”时说的“这两根很难受”，因为那是真出货。   - 半导体等科技股走势：上去、下来、再上去做反弹，但若出货方继续出货，而场外“搏傻”资金不足，就会下来。下来
====SEG==== SESSION:20251103下一个“比亚迪”在哪里？（周日晚八） SEG:二楼 12 点半-1 点_summary TSIZE:50074	### [开场寒暄与“甬道”理念] (00:00:00 - 00:05:36) - 核心内容:   - 直播开场与观众寒暄，聊到最近在喝红参、收到“尊乐甄选礼盒”等生活琐事；主播强调自己的主业是“卖鞋的”，不是“卖肠的”。   - 由“选赛道”引出核心投资理念：“咱们不要选赛道，咱们要选甬道”——即做只有自己能做的、别人进不来的领域，例如给观众讲“机构思维”，形成独特的竞争壁垒。 - 关键概念:   - **甬道**：指独一无二、别人进不来的竞争路径，相当于利基市场，而非拥挤的主流赛道。  ### [大盘看图：缩量上涨的警惕] (00:05:36 - 00:07:56) - 核心内容:   - 展示上证指数（大盘）图，指出千牛神（可能指某技术指标）、趋势向上、二十日线等面面俱到，但周四周五突然来了两根K线。   - 关键判断依据：这波上涨是**缩量**上到四千四零二五点的。引用周三讲课内容——历史上缩量上涨的走势后面大概率还要再跌下来，因为走势“很刻意”，属于“大家都看懂了一个，就走吧”。   - 提醒不要过于乐观，但这只是经验加数据，不是每次都对。 - 关键概念:   - **缩量上涨**：指数上涨但成交量萎缩，意味着市场参与度不高，上涨根基不牢，后续易回落。  ### [活跃市值与结账资金] (00:07:56 - 00:09:48) - 核心内容:   - 分析“活跃市值”指标——历史上出现这种形态时，要找出它对应的大概率阶段，概念是：下跌之后如果不能快速走出有力度的形态，还是很难受，猫一天狗一天。   - 当前净值已回到八月下旬，类比房价回到2015年；说明市场真实盈亏
====SEG==== SESSION:20251103下一个“比亚迪”在哪里？（周日晚八） SEG:直播回放_2025-11-03_00-33-12_summary TSIZE:81554	### [开场寒暄与赛道讨论] (00:01:24 - 00:06:32)  - 核心内容:   - 主播与观众互动，提到近期在喝红参，因为“太冲”所以没吃八味帝王丸；还提到香肠礼盒“尊乐甄选礼盒”，但强调自己是“卖鞋的”，不是“卖肠的”，并说明这是全网独有组合。   - 闲聊中提到“董哥卖酸梅汤/杨梅汤”，主播说自己主业是卖鞋，刚补货；有观众说“B站有人卖肠吗”，主播借此引出“不要选赛道，要选甬道”的观点。   - “甬道”指只有自己能走的独特路径，即给观众讲“机构思维”；别人进不来，不抢别人的赛道。 - 关键概念:   - **甬道**：区别于赛道，指凭借自身独特能力和认知形成的、别人难以模仿的路径。  ### [大盘走势风险与资金策略] (00:06:32 - 00:12:08)  - 核心内容:   - 展示上证指数走势图，观众一开始猜测“泡泡玛特”“小米”，主播严肃指出是大盘；目前走势表面看没问题，但周四、周五出现两根阴线。   - 回顾之前观点：这波上涨是缩量上涨，历史上缩量上涨大概率还要再下来；因为市场很刻意，大家都看懂了“来就走”的节奏。   - 活跃市值数据反映当前市场盈亏水平已回到八月下旬；如果做得好一点可能在九月中旬/上旬；仓位分散的投资者相当于在八月下旬状态，很常见。   - 当前要结账的资金是3400到3800点进场的资金；这些资金来自上一波入场的人，他们需要在这个位置结账离场。   - 举例中微公司：N型图低点后两周内大概要往上打前高位置做反弹，但量没放出来，导致跟风盘在周五离开。   - 当前市场没有形成共识的主线；机构在这种情况下的操作是**卖涨
====SEG==== SESSION:20251105期中考试（周三晚八） SEG:直播回放_2025-11-05_20-00-44_summary TSIZE:101007	### [开场测试与持仓比喻] (00:00:00 - 00:04:40)  - 核心内容:   - 直播开始测试声音效果，更换了麦克风，询问观众声音是否清晰、大小是否合适，观众反馈不一（有人说大有人说小）。   - 提到持仓情况：海南吃了四十五（可能指某只股票盈利45%）、特变吃饱了（特高压概念），并比喻球队阵容：特高压=曼城前腰（希望变成必废）、中后卫=煤炭/白酒、左右边卫=低波红利、边锋=有色/赛赛。   - 本周有色金属回调，上周曾预判铜到那个位置要往下杀一下，不可能一把上去，目前都在布局之中。   - 调侃“赛赛”表现像安东尼（圆规转圈），表现有些拉胯；新前锋叫“狗中狗”。  - 关键概念:   - 持仓比喻：将股票持仓比喻成足球阵容，用曼城阵型解释配置逻辑。   - “B一”：后文反复出现的交易买点信号（B1），此处先埋伏笔。  ---  ### [国足主帅与邵佳一评价] (00:04:40 - 00:10:44)  - 核心内容:   - 国足主帅人选：认为换谁都行，不如换年轻有为、有留洋经验的邵佳一，断言换邵佳一打日本绝不会踢出0:7，否则吃掉话筒。   - 邵佳一履历：国安名宿，慕尼黑1860任意球第一主罚手，连哈斯勒都让他罚；哈斯勒相当于曼城德布劳内（类比彭伟国）。在德甲、德乙踢过，科特布斯名宿。   - 提及邵佳一恒大巅峰时期天河87分钟任意球绝杀恒大；职业生涯唯一黑点是昆明世界杯外围赛点球未进，失去主场击败澳大利亚的机会，之后淡出国家队。   - 本赛季青岛西海岸的邵佳一每次想干国安，结果被国安三杀；国安赛季末段没赢几场，却赢了邵佳一三次、大连一次。  
====SEG==== SESSION:20251105期中考试（周三晚八） SEG:直播回放_2025-11-05_22-00-48_summary TSIZE:74798	### [高位放量跌停的接盘原因] (00:00:00 - 00:05:08)  - **核心内容**:   - 提出者先分享了学霸经验：多看多学、大量复盘K线（零九年至今有名股票看了1000多家），从6月后跟泽哥学到东西，收益率控制变好。   - 第一个问题：高位放量跌停大概率是出货，为什么还有那么多接盘力量？走出长阴长柱，还是主力看接盘力量够才慢慢卖到跌停？   - 回答给出三个原因：     1. **热度爆发**：票连续涨停后，抖音/百度指数等热度指数级放大（如1千→3千→1万→5万），再配合大故事，开盘就有莫名买盘涌入。类似去年10月8日国庆后情绪发酵导致涨停开盘。     2. **主力顺势出货**：本来不一定在那个位置出，但既然有大量外盘来接，就压着慢慢卖，把主仓/部分仓倒给接盘方。     3. **收割量化**：量化模型是趋势跟踪，做首板/二板/大级别突破，开盘程序化交易直接往上扫单，主力把货倒给这些量化单。   - 强调：高位放量跌停绝不是主力对倒做图，没必要把图形做得难看还出不了货。  - **关键概念**:   - **高位放量跌停**：股价高位出现巨量跌停，通常被视作出货信号。   - **热度发酵**：自媒体/全网关注度推动买盘，造成“博傻”资金入场。  ---  ### [底部放量的筹码来源] (00:05:08 - 00:10:16)  - **核心内容**:   - 第二个问题：有些票底部放大量（如许继），上面有大量套牢盘，为什么还有那么多卖盘让主力搜集筹码？   - 回答：因为**散户多**，底部收集筹码不是队长的专利；套久了自然有人出筹码。
====SEG==== SESSION:20251105期中考试（周三晚八） SEG:直播回放_2025-11-06_00-00-52_summary TSIZE:105907	### [考试结构介绍] (00:00:00 - 00:00:56) - 核心内容:   - 考试总分为100分，50分及格。考试分为两部分：第一部分为基础题（占60分），均为送分题，难度极低；第二部分为综合题（占40分），是拉开差距的关键。   - 提醒学员将本期录播反复观看，把每道题的重点画下来，并可从最早的录播课中找到每个知识点的出处。 - 关键概念:   - **送分题**：基础到不能再基础的题目，用于确保学员拿到基础分。  ### [综合体题型规则] (00:00:56 - 00:03:16) - 核心内容:   - 综合题共4道，每道题10分。题型形式为判断“买不买”、“卖不卖”，中间持有过程（放飞）由学员自己心里决定，不单独出题考查。   - 评分规则：买入判断正确得5分（买或不买），卖出判断正确得5分（卖或不卖）。每道题满分10分。 - 关键概念:   - **综合体**：以K线图实战场景为背景，综合考查买点与卖点判断的题型。   - **放飞**：指在持有过程中，允许部分利润回吐，以博弈更大涨幅的心理操作。  ### [综合题样例题讲解] (00:03:16 - 00:14:28) - 核心内容:   - **买入判断示例**：给出一个B1买点图，位于关键K线内部，回踩黄线且缩量，止损位非常近（黄线下方）。判断为“买”，因为这属于高性价比买点。引用特瑞德近期B1作为类比。   - **卖出判断要点**：持有过程中，涨停、缩量跌停、缩量阴线等均不卖出；关键K线不破不卖。当出现放量阴线或跌破关键K线（牵牛绳）时才考虑清仓。示例中最终在跌破白线时卖出，几乎吃满整波涨
====SEG==== SESSION:20251110扯会儿淡~ SEG:10 点_summary TSIZE:51701	### [未来城市潜力与增量人口逻辑] (00:00:00 - 00:01:24)  - 核心内容:   - 未来中国部分城市房价企稳后，会随着货币发行总量增加而慢慢上行，这些城市是“你觉得好、别人也觉得好”的地方，代表未来潜在的增量人口。   - 增量人口 → 增量资金 → 当地不动产价格的托底量和供给量。这是判断城市房价长期支撑的核心逻辑。   - 主播举例回应弹幕杠精：有人杠“沧州有美女”，但讨论的是成都、重庆、江浙沪、长沙、武汉等公认有吸引力的城市；沧州不是主流认知中的美女产地，不符合“大家都觉得好”的增量人口标准。 - 关键概念:   - 增量人口：能带来增量资金和购房需求的人口，是城市房价托底的核心变量。   - 增量资金：由增量人口带来的资金流入，最终体现在不动产价格支撑上。  ---  ### [粉丝结婚祝福与话题回归] (00:01:24 - 00:02:20)  - 核心内容:   - 粉丝“丰饶之角之主”在直播间分享自己结婚办酒席成功的喜讯，希望大家祝福，并祝主播早日达成生儿子的心愿。   - 主播送上祝福：“喜结连理，早生贵子”，并提到“赠人玫瑰，手留余香”，然后回归直播主题。   - 通过一个简单对比引入城市房价话题：在北京买一套四百万的老破小，在苏州能整套豪宅。 - 关键概念:   - 无正式术语，主要是粉丝互动与话题过渡。  ---  ### [重点城市分析：苏州、长沙、武汉、成都、重庆] (00:02:20 - 00:06:32)  - 核心内容:   - **苏州**：房价约15769元/平。若以北京/上海/深圳收入水平干几年，回苏州能“稳稳上
====SEG==== SESSION:20251110扯会儿淡~ SEG:11 点_summary TSIZE:35448	### [年轻人买房的唯一意义与房价长期逻辑] (00:00:00 - 00:03:44)  - 核心内容:   - 年轻人买房若能找到一个唯一意义，就是“为了让后人不那么辛苦”——把房子传给孩子，让他们生下来就有房，成为“房二代”；有房就传，没房就没有。   - 房地产和股票一样，本质上都是金融产品，其估值与涨跌幅度的核心决定因素是**货币总量**。美股估值反映美国货币发行量，A股估值反映中国货币发行量；中国货币总量已接近美国，但A股估值远低于美股，这是A股未来上涨的核心逻辑，而非业绩。   - 中国房地产在2021年见顶后难以再涨，是因为当时能买房的人已经“杠杆拉满”，提前透支了未来10-20甚至30年的货币发行量。但再过10-20年，货币发行总量会继续上升，回头看房价仍停留在十年前水平，还会再来一波。   - 未来四五十年（或一百年后），货币发行总量一定比现在多得多，所以核心城市（北上广深、各省会城市）的房价会“水涨船高”。  - 关键概念:   - **金融产品估值**：房地产与股票同属金融产品，价格由货币总量和预期驱动，而非单纯由成本或收入决定。   - **货币总量**：决定资产长期价格走势的核心变量。   - **杠杆透支**：2021年购房者已用尽杠杆，提前消耗了未来多年的购买力，导致房价阶段性见顶。  ---  ### [买房三原则与低估值城市置换策略] (00:03:44 - 00:08:52)  - 核心内容:   - 买房三原则：①不是忽悠大家买房，一定要量力而行；②必须是刚需（如不买房结不了婚）才买；③要“聪明地买”，选择相对低估的位置。   - 举例
====SEG==== SESSION:20251110扯会儿淡~ SEG:8 点_summary TSIZE:52099	### 开场寒暄与闲聊 (00:00:00 - 00:03:16)  - 核心内容:   - 主播应观众要求穿红色衣服，因为之前一直穿绿色被观众提了意见。他解释今天穿红的原因：今天美股不开盘，所以可以穿红色；而周三穿绿色是因为美股开盘、那边仓位较重，穿绿是为了“对冲”。   - 主播提到家里开了地暖导致很热，所以换了短袖。   - 弹幕提到T1夺冠，主播表示刚看了结果。有观众在弹幕提问Faker和詹姆斯谁历史地位高，主播认为Faker毫无争议地位更高，但詹姆斯上面还有乔丹，观众此刻是冷静理性的。   - 主播对弹幕中“用加湿器”等过度关心生活细节的问题表示无奈，确认自己正在用加湿器。 - 关键概念:   - “对冲”（穿衣服颜色与美股仓位状态的玩笑式关联）：主播用穿着颜色来调侃自己在不同市场的持仓状态，红色代表轻松/休市，绿色代表需谨慎/持仓。  ### 迟到说明与福建舰下水 (00:03:16 - 00:04:12)  - 核心内容:   - 主播向大家打招呼，解释自己因有点事迟到了十五分钟，但强调直播的极限是一个半小时，还有很充裕的时间。   - 主播提到“福建舰下水了”，确认了该事件，表示关注。   - 有观众说自己在洗澡时看直播，主播开玩笑问是否在洗泡泡浴，并提到自己在吃面。 - 关键概念:   - 无特别术语，主要是闲聊与即时的热点话题交流。  ### 盛赞《沉默的荣耀》 (00:04:12 - 00:13:04)  - 核心内容:   - 主播强烈推荐电视剧《沉默的荣耀》，称其为“2025年最牛逼的电影加电视剧合起来最牛逼”，如果豆瓣评分最高是十分，他给“四百多分”
====SEG==== SESSION:20251110扯会儿淡~ SEG:9 点_summary TSIZE:46610	### [开场问候与房产答疑] (00:00:00 - 00:03:16)  - 核心内容:   - 深圳买房建议：优先选新盘/次新房，核心逻辑是“深圳买新不买旧”，新盘永远最有价值；非核心区域的大三房不如核心区老旧两房。   - 常州买房：30岁、首付50万，建议先等待，不要急着买；等本次主题（全国30城房价估值）讲完后自行判断时机。   - 陕北榆林及周边城市：如果所在城市群的大城市估值还很高，就不要动手；若大城市估值已经很低，未来一两年可全市场“捡漏”。   - 乌鲁木齐刚需已上车：签完合同、钱已花，刚需不必再关心房价走势，与己无关。 - 关键概念:   - **城市群**：由核心大城市带动周边城市形成的区域经济集合，判断周边城市房价需参照核心城市估值。  ### [回应调侃：格局与自信] (00:03:16 - 00:07:00)  - 核心内容:   - 针对“16厘米”调侃，用小米17 Pro Max长度作类比，强调“什么东西都怕对比”，绝对的数值不如相对位置。   - 强调“格局要打开”：调侃者自以为有优势，但与更高标准相比仍有差距；主播用“It's you, it's me”的肢体对比回击，博君一笑。   - 直播互动基调：以幽默化解攻击，并鼓励观众“踏踏实实”。 - 关键概念:   - **格局**：看待问题的视野和高度，比单一绝对数值更重要；本段用直观对比诠释“人外有人”。  ### [找老婆最重要的三个点] (00:07:00 - 00:15:24)  - 核心内容:   - 第一点是**情绪稳定**：不是指不爱闹或慢性子，而是无论兴奋还是低落都不会过度起
====SEG==== SESSION:20251110扯会儿淡~ SEG:二楼 1 点_summary TSIZE:48362	### [批评盲目追高白银有色] (00:00:00 - 00:02:20) - 核心内容:   - 批评学员买入白银有色：该股属于黄金概念，主营业务并非白银，名字来自甘肃白银市（白银区），并非“白银”商品本身。   - 该股已经走完“一波流”加速行情：连续涨停、放量见顶、次高点放量，此时追高风险极大。   - 强调有色板块加速阶段应“放飞”利润，不要因舍不得而错过卖出时机。 - 关键概念:   - 一波流：连续涨停快速拉升的行情，结束后通常进入下跌。   - 顶部放量：高点出现大量成交，可能是主力出货信号。  ### [特高压小特/大特及小许复盘] (00:02:20 - 00:05:08) - 核心内容:   - 小特（某特高压个股）前期拉升12.47后杀跌，散户交出筹码，随后缩量拉回，说明主力已完成吸筹；当前进入压力区后会调整、震荡洗盘，之后再突破。   - 此类走势适用“大傻子战法/长安战法”：量在价先——横盘区域出现一根莫名其妙的放量，即可提前介入不动，等主力拉升。   - 小特尚在建仓阶段，不是当前龙头；大特才是龙头，但已无买点，持有者应在反弹时减仓。   - 小许（许继电气）此前在直播中详细拆解过机构入场→洗盘→突破→回踩→再突破的完整逻辑，已从25元涨到30.53元。 - 关键概念:   - 大傻子战法/长安战法：以量在价先为核心，出现异常放量后提前埋伏。   - 吸筹与洗盘：主力收集筹码后故意打压，清洗浮筹再拉升。  ### [机构建仓与橡胶板块机会] (00:05:08 - 00:07:00) - 核心内容:   - 特高压板块很多个股仍处于机构建仓阶段，是
====SEG==== SESSION:20251110扯会儿淡~ SEG:二楼 12 点_summary TSIZE:40310	### [开场与新观众指引] (00:00:00 - 00:01:24)  - 核心内容:   - 主播通知新观众：每周都有新朋友，要求从端午节开始充电直播的第一节课看回放；回放下载地址在十月二号的充电动态的置顶评论，有热心朋友整理好了。   - 为保障充电朋友权益，当日直播回放会在两个礼拜后放出；如果急用可以自己录屏或手机拍枪版。   - 闲聊提到：凡人（项目）刚签约，还在头脑风暴阶段，预计明年才能上线。  - 关键概念:   - 充电直播回放机制：两星期延迟发布，置顶评论提供下载。  ---  ### [新闻与股价的关系] (00:01:24 - 00:04:12)  - 核心内容:   - 以“买硬盘”话题引出：储存价格暴涨，但散户看到大量新闻报道时，股价往往已经先行上涨；正确逻辑是看盘面而非看新闻。案例：存储类股票价格先涨到今天，然后新闻才密集报道涨价；而不是新闻先报道、股票还在低位。   - 同样案例：新华社、人民日报开始宣传中国固态电池技术取得突破的那一周，恰恰是固态板块见顶的那一周。提醒“二楼”的朋友不要再搞反逻辑。   - 强调：能够主导大概念、大票股价波动的资金，手里都有强大的媒体资源；龙队（某主力）主要负责人很厉害，左手进酒令、右手买入，专业操作。   - 核心结论：任何票的走势，跟基本面没关系，完全取决于大资金想怎么弄；不要活在噪音里，要活在盘面上，跟随盘面。  - 关键概念:   - 新闻与股价的“先有走势、后有新闻”规律：大资金提前获知预期并操作，等媒体报道时往往是阶段顶部。   - “活在盘面上”：以K线走势为依据，而不是被新闻、消息面左右。  --
====SEG==== SESSION:20251110扯会儿淡~ SEG:二楼 2 点_summary TSIZE:16245	### [欧菲光对称走势与白线防守] (00:00:00 - 00:00:55) - 核心内容:   - 欧菲光此前按画图走势应走出“对称上涨”，周三到达关键位置后需要继续上行，但股价再次走弱、掉头向下。   - 当前最重要的防守位是“白线”：白线不能跌破，一旦跌破，走势将大概率继续下探前低，因为要完成向下对称结构。   - 有观众在直播中问到“右侧从不止损”的问题，引出后续对右侧交易逻辑的详细解释。 - 关键概念:   - 对称走势：价格在上涨/下跌结构上保持对称性，若上涨对称失败，可能转为向下对称。   - 白线防守：技术分析中的关键支撑线，跌破意味着短期趋势转弱。  ---  ### [右侧从不止损的内在逻辑] (00:00:56 - 00:02:47) - 核心内容:   - 以“一黄一厚”这类标的为例：底部放量极大，如果顶部没有出现比底部量能更大的一根“标志性大阴线”，说明大资金无法一次性出货，行情往往还有高点。   - “标志性见顶大阴线”没有出现前，只要大盘这波行情没有结束，主线龙头标的后面大概率还会有新高。   - “韩王”同理：顶部没有出现比底部更夸张的放量出货阴线，只是区间内筹码交换（亲人来、救人走），因此不轻易止损。   - 结论：如果是主线类且有信仰的票（如“米儿”），可以不止损；但如果是非主线、没有信仰、并且已经加速过的标的，必须果断处理。 - 关键概念:   - 右侧交易：在趋势确立后的右侧入场/持有，不预测底部。   - 标志性见顶大阴线：放量远超底部、具有出货意义的巨阴线，是判断资金出逃的关键信号。   - 筹码交换：顶部区间放量但非出货，而是资
====SEG==== SESSION:20251110扯会儿淡~ SEG:直播回放_2025-11-10_00-04-50_summary TSIZE:105217	### [开场闲聊与直播通知] (00:00:00 - 00:04:11) - 核心内容:   - 直播开始，提到每次切到二楼都需要重新启动浏览器；二楼的意义是“知其然，还要知其所以然”。   - 通知新朋友从端午节开始充电直播的第一节课看回放，回放链接在10月2日充电动态的置顶评论中；充电朋友的回放两个礼拜后放出当日内容。   - 提到“凡人”签约还在头脑风暴阶段，预计明年；闲聊手机存储满、买硬盘等话题。 - 关键概念:   - 二楼：指会员/充电专属直播，强调不仅要听结论，还要理解背后的逻辑。  ### [大资金与盘面逻辑，活跃市值定防守] (00:04:12 - 00:09:19) - 核心内容:   - 以“存储价格暴涨”为例，提醒大家：股价先涨，新闻后出；不要等媒体大量报道后才进场。类似固态电池：新华社/人民日报报道技术突破那一周，正是板块见顶的一周。   - 强调“任何票的走势跟基本面没关系，完全取决于大资金想怎么弄”；不要活在噪音里，要活在盘面上。   - 以大权重股为例，大资金提前得到消息和预期后，在大盘横盘时已经出掉，随后一根百分之七的杀跌，恐慌抛压后大资金再入场做波段。   - 活跃市值是散户最牛逼的择时指标：如果起来后回踩再拉一根4%，就是双底；如果漏了，就是下跌中继。不要去猜，要做好思想准备或待在防守板块（低波红利：银行、煤炭、白酒、特高压等）。 - 关键概念:   - 活跃市值：对散户最重要的择时指标，反映市场整体资金活跃程度。   - 低波红利：防守型板块，包含银行、煤炭、白酒、特高压等。  ### [下降波段不开新仓，只做防守与放飞] (00:09
====SEG==== SESSION:20251112仓位管理如何大幅提升赚钱效率（周三晚8） SEG:直播回放_2025-11-12_20-01-23_summary TSIZE:95830	### [开场互动、湘财风波与纪律重申] (00:00:00 - 00:07:28)  - 核心内容:   - 直播开场闲聊，背景音乐《沉默的荣耀》，有观众问“低空经济还能进吗”，主播调侃交给其他观众处置。观众互动包括“吃大面”“加班中”“国盛吃面”“满仓”等。   - **湘财股份风波**：主播查看湘财，发现跌停且放量。原因是大智慧股东起诉湘财，涉及两家合并事宜——大智慧要“睡”（谐音“税”/协议），湘财不给，合并疑似黄了。主播感叹“老公跟老婆吵起来了”“要离婚”。   - 重申本周纪律：本周涨就放飞，只卖不买。批评观众没听，还在问赛赛。强调做右侧应清掉，做左侧无所谓；并提到上周唯一选上来的票周一直接涨停。   - 提醒大家盯好活跃市值，现在没行情，不要有不切实际幻想，按盘面做，关键做好防守、把钱揣兜里。  - 关键概念:   - **右侧/左侧交易**：右侧指趋势确认后追进，左侧指在下跌末端或底部提前布局；纪律不同。   - **放飞**：在获得利润后逐步减仓、落袋为安的策略。   - **活跃市值**：用于判断市场整体赚钱效应/行情强弱的核心指标，活跃市值不好意味着没行情。  ---  ### [观众晒本周行情，阿冕是“老登”代表] (00:07:28 - 00:14:28)  - 核心内容:   - 主播收集观众本周体感：多数人“无聊”“难做”“回撤”“亏麻”，也有少数“屡创新高”“白酒券商可以”“按纪律做可以小赚”。整体冷暖不一。   - 用“老登易壮”形容本周行情——只有“新曼城阵容”有看头。所谓“新曼城阵容”指上周配好的防守型/老将组合，以老带新，把最后两个月打完
====SEG==== SESSION:20251112仓位管理如何大幅提升赚钱效率（周三晚8） SEG:直播回放_2025-11-12_22-01-27_summary TSIZE:93557	### [止损第一原则：只输一根] (00:00:00 - 00:03:16)  - 核心内容:   - 新开仓的止损原则是“只输一根”，也就是说每一笔新买入的仓位，止损点就是买入K线的最低点。如果跌破该位置，应无条件离场，这是控制亏损的最基础、也是最关键的纪律。老粉可能因学习时间较长而忽略，但新粉丝必须严格牢记。   - 止损点的选择取决于是否有过“放飞”操作。如果买入后股价上涨且已经进行过部分止盈（放飞），那么清仓点可以放宽到B点（更低的支撑位）；如果买入后从未放飞过，那么止损点应设在A点（买入K线的最低点）。关键在于卖点必须与买点对应，即“你的卖点对应的是你的买点”。   - 演示了一个具体的买入场景：如果在黄线附近买入，跌破白线是第一卖点；如果已放飞过，可以赌回踩黄线后继续上涨；如果黄线也跌破，则需要等待白线与黄线死叉离场。但在牛市中死叉往往很快会转为金叉，因此该指标参考价值有限，核心仍是依据买入位置设定止损。  - 关键概念:   - **只输一根**：指每笔交易的止损幅度仅限于买入K线的一根K线范围，是控制单笔亏损、保护本金的核心纪律。   - **放飞**：指股价上涨后，先卖出部分仓位锁住利润的操作，相当于“把一部分钱揣兜里”，以此放大剩余仓位的止损容忍度。  ### [板块颜色分类与特高压状态] (00:03:16 - 00:09:20)  - 核心内容:   - 通过颜色对跟踪的板块进行分类，以区分其运行阶段。**绿色代表“筑底”**、**红色代表“高飞震荡”**、**黄色代表“发力中”**。在近期，红色类板块多为调整，黄色类板块正在发力，而绿色类板块则会逐步
====SEG==== SESSION:20251112仓位管理如何大幅提升赚钱效率（周三晚8） SEG:直播回放_2025-11-13_00-01-31_summary TSIZE:64876	### [分仓与重仓的目标] (00:00:00 - 00:05:08)  - 核心内容:   - 分仓的目标是让自己能睡得着觉，核心是控制风险、保住本金。仓位配置需依据单仓跌停幅度计算，例如创业板单票跌停20%时，若平时分仓20%，则应只配10%；科创板跌停30%时配7%左右；北交所跌停30%同理；港股需自行设定比例。原则是“盈亏同源”。   - 重仓的目标是快速赚到爆发的差价，即“噌”一下的爆发利润。一旦出现爆发上涨，应下意识马上减仓，可以一点点减（如两三个币、三四个币对应十个S），不等回调。   - 重仓不可能让人睡得着觉，即使天天涨也睡不着，更别说跌。不要因为被套就“踏实”，进入市场是为了赚钱，不是被“摁在那儿”。   - 分仓比例简单化：绝大部分情况账户无论大小，分仓4-5个适用于高手，常规10个适用于低手/新手。因为高手止盈止损做得好，可以在单票比例上放大。 - 关键概念:   - 分仓目标：睡得着觉，控制风险。   - 重仓目标：快速赚取爆发差价，赚完就减。   - 盈亏同源：高波动品种必须降低仓位，按跌停幅度倒推仓位。  ---  ### [仓位数量与曼城阵容配置] (00:05:08 - 00:08:24)  - 核心内容:   - 高手配置4-5个票，新手配置10个票。高手可在单票上放大比例，因为纪律执行好。   - 配置举例：有色板块可先配铜（25%或20%），再配铝（20%或两边各10%），组成有色的分仓；宁德时代配20%不看了；赛力斯之前配20%，但趋势变化后拍出，仓位调到特高压；特高压涨到6.59元就出来不要了；20%配券商；剩余仓位给白酒或煤炭，低
====SEG==== SESSION:20251116重点板块视察~ SEG:zettaranc直播回放_2025-11-16_summary TSIZE:73187	### [开场闲聊与准备] (00:02:20 - 00:05:36) - 核心内容:   - 主播以轻松闲聊开场，提到国安队长龙队（徐云龙）在酒店唱歌的霸气趣事，以此带出团队需要“魂”和霸气的观点。   - 回应弹幕：对于有观众表示要去“换裤子”，主播调侃不必隆重；对于提到“封板”、“ST”等股市术语的弹幕，主播笑称外盘游资不懂A股规则。   - 主播表示现在对骑车穿越城市等体力活动“没心气儿了”，更愿意踏实看书，但强调关键时刻自己会表态。 - 关键概念:   - 无核心投资概念，主要为情绪铺垫和互动。  ### [大盘择时与操作节奏] (00:05:36 - 00:10:44) - 核心内容:   - 通过“活跃市值”指标分析大盘：过去五天重心下移，当前处于关键支撑位，警报未解除，市场可能下滑破位。这是上周感到悲观的原因。   - 操作策略：当前不是“猛干”的时候，重要的是把已有利润“揣兜里”（兑现）。提出“蹦起来就放飞”原则，即反弹时减仓，而非追高。   - 解释市场资金逻辑：当前普跌（3500家下跌，1500家上涨）的原因是前期热门板块（高位股）获利盘流出，资金进行“高切低”，转入白酒、有色、化工等低位防守板块。这些资金是“转场”而非“离场”，因为存款搬家（增量资金）尚未大规模出现。   - 指数到4000点前主要是场内资金博弈，真正的活水是“央妈给龙队配资”和“保险资金松绑”。   - 强调节奏感：市场处于分歧期，很难满仓集体赚钱，应适应“有钱吃好的（康师傅），没钱吃白象”的预期管理，不抱怨。 - 关键概念:   - 活跃市值：用于判断市场整体活跃度和资金趋势的指标。
====SEG==== SESSION:20251119为你的“知行合一账户”充值～（周三晚八） SEG:直播回放_2025-11-19_20-00-24_summary TSIZE:97108	### [开场念诵] (00:00:00 - 00:00:56) - 核心内容:   - 念诵《金刚经》相关经文，内容涉及"三观俱否定""心不可得""福德非福德"等佛教哲理表述。   - 引用"若有人满三千大千世界起报一用不识"等经文，讨论布施与福德的概念。 - 关键概念:   - 空性与福德：强调福德不应执着，如来说"福德即非福德"。  ### [互动与批评未放飞Rita] (00:00:56 - 00:05:08) - 核心内容:   - 开场询问观众本周行情表现，观众反馈包括"亏麻了""跑赢指数""航天牛逼""回撤""保险吃爽了"等。   - 重点批评部分用户没有按照上周三和周日直播的提醒操作Rita：连续两个涨停应"放飞"（卖出），结果有人做到跌停还亏损。   - 强调止损纪律：涨停放飞一半也亏不了，放飞三分之一也不会亏损，提醒"瞪起来就卖，别做亏了"。   - 有用户提到"加仓"，主播明确否认教过加仓，重申“上涨途中加仓”不是本门玩法。 - 关键概念:   - 放飞：涨停或冲高时卖出获利，落袋为安。   - 知行合一纪律：提前提示风险、严格执行操作，否则亏损属于自身问题。  ### [对违规操作的无力感] (00:05:08 - 00:08:24) - 核心内容:   - 表达对未放飞Rita而导致亏损的用户的无奈与失望，形容这种"讲了也不做"的情况如同和不讲理的人吵架。   - 重申提醒过程：第一个涨停提醒放飞，第二个涨停再次提醒放飞；很多人没有执行。   - 用户提到"加加仓"，主播再次强调从未教过加仓，且百分之二十利润悬置多天仍不卖出，导致亏损。   - 情绪激
====SEG==== SESSION:20251119为你的“知行合一账户”充值～（周三晚八） SEG:直播回放_2025-11-19_22-00-28_summary TSIZE:99254	### [中美关系与A股核心问题] (00:00:00 - 00:02:20) - 核心内容:   - 中美关系缓和（G2 传闻）对日本、韩国地缘经济挤压更大；此前巴菲特等美元资金大量流入日本，本质是美国扶植日本作为遏制中国的堡垒。中美若走向合作，日本相对地位会受损。但这不是当前 A 股核心矛盾。   - 当前 A 股最大问题仍是国内经济周期：消化内部供需错配、地产出清、通缩带来的压力。行情低迷主因在于内部基本面而非外部地缘。   - 引出本课主题：「知行合一账户充值」——认知跟上后，至少能做到 B1，看懂会做，是从 0 到 1 的质变。 - 关键概念:   - 知行合一账户：比喻投资者通过实际亏损/盈利积累经验和认知，让操作与认知匹配。  ### [券商并购重组与中国神券逻辑] (00:02:20 - 00:09:20) - 核心内容:   - 中金合并并非“中国神券”；真正神券级别是中信证券与中信建投合并（简称阿信+中信建投）。此观点已提前一年半讲过，B站搜索“中国神券”有录播为证。   - 过去一年券商行业大股东层面并购重组频繁（国盛、湘财等均有传闻），行业内部早已知晓，并非内幕消息。原因是一年多前已定调：未来两到三年行业不再无序扩张，而是各区域整合，例如广东=广发、上海=国泰海通、北京=中信、湖南=湘财、互联网牌照=东财、江苏=华泰。   - 并购重组期间不能拉高股价，否则会大幅提高并购成本。所以券商近期横盘不动是刻意压制，前段有十一单大单“盖着”而非卖下来，是“举棒威慑”而非“打在身上”。等内部整合完成、开门接客，最后行情高潮可能由“中国神券”引爆。 - 关键概念: 
====SEG==== SESSION:20251119为你的“知行合一账户”充值～（周三晚八） SEG:直播回放_2025-11-20_00-00-32_summary TSIZE:87882	我们只需要根据转录文本和话题分段，为每个话题段落生成详细笔记。转录文本比较长，内容口语化，夹杂大量股市讨论、政治观点等。需要按给定时间段分段，提取核心内容和关键概念。要求信息完整，保留具体细节。用中文Markdown。  我们需要为每个段落输出标题、时间、核心内容（2-4条要点）、关键概念。段落标题已给出，直接用。内容要尽量覆盖转录文本中的信息，但转录文本有噪音，需要整理提炼。  注意：转录文本中有些内容可能与话题不完全对应，但我们要按时间段截取。需要仔细对齐每个时间段的文本。  先列出话题分段： 1. [00:00:00 - 00:06:32] 量价关系与个股图形甄别 2. [00:06:32 - 00:11:40] 不碰二十厘米和问题图形 3. [00:11:40 - 00:17:16] B一筛选与强图标准 4. [00:17:16 - 00:21:28] 行业分布与底部跳空问题 5. [00:21:28 - 00:26:36] 资源类与老庄股风险 6. [00:26:36 - 00:32:12] 走坏图形不参与 7. [00:32:12 - 00:36:24] 白酒顺周期与资源股观察 8. [00:36:24 - 00:41:04] 市场无机会，防守为主 9. [00:41:04 - 00:47:08] 操作纪律与学习方法 10. [00:47:08 - 00:55:32] 米尔周线右侧与基本面压力 11. [00:55:32 - 01:04:24] 米尔赛斯的AIGC与流量逻辑 12. [01:04:24 - 01:11:24] 美股AI泡沫与米尔机器人 13. [01
====SEG==== SESSION:20251123蛋比时间~ SEG:zettaranc充电直播回放_summary TSIZE:99696	### [开场闲聊与心路状态] (00:00:28 - 00:02:48)  - **核心内容**:   - 主播以“一楼受气，二楼悠哉”开场，表达回到二楼直播间更放松、自在的状态。   - 提到最高同时在线3.9万人，但认为许多外盘用户“没见过、没做过”，因此不想进行基础科普，只愿和现有观众一起走完牛市。   - 用“男人过了四十岁，对美女心如止水”来比喻自己对重复讲解基础内容已感到疲惫，没有“再重新来一遍”的心气儿。 - **关键概念**:   - 无新增关键术语，主要是情绪表达与受众筛选。  ### [摩尔打新与新手适应问题] (00:02:48 - 00:05:36)  - **核心内容**:   - 明天（次日）为摩尔线程的打新日，若中签预计可赚**10万至15万元**，属于无风险套利机会，概率取决于运气。   - 有“4000点新粉”在周五恐慌中清仓，对此主播认为不必强求，因为恐慌时清仓说明心理承受能力和操作水平还处于早期阶段，需要时间适应。   - 一位关注19天的女粉丝认为学习战法有点“揠苗助长”，主播以“飞机降落拉萨”类比：从零直接学至刚至强的战法，会因“海拔”不适应而流鼻血，需要深度体会的过程来逐渐适应。所有回调都是过程中的一部分。 - **关键概念**:   - **无风险套利**：指利用新股申购（打新）等制度性机会获取几乎无风险的收益，其收益大小（十万还是十五万）取决于中签概率，与股票本身破发与否无关。  ### [顺势而为与震仓原理] (00:05:36 - 00:09:20)  - **核心内容**:   - 上周操作的核心逻辑是“顺势而为”。高位放
====SEG==== SESSION:20251126Z家军之每日5步极简工作流精讲（三晚8） SEG:zettaranc充电直播回放1_summary TSIZE:110334	### 直播故障与迟到辩解 (00:00:00 - 00:03:16)  - 核心内容:   - 直播开始时遇到技术问题：B站升级，直播插件升级后点击开始一直进不来，导致开播延迟；主播自我解嘲“直播机的插件升级，手欠点了一下”。   - 用“人情世故”为自己迟到找台阶，强调“江湖不是打打杀杀，江湖是人情世故”，希望大家配合“演一下”，不必较真。   - 测试背景音乐是否有声音，确认直播恢复正常。  - 关键概念:   - “人情世故”：用中国式社交默契化解迟到的尴尬，不直接承认错误。  ---  ### 开场闲聊与青春感慨 (00:03:16 - 00:05:08)  - 核心内容:   - 季节与饮品：夏天喝饮料，冬天喝茶，酒全年都要喝；近期因特殊原因不能“斗酒尝白酒”，只能“尝百草”（喝草本饮料）。   - 自嘲年龄：四十二岁仍自认“青春”“青少年”，提及人均寿命奔一百五，心态年轻。   - 引出对市场观点：之前提到中国行情是“慢牛”，说的是“先慢后快”。  - 关键概念:   - “先慢后快”：慢牛行情前期横盘磨人，后期快速拉升。  ---  ### 抽牌玄学：先慢后快 (00:05:08 - 00:07:00)  - 核心内容:   - 主播在牌堆中连续摸到同一张牌，牌上写着“先慢后快，越来越快，坚持做对的事，方能行稳致远。世界上怕就怕认真二字”。   - 强调不是魔术，展示了牌的颜色（琥珀色，蜜蜡老蜡的颜色），表示这是玄学。   - 重复摸到同一张牌的概率是五十四分之一，但连次出现，暗示对行情的判断有信心。  - 关键概念:   - “先慢后快，越来越快”：对牛市节奏
====SEG==== SESSION:20251126Z家军之每日5步极简工作流精讲（三晚8） SEG:zettaranc充电直播回放2_summary TSIZE:86868	### [开场闲聊：归隐生活与文玩雅趣] (00:00:00 - 00:13:32)  - 核心内容:   - 主讲人自称已“退出江湖、归隐山林”，目前生活围绕盘串、喝茶、喝酒、玩香、吃玉米日常展开，并展示小叶紫檀手串与手工雕刻的文殊、普贤、千手观音像，强调“活到最后怎么俗怎么来”。   - 提到文玩细节：小叶紫檀“巨香”、带星（爆星），雕像是纯手工上彩、立体一体成型，材质为紫檀，不是3D打印。   - 为后续“江湖派/学院派铁蝴蝶”概念做铺垫，区分“网上二楼”与“大直播”内容，暗示当前分享属于更高阶、更具价值的信息。   - 进食习惯：早饭四个鸡蛋，晚饭两根玉米，直播前补充热量再吃肠。  - 关键概念:   - 江湖派铁骨点儿/学院派铁骨底儿：比喻不同层级、不同套路的交易流派，后续会反复出现。   - 归隐状态：主讲人称已不参与市场内幕，公开内容均为“退出后”的经验分享。  ---  ### [从海钓聊到2019年账户战绩] (00:13:32 - 00:20:32)  - 核心内容:   - 主讲人用“海钓”比喻在公海级别的大资金操作，区别于普通散户的“路亚”式小打小闹。   - 展示2019年3月6日动态：专户小账户两个多月收益率88%，超额完成任务后收队离场；该账户规模约4亿元（量化账户分多个小账户操作），另提到3亿、1亿、2000万等账户。   - 2019年5月6日大盘暴跌5.58%，此前已在3102点收队离场，回到2906点；强调A股残酷性：有经验的人赚没经验的人钱，因此反复建议散户/学生不要碰股票。   - 说明“在大家恐惧时开始行动，慢慢集合部队”的逆向思维，
====SEG==== SESSION:20251126Z家军之每日5步极简工作流精讲（三晚8） SEG:zettaranc充电直播回放3_summary TSIZE:54829	我们只需要根据话题分段和转录文本，生成详细的逐段笔记。注意话题分段已经给出，我们按照分段逐个输出。转录文本中有很多口语、闲聊，需要提取核心内容和关键概念。要求信息完整，保留具体细节。用中文Markdown。  注意话题分段共有17段： 1. 开场闲聊与昨日行情回顾 (00:00:00 - 00:01:24) 2. 播放背景歌曲 (00:01:24 - 00:03:16) 3. 煤炭防守作用与B一数量 (00:03:16 - 00:05:08) 4. 大宗商品与流动性分析 (00:05:08 - 00:08:52) 5. 特高压图形与机构建仓策略 (00:08:52 - 00:14:28) 6. N型结构与卖出原则 (00:14:28 - 00:16:48) 7. 个股扒拉与止损设置 (00:16:48 - 00:22:24) 8. 重点个股答疑与风险提示 (00:22:24 - 00:27:04) 9. 手捋个股警告与看图方法 (00:27:04 - 00:30:48) 10. 个股答疑与出货形态讲解 (00:30:48 - 00:37:20) 11. 市场主线与半导体分析 (00:37:20 - 00:42:56) 12. 消费板块个股点评 (00:42:56 - 00:48:04) 13. 歌曲致谢与老粉互动 (00:48:04 - 00:58:48) 14. 粉丝互动与财富话题 (00:58:48 - 01:08:36) 15. 情感问答与告别 (01:08:36 - 01:17:56)  需要每个段落输出标题、时间、核心内容（2-4条要点）、关键概念。注意转录文本中有些
====SEG==== SESSION:20251201msfdc~ SEG:zettaranc充电直播回放_summary TSIZE:71614	### [开场白与直播间互动] (00:00:00 - 00:00:28) - 核心内容:   - 主播以一段顺口溜开场：“我们做老板，脖子上喜欢挂绿牌，香炉顶上摆，长大之后挂红牌，前程百三八五八，前程高处百丈。”并提及“六合厂”等词汇。   - 开场后遇到技术问题，询问“怎么又没画面呢？”，随后恢复正常。   - 欢迎观众进入直播间，开始互动。  ### [提车进度与房产置换建议] (00:00:28 - 00:03:44) - 核心内容:   - 主播祝贺一位用户提车，并回顾了直播间“白粉会”的进度：目前已提车二十多辆，若加上灰色等其他配色，预计可达五六十辆，目标是一百辆。如果粉色不够，会请灰色车主“拉一把”到一百辆。   - 粉丝咨询：已婚小两口，杭州拱墅区有两套一百平米出头的房子，建议二合一置换还是不动？主播明确建议：**二合一置换上第四代豪宅，不要纠结**。理由是两套房子租金收益不高，不如整合资产升级。   - 粉丝咨询：二七年初办婚宴，是否需要提前囤酒？主播建议现买即可，没必要提前。婚宴用酒五百元左右推荐**红花郎十五年（红十五）**；若想用一九三五，行货价格约六百七十元，也可以，很有排面。   - 粉丝推送互动，主播提醒观众不要过于着急，要有涵养。  ### [婚宴用酒推荐] (00:03:44 - 00:05:36) - 核心内容:   - 主播详细回应婚宴用酒问题：五百元左右推荐红花郎十五年；若预算能到六百七十元，可选一九三五，指出一九三五行货价格约为六百七十元，并称赞“很有排面”。   - 主播以一首《小薇》的哼唱作为本段过渡。  ### [揭秘“铁壶底儿”
====SEG==== SESSION:20251203交易中如何调整“手紧手松”？（周三晚八） SEG:zettaranc充电直播回放1_summary TSIZE:97809	### [开场与选股状态] (00:00:00 - 00:07:28) - 核心内容:   - 主播开场提到自己被B站锁在外面，刚上来。今天没有选出股票，对观众也选不出股票表示欣慰，认为这表明大家的审美水平提高了，开始懂得宁缺毋滥，不再乱选。   - 主播分享了自己昨日的选股：普联软件、新宏泽、南桥、新炬网络等。其中新炬网络熄火亏6%多，普联软件高开4个点、量比136倍可追，新宏泽涨停且在白线之上，南桥高开冲高8.56%后熄火。   - 主播提到自己每天都会坚持选股，即便买不了也要保持对市场的感知。 - 关键概念:   - 量比: 指当日每分钟平均成交量与过去5日每分钟平均成交量的比值。量比一般不骗人，尤其在相对确定的板块中，高量比配合高开是有效的追涨信号。  ### [个股答疑与机构动态] (00:07:28 - 00:10:44) - 核心内容:   - 关于中缅股份，主播指出它是回踩后起来，白线之上，是"牵牛绳"走势。   - 关于机构动态，主播指出当前公募基金不干活，借着调研名义吃喝玩乐，消化库存的茅台等。私募会所重新活跃。这是好事，消费会逐步传导。调研约等于旅游。   - 主播提到自己偏爱去成都、苏州、杭州等地调研，因为上市公司密集。 - 关键概念:   - 牵牛绳: 指股价沿着白线（均线）稳步上行，像牵牛绳一样，只要不跌破白线就持有。  ### [黄线意义与铜铝操作] (00:10:44 - 00:16:20) - 核心内容:   - 周日讲完铜后，江西铜业涨停。铝也在逆势上涨，中国铝业盘中涨6%收4.25%。   - 黄线对强势股是极限洗盘位。以江西铜业为例，打到
====SEG==== SESSION:20251203交易中如何调整“手紧手松”？（周三晚八） SEG:zettaranc充电直播回放2_summary TSIZE:104770	### [开场互动与答疑] (00:00:00 - 00:05:08) - 核心内容:   - 回应粉丝关于“老师很帅想叛出师门”的玩笑，安抚情绪，提醒踏实学习。   - 回答“国内头部矿企外派非洲/南美职能offer”的就业问题：建议接受，不要纠结，这是好机会。   - 回答粉丝关于小市值股票的问题：买入后次日有涨停/涨6%，随后跌回，问题不在小市值，而在“不走”“不卖”。   - 鼓励新粉丝，强调看录播、坚持跟课。 - 关键概念:   - 无实质教学术语，以互动答疑为主。  ### [补课：为什么总买不到涨得最好的] (00:05:08 - 00:13:04) - 核心内容:   - 针对“15个B1选出5个涨停，但自己买的2个没涨”的问题，回顾旧课《为什么总买不到涨得最好的》。   - 避免选错的要点：不选择看起来更安全的标的；清除主观偏好（不要因名字、印象、是否听说过而排斥）；选择同板块内最强（最早上攻、开盘量比最大且同步上涨）；不行就全买（但15个太多，主要看前三个）。   - 原因剖析：对N型结构及相对高低位置没概念，导致追高；死拿不涨、一卖就涨是因为主力要洗掉对手盘；多选一必错是主力故意制造迷惑，激发贪婪与恐惧。   - 实例：普联量比高达100多倍，高开4%，是二十厘米攻击形态；认知不够才不敢买。 - 关键概念:   - N型结构：价格走势中的上涨-回调-再上涨结构，需关注相对高低位置。   - 量比：开盘后成交量与过去5日同时段均量的比值，量比大说明资金关注度高。   - 同板块最强：板块内最先上攻、量比最大且同步上涨的个股。  ### [英国金融博士的就业建
====SEG==== SESSION:20251203交易中如何调整“手紧手松”？（周三晚八） SEG:zettaranc充电直播回放3_summary TSIZE:80734	### [大盘与个股走势分析] (00:00:00 - 00:03:16)  - 核心内容:   - 提到许继电气等个股跟随大盘走势，属于“长阴短柱”一路下杀；周日讲过的大哥已经买好，出现阶梯形态。缺口处容易回补，走势需谨慎对待。   - 小特（某股票）有“起火”迹象，直接奔前高位置，量能摆在那里；其走势与三六零相似：前段快速拉升后高点不放量，缩量回调到B1位置（黄线附近），担心后续出现一根大阴线导致难以离场。   - 部分个股属于机构入场后就踏实持有的类型，股价回到之前上沿位置；这类“徐安派铁壶底儿”的股票，因为人都去“公海”了，没人看盘子，所以没人管。   - 锂板块调整麻烦，以天齐锂业为例，今天跌破黄线。指出三根放量跳空阴线是真正的出货信号；若明天收不回黄线，短线基本熄火。但大级别上低点不能再漏，否则下行。碳酸锂期货虽仍看多，但短线天齐这类股票已熄火。当前也是B1位置，操作上不用纠结是否接近黄金分割位，顶就是底，底就是顶，和国盛、江铜一样。 - 关键概念:   - 长阴短柱：阴线实体长但量能相对小，通常视为缩量回调。   - B1位置：某种买入信号/支撑位，常结合黄线（均线？）判断。   - 阶梯量/阶梯形态：量能或价格呈台阶式变化，可用来观察资金行为。   - 黄金线/黄线：技术分析中的关键均线或支撑线，跌破意味着短线走弱。  ---  ### [风险个股止损提示] (00:03:16 - 00:05:36)  - 核心内容:   - 东方财富走势像创业板一样漏下去，黄金线出现死叉，类似之前的青花（某股票案例）。如果持有该股，这个位置一定要卖，不要扛。青花当时是20.5
====SEG==== SESSION:20251208老主线的新叙事！ SEG:zettaranc Z哥 充电直播回放_summary TSIZE:68443	### [开场唱歌与闲聊] (00:00:00 - 00:03:44)  - 核心内容:   - 直播开始遇到画面问题，主播去喝水拿吃的，随后唱起《两只蝴蝶》，并调侃歌曲虽土但重在“意境”和“故事”。   - 唱完后提到“二楼”（指直播间观众）要带大家“穿过丛林去看小溪水”，延续歌曲意境，营造轻松氛围。 - 关键概念:   - 无实质概念，主要是开场暖场与互动。  ---  ### [为什么没吃玉米肠与威士忌品鉴] (00:03:44 - 00:09:20)  - 核心内容:   - 主播解释今晚没吃玉米肠是因为媳妇回娘家没人给做；提到饭局吃不饱，吃的是“意境”和“故事”。   - 品鉴威士忌：推荐**格兰纳里奇十二**，称其为今年烈酒金奖酒款，价格便宜（三百多元），口感描述为樱桃、黑巧克力、奶油，酒精感不强、不怎么苦。   - 给出个人威士忌口感排名：第一**山崎十二**（但性价比不高），第二**格兰纳里奇十二**，第三**小猫十四**，最后才是**麦卡伦十二**；麦卡伦十八好但做口粮太奢侈。   - 提醒未成年人禁止喝酒；建议不要被营销忽悠，可以对比山崎十二和格兰纳里奇十二来体会。 - 关键概念:   - 威士忌口粮酒：日常饮用、性价比高的酒款选择。  ---  ### [重泥煤威士忌与酒类多样性] (00:09:20 - 00:14:56)  - 核心内容:   - 观众提到拉弗格（Laphroaig）等重泥煤威士忌，主播表示自己完全喝不了，开盖就会影响状态，比如十年雪莉桶那瓶放了两年没开。   - 讨论酒类多样性：酒与口味无关，要种类多，让人找到适合自己基因的味道；举例
====SEG==== SESSION:20251210成交量与股价最真实的关系 （周三晚八） SEG:zettaranc Z哥 充电直播回放1_summary TSIZE:95909	### [开场歌曲与进入直播间] (00:00:00 - 00:01:24) - 核心内容:   - 主播以一首歌开场，随后尝试进入直播间，但遭遇技术故障，连续更换了三个浏览器才成功进来，吐槽B站的科技门槛。   - 进入后向观众问好，确认大家是否都已顺利进入直播。 - 关键概念:   - 无（纯开场互动）  ---  ### [寒暄、吃玉米与“缺憾”用词] (00:01:24 - 00:05:36) - 核心内容:   - 主播与观众寒暄，提到有人梦见自己来家里，并展示自己泡好的茶，表示为直播做了准备。   - 谈论精力与能力的关系：精力不足时要承认这是能力上的“缺憾”而非“缺陷”，强调用词精确的重要性。   - 测试直播声音，开玩笑说直播间主要靠“弹逼”（聊天），所以声音重要；教观众调音量（按手机侧边的上键）。   - 互动中调侃“崩门圣女”，并提到“麦琪”是专业队的，提醒大家小心。 - 关键概念:   - **缺憾 vs 缺陷**：缺憾表示因缺失而遗憾，比“缺陷”更不带歧视性，体现用词讲究。  ---  ### [铁壶底与瑜伽裤的本质区别] (00:05:36 - 00:13:32) - 核心内容:   - 提出“铁壶底儿”和“瑜伽裤”两个群体最核心的本质区别：瑜伽裤是主动管你要钱，而铁壶底儿是你主动上赶着给钱。   - 解释原因：瑜伽裤玩短线，拉一把就走；铁壶底儿玩长线，会对你做“价值挖掘”，把你身上的价值榨干。   - 指出专业度、涵养、文化、情绪价值等都可包装，属于表面现象；判断本质要看“谁主动给钱”。   - 举例夜场场景：演员佩戴假表可能另有原因，但现在很多演员
====SEG==== SESSION:20251210成交量与股价最真实的关系 （周三晚八） SEG:zettaranc Z哥 充电直播回放2_summary TSIZE:100963	### [用游戏比喻市场，劝诫不要抱怨] (00:00:00 - 00:04:40)  - 核心内容:   - 用游戏比喻股市：老玩家已“六神装”（大幅获利），新玩家“零杠十一”（亏损严重）时想投降，其他人不会同意，因为老玩家仍在“霸体”状态，只是利润回吐。   - 劝诫不要抱怨市场、不要摆烂，否则可能被“举报”（错失机会或更差）。若体验差，往往是因为自己选错了标的（如选了“提莫”），而不是市场整体问题。   - 回顾今年行情：上证从3000点涨到4000点又回到3900点，大部分人是获利的；晚来的投资者体验差属正常，应把眼光放长远。   - 遗憾是“充电视频”开晚了，若年初就开，收益可能更好；2026年是储备期，2027年可能见顶，应踏实准备。 - 关键概念:   - 游戏比喻：用“六神装”“霸体”“位移”“纯净苍穹”“贤者的庇佑”等游戏术语，比喻市场中的获利盘、强势状态和避险工具。   - 不抱怨、不摆烂：强调投资心态，避免因短期体验差而放弃或乱操作。  ---  ### [当前市场已是好日子，回撤有限] (00:04:40 - 00:06:04)  - 核心内容:   - 当前市场比历史好太多：以前大A动不动千股跌停，今年只有4月7日出现一次极端情况。   - 举例说明回撤有限：酒ETF在B一位置买入后最多回撤7个点；若追高10个点且只用十分之一仓位，总仓位损失仅1%。   - 明确判断大盘没有问题，不要因为短期波动而恐慌。 - 关键概念:   - 好日子：与历史千股跌停相比，当前市场波动已属温和。   - 仓位控制与回撤计算：小仓位追高对总资产影响有限，强调仓位管理的重
====SEG==== SESSION:20251210成交量与股价最真实的关系 （周三晚八） SEG:zettaranc Z哥 充电直播回放3_summary TSIZE:92104	### [缩量的定义与实战意义] (00:00:00 - 00:07:00)  - **核心内容**:   - **缩量的定义**：今天的成交量比前一天的成交量小，即为缩量。这是判断缩量的唯一标准。   - **缩量的核心意义**：缩量本身绝大部分时间没有意义，**只有在上涨过程当中的回调阶段，缩量才有意义**。这是本段最关键的结论。如果是在下跌趋势中或高位放量后的缩量，均无参考价值。   - **N型结构中的应用**：在N型结构形成的上涨趋势中，回调阶段的缩量代表抛压减轻、趋势未坏，是有价值的缩量。缩得越多越好，意味着趋势还没走完。而“平量”则意味着趋势大概率延续。   - **量价配合**：最好的量价配合是“中长阳配倍量”（即放量长阳），这百分之百可以确认有大资金进场。如果放量但只涨一点，则需观察放量的程度，一般放量只涨一点是正常的。   - **反面案例**：上涨趋势中出现放量（尤其是相对前高位置放量）是不好的信号。定式要求是追求确定性，如果走势不符合完美图形（如缩量回调），则没有概率优势，不应参与。   - **操作纪律**：强调要严格按照给定的定式（如B1/慢城阵容等）操作，只有在最完美图形出现时才可加重仓位（超配）。现阶段应专注于“B1的十张完美图”，因为即使下跌，止损幅度也小。  - **关键概念**:   - **缩量**：当日成交量小于前日成交量。   - **倍量**：当日成交量是前一日成交量的两倍（或以上），代表资金异动。   - **平量**：成交量与前一日基本持平，暗示趋势延续。   - **N型结构**：股价上涨-回调-再上涨形成的结构，用于判断趋势
====SEG==== SESSION:20251214扯淡局~ SEG:zettaranc 充电直播回放1_summary TSIZE:84239	### [开场泡茶与粉丝互动] (00:00:28 - 00:04:12)  - 核心内容:   - 开场沏茶，提到“卖了买不回来”，感叹现在直播间真假难辨，过去“那个时代没有造假”。   - 粉丝互动：有人让他爸分手，对方哭着说“能不能再为你跳一支舞”，Z哥判断“肯定分不了”。   - 有粉丝请假看S4总决赛，Z哥表示支持；感谢老粉长期陪伴（如Quick Life 364天）。   - 回应B站私信：很多人发“求子秘方”，Z哥表示已经不需要，因为“太多了，试不过来”。 - 关键概念:   - 铁壶底/瑜伽裤：直播间俚语，指某种特定类型的人（后续多次出现，本段仅提及相关歌曲）。  ---  ### [聊长春攻略与滑雪] (00:04:12 - 00:05:36)  - 核心内容:   - 有粉丝要帮Z哥做长春攻略、带路，Z哥婉拒，称去长春“谈不上跟回家一样”，但信息源是有的，且已经疲惫。   - 提到滑雪去松花湖，本来波司登要在松花湖拍，但因为直播没去成。   - 说“虎牌”“踏踏实实”，让有需求的粉丝找“洪坤同学”。 - 关键概念:   - 无特殊术语。  ---  ### [放歌互动与茶歇] (00:05:36 - 00:08:52)  - 核心内容:   - 播放《云南民歌》等歌曲，歌词片段涉及“哥哥姐听我说”“小妹只喜欢”等，随后说“放水时间差不多了”。   - 泡茶、弄茶歇；有粉丝发SC（付费弹幕），Z哥喊话“别发SC了，一会儿就下了，念不到不合适，费钱”。   - 聊到歌词“开过多少橱窗，出过多少旅馆”，放歌间隙与粉丝闲谈。 - 关键概念:   - SC：Super
====SEG==== SESSION:20251217为什么说散户输在没有交易节奏（周三晚八） SEG:zettaranc充电直播回放1_summary TSIZE:100332	### [开场测试与闲聊] (00:00:28 - 00:03:16) - 核心内容:   - 主播测试直播声音，并吹走摄像头上的毛，确认画面清晰。   - 提到“龙队绑定”：认为龙队（主力/国家队）仍在持续“充值”护盘，只要还绑定着就可以放心；担心的是龙队退坑/弃坑。   - 澄清“宽机”不是逮着一个轮子（单一行业/板块轮动），券商板块整体上涨才算宽基行情。   - 向观众问好，并举起手机/杯子说“哔哩哔哩干杯”。 - 关键概念:   - 龙队绑定：指主力资金/国家队持续买入护盘，是一种信心信号。   - 宽机 vs 逮一个轮：宽基指数整体机会 vs 单一行业轮动机会。  ### [时令茶饮与茶叶市场杂谈] (00:03:16 - 00:08:52) - 核心内容:   - 主播根据季节选择饮品：夏天喝冰可乐/冰柠檬汁，冬天因酒窖地暖需恒温21度，喝热茶；绿茶“是用来体验的”，人生要喝红茶。   - 今日茶饮为“张平水仙”（茶中香水），品牌小众、每年公开销售不多，怕断货又下单两盒，但坚决不透露品牌名。   - 水仙茶分很多种，仅岩茶里就分多种；红茶常喝金骏眉（北京话“金尊梅”）；喝茶讲究“先苦后甜”。   - 以茅台为例：价格从3600元崩到1560元，但茶叶价格没崩，原因是茶叶品牌太多，即使大品牌也占不了多少市场份额，好货反而更稀缺。   - 瑞泉等品牌已开始“开折”（打九折），但没像茅台崩那么厉害；领导也得喝茶，所以需求降不下来。 - 关键概念:   - 茶中香水：张平水仙的雅称，指其香气沁人心脾。   - 茶叶价格韧性：因品牌分散、好货稀缺，价格比白酒更抗跌。  ###
====SEG==== SESSION:20251217为什么说散户输在没有交易节奏（周三晚八） SEG:zettaranc充电直播回放2_summary TSIZE:91877	### [散户没有交易节奏与踏空误区] (00:00:00 - 00:05:08)  - 核心内容:   - 散户在当前行情中普遍没有交易节奏，学完战法后急于找同样的图形"照葫芦画瓢"，但往往因时机不对而失败。例如B1战法扒出的票成功涨一天，第二天低开杀6个点、4个点出不来，导致被套。   - 用具体案例说明节奏的重要性：航天发展上周三按成交量判断"没有完"，后面大概率创新高，随后确实创了新高；但如果追高进入，第二天一根大阴线锁6个点，容易坐过山车。后普也是类似，反弹三天后一根大阴线全锁住。   - 散户典型误区是"踏空焦虑"：看到某只票（如航天发展）翻了倍，就认为自己踏空了。但高手的认知是——只要方法学会了，下一个机会等着就行，不存在踏空。高手都不怕踏空，因为所谓踏空只是众多能驾驭的机会中没按扳机的那一次。   - 过去两个月，活跃市值多次出现"走好了但没到4%"的情况，之后又创新低；同样，未来活跃市值连续红时，也会有散户"自己的票不涨"而乱操作，最后回头看才发现不动才是最好的。  - 关键概念:   - **交易节奏**：散户在市场里亏钱的核心原因——没有明确的交易节奏，导致反复追涨杀跌、拿不住票、乱了心态。   ### [课程目标与作业：建立自己的节奏] (00:05:08 - 00:08:52)  - 核心内容:   - 本期课程的目标：听完之后，学员要按照最终形成的表格做"连连看"，形成一套适合自己的交易节奏与策略。   - 作者用亲身经历说明"连连看"方法：当年写"酸酸甜甜就是我"这句文案，师傅让他在左边A4纸上列出"女孩觉得心里甜甜的100种情况"，右边列出"心里
====SEG==== SESSION:20251217为什么说散户输在没有交易节奏（周三晚八） SEG:zettaranc充电直播回放3_summary TSIZE:113355	我们 need produce notes in Chinese Markdown based on transcript segments. Need follow user request: for each topic segment output ### [段落标题] (HH:MM:SS - HH:MM:SS) with 核心内容 bullets and 关键概念. Need info detailed, retain specifics. Need maybe 18 segments. Need parse transcript and create notes. Need be careful with timestamps and content. Need produce only notes. Need include all key points. We can use existing topic segmentation. Need maybe label exact titles from segment list. Let's craft comprehensive notes.  We need process each segment:  1. [00:00:00 - 00:05:08] 开场闲聊与下半场预告 Content: Starts with technical issues (NAS system memory, Intel China anecdote). Then "开始咱们接着来啊，下半场". Key concepts maybe
====SEG==== SESSION:20251221茶人小叙~ SEG:zettaranc充电直播回放_summary TSIZE:141087	### [开场吃饭与发现征婚帖] (00:00:00 - 00:08:52)  - 核心内容:   - 主播开场在吃饭，表示天气太热，上二楼后脱了衣服，调侃“男人从不洗碗”等弹幕。   - 弹幕中有人提到“暖风的拥抱”封板，主播注意到这位老粉发布了一则征婚帖，是为姐姐征婚。   - 主播起初怀疑是诈骗、杀猪盘或新套路，但因发帖者是老粉ID，且内容显得真诚，倾向于认为真实。   - 主播表示先吃饭，稍后仔细研究，并让感兴趣的观众去“暖风的拥抱”的动态里查看照片。  - 关键概念:   - 征婚帖：主播在直播间发现老粉为姐姐发布的征婚信息，成为后续话题的引子。  ### [逐条解读征婚帖条件] (00:08:52 - 00:13:04)  - 核心内容:   - 开始解读征婚帖中的描述：衣食朴素，除了加班就是宅，偶尔摄影，几乎无社交圈子，基本只有几个女同事。   - 重点提到“无纹身、无烟酒机车、瑜伽裤等嗜好”，主播调侃烟酒机车和瑜伽裤“有针对性”，但认为女孩这样写没问题。   - 弹幕调侃“留恋西楼者暂不考虑”，主播笑称“你提我干嘛”，并提到“军珠十二卷，卷卷有人名儿”等内部梗。   - 主播表示饭后会专门花时间分析这份征婚帖。  - 关键概念:   - 征婚条件解读：逐条审视女方的自我描述，为后续婚恋观点做铺垫。   - 瑜伽裤梗：主播多次用“瑜伽裤”代指某一类风格，带有调侃意味。  ### [抛出婚恋市场观点] (00:13:04 - 00:18:40)  - 核心内容:   - 主播预告用十分钟聊婚恋观点，指出“三十五到四十之间，对于某一类男性群体特别好”。   - 弹幕有
====SEG==== SESSION:20251224底部暴力K线擒大牛 SEG:zettaranc 充电直播回放_summary TSIZE:215440	### [开场闲聊与状态调整] (00:00:00 - 00:05:08)  - **核心内容**   - 开场因寻找扇子而迟到，自嘲“科技有限”与个人失误的区分：有时是设备（话筒、茶）问题，有时是自身问题。   - 感叹时间飞逝，有“刚下播”的错觉；提及上次直播为37岁姐姐相亲，最近几天市场无聊导致时间感知错乱。   - 观众“第九艺术家”（22岁）分享感悟：22岁入市遇到老师，严格执行纪律获得人生第一笔收益，为母亲换了iPhone 17 Pro Max；主播称赞其年轻，并调侃“22岁放在清朝可以叫爸”的历史梗（清朝14-16岁结婚）。  - **关键概念**   - 无核心术语；主要为直播开场氛围铺垫。  ---  ### [观众互动与语言文化讨论] (00:05:08 - 00:14:00)  - **核心内容**   - 观众“矢之李”单纯感谢支持；“奥林”与“赤焰青松”形成抓开场/抓结尾的“集合竞价”模式，主播调侃切片竞争已蔓延到直播弹幕。   - **北京话“丫”字用法详解**：     - “丫”不放在“我”后面，标准用法是“你丫”“他丫”“打你丫的”。     - “丫”在“打你丫的”中发音为“烟”（yān），而非“yā”；只有“丫挺”发“丫”音。     - 与“他妈”用法类似，不能对长辈使用（例：不能对老师说“您他妈终于来了”，但可以对哥们说“你他妈来了”）。     - “您”后面也不能跟“丫”。   - **南京话“屌”字用法讨论**：兄弟间可以随意“屌来屌去”，但不能对父亲说；区分“没得屌事”（老派）与“没得屌丝”（新派/市区），类似北京话儿化音的功能
====SEG==== SESSION:20251229茶人小叙~ SEG:zettaranc充电直播回放_summary TSIZE:87607	我需要根据视频转录文本和话题分段，为每个话题段落生成详细的逐段笔记。要求是信息完整、保留具体细节、用中文输出Markdown格式。每个段落需要包含核心内容（2-4条要点）和关键概念。  让我先理清每个时间段的主题和内容要点：  1. [00:00:00 - 00:08:24] 开场互动与歌曲表演 - 主要是闲聊，关于巧克力、歌曲《死了都要爱》、信乐团等，还有唱歌片段。  2. [00:08:24 - 00:13:32] 大盘股异动与量能基础 - 开始讲盘面，关于箭头、放量、大哥买入、大盘股异动、阶梯量、太子案例等。  3. [00:13:32 - 00:17:16] 异动形态与太子案例 - 讲异动形态，太子7月异动，小V、娜娜等，大盘股异动特征。  4. [00:17:16 - 00:21:56] 互动答疑与航天发展分析 - 回复观众问题，讲失恋话题，航天发展走势，暴力K线。  5. [00:21:56 - 00:24:16] 量能逻辑与放飞战法 - 讲量能不足的问题，必须放量，放飞战法。  6. [00:24:16 - 00:31:16] 券商板块分析与指数贡献 - 券商ETF走势分析，指数贡献，2026年策略，并购重组预期。  7. [00:31:16 - 00:43:24] 资源股龙头与池子个股点评 - 分析永兴、天天、江铜、北铜、云铜、赣锋、天齐、阿冕、海南、井子、铝液、煤炭等资源股。  8. [00:43:24 - 00:48:32] 迪迪与水井坊异动分析 - 迪迪异动、水井坊暴力K线分析。  9. [00:48:32 - 00:51:20] 港股弱势与汇率影响 - 
====SEG==== SESSION:20251231最难一课之击穿对手盘！ SEG:zettaranc充电直播回放1_summary TSIZE:106456	### [开场问候与闲聊] (00:00:00 - 00:03:44) - 核心内容:   1. 主播以“哥儿几个，早上好/晚上好”开场，询问观众是否吃饭，解释自己当天太忙、风尘仆仆赶来，连茶都还没泡好。   2. 与观众闲聊：讨论“凯拉克还是丰田”适合去按摩/捏脚，调侃“瑜伽房看瑜伽裤”；提到正在看B站跨年春晚、巴萨明年必夺冠、边喝红参边看。   3. 感叹今天上人慢，猜测很多人陪女朋友过节，调侃观众美其名曰“陪伴留守老人跨年”，实际上可能“有难言之隐”。 - 关键概念:   - 无特定术语，主要是直播开场破冰、轻松互动氛围。  ### [直播间人气与搞钱欲望] (00:03:44 - 00:06:32) - 核心内容:   1. 主播指出当前直播间约9900人，小五万会员/充电会员；认为“最重要的一节课”只来了四分之一到五分之一，出勤率很低。   2. 反复强调“欲望很重要”，问观众“到底想不想挣钱/搞钱”；随后纠正“一心只想搞钱也不对”，要学会平衡。   3. 提到“江桐吃得都飘了”“得跟着龙头走”，并让工作人员检查今天是否有红参、香肠等福利；有观众说“女朋友都让我踹了”来直播。 - 关键概念:   - 欲望与动力：赚钱需要强烈的欲望，但也要生活平衡。   - 充电会员/二楼：直播间的付费会员体系。  ### [泡茶闲聊与年度最后一课预告] (00:06:32 - 00:09:48) - 核心内容:   1. 分享泡茶经验：直播前必须提前泡茶，平时喝张明水仙要“精萃”两道手续，赶时间只能“粗萃”；张明水仙号称“茶中香水”，香气在兰香与奶香之间，分入门、中端、高端三档，提醒
====SEG==== SESSION:20251231最难一课之击穿对手盘！ SEG:zettaranc充电直播回放2_summary TSIZE:103025	### [开场念评论与时间计算] (00:00:00 - 00:02:48) - 核心内容:   - 开场调侃“一年有十一万小时”的说法，实际一年只有8760小时，纠正计算错误；提到“十一万分钟”才对。   - 念粉丝评论：齐导师专辑遇到前男友背叛果断退彩礼三金；爱喝茶的小小雨要小罐茶；长歌中离补完课后全程在场但利润回撤；金牌里脊肉串、舔狗的宇宙呐喊、星星同学等封了20厘米涨停，新年祝贺。   - 提到后台有20多个商务豪登没联系上，让大家看私信；回应手绘福字贴的粉丝，下播后去看。 - 关键概念:   - “20厘米涨停”：创业板/科创板20%涨停板的俗称。  ### [新粉丝盈利原因与交易节奏] (00:02:48 - 00:04:40) - 核心内容:   - 总结10月、11月新粉丝反而盈利10%-30%的原因：不是胆子大，而是“入场点位对”——在低位B一位置买入，破位空间有限；且没有经过10月上半月最快那一波被套的经历。   - 强调“交易节奏”：如赛力斯要在上方低走时跟着走，欧菲光在两根黄线附近破了就跟着低走。   - 批评说“防守被套住”的粉丝没学明白；“永不被套”是少妇战法的核心，真正的少妇战法不会被套。 - 关键概念:   - B一：买点一，低位买入信号。   - 交易节奏：根据关键位置破位/企稳调整仓位的节奏。  ### [长期主义与筛选] (00:04:40 - 00:11:40) - 核心内容:   - 两套战法：“拿拒不动”与“永不被套”的少妇战法；被套说明用错了战法。   - 以“青梅兄弟”坚持一年多制作Z家军语录海报为例，说明长期主义的力量；自己最初
====SEG==== SESSION:20251231最难一课之击穿对手盘！ SEG:zettaranc充电直播回放3_summary TSIZE:131113	我们需要的任务是: 根据视频转录文本和话题分段，为每个话题段落生成详细的逐段笔记。输出 Markdown 格式，中文。需要为每个段落输出标题（时间范围），核心内容（2-4条详细要点），关键概念（术语/概念及解释）。  话题分段列表： - [00:00:00 - 00:05:08] 右侧不止损与S1判断 - [00:05:08 - 00:11:12] 昂立康案例与白线策略 - [00:11:12 - 00:19:36] 背量柱与波段操作，长期主义 - [00:19:36 - 00:28:00] 长期主义与期货无敌，黄金坑 - [00:28:00 - 00:36:24] 不同策略与锦囊，仓位管理 - [00:36:24 - 00:47:36] 赚大钱方法与击穿对手盘定义 - [00:47:36 - 00:56:00] 中国中野案例与止损线 - [00:56:00 - 01:04:24] 基本面变化与散户行为 - [01:04:24 - 01:12:20] 击穿与斩杀的区别，欧菲光误解 - [01:12:20 - 01:22:08] 击穿对手盘总结与止损目标 - [01:22:08 - 01:30:04] 基本面案例与缩量击穿 - [01:30:04 - 01:39:24] 散户与大哥，审视持仓三花案例 - [01:39:24 - 01:49:40] 轩轩玩法与泸州老窖分析 - [01:49:40 - 01:59:28] 与庄共舞，震仓与核心武器 - [01:59:28 - 02:29:48] 核心武器总结，海南牌照与新年互动  需要根据转录文本内容，为每个分段生成详细笔记。注意转录
====SEG==== SESSION:20260105 中国消费：谁先变革谁早超生！（日晚八） SEG:B站 zettaranc 充电直播回放_summary TSIZE:50350	### [开场与感谢观众] (00:00:00 - 00:04:12)  - 核心内容:   - 主播于凌晨 1:26 开播，看到直播间一批老朋友集中「上舰」，笑称这是「千舰保卫战」，并点名感谢蔡江超、学警中二（1427 天）、黄浦江、Ridiculous、Everglow、云上空月、穆宁一、李昂、开疆拓土、深圳玛丽、rain、果粒C plus、Jenny 等观众。   - 回应弹幕：白头发可以随便拔；解释为何不在周五周六直播，因为很多市场消息周日才有，因此固定周日晚直播。   - 提到设备有回音，建议重进直播间；回忆有一次因周日突发事导致直播中断的「一晚白浆」事件。   - 简单寒暄后，开始进入正题，先看「择时」和「活跃市值」。 - 关键概念:   - 千舰保卫战：指粉丝集中上舰（付费会员），主播用此说法表达感谢。   - 择时：通过活跃市值等技术指标判断市场时机。  ---  ### [市场阶段判断：起稳期] (00:04:12 - 00:07:28)  - 核心内容:   - 主播认为当前市场阶段很像「刚从 ICU 推出来，在重症监护病房先起稳」，即刚止跌企稳，尚未进入攻击状态。   - 有攻击性的波段启动时，启动那一根K线通常不给场外机会，例如寒武纪的某根大阳线；出现这种K线意味着增量资金入场，且前面底部仓位已经打好。   - 当前很多个股处于「建仓阶段」，建仓完成后启动时会以二点九七、三点五九等明显大阳线「明牌」宣告。   - 大资金入场都是明牌、看得懂，但明牌不等于能赚钱，因为随后要通过「击穿对手盘」洗盘，把不坚定的人洗走，最后留下「家人」一起赚钱。 - 关键概念:
====SEG==== SESSION:20260107 B2买点案例精讲（周三晚八） SEG:B站 zettaranc 直播回放1_summary TSIZE:97390	### [开场与歌曲] (00:00:00 - 00:01:52)  - 核心内容:   - 直播开始，主播进入直播间，背景音乐播放《野狼Disco》片段。   - 主播清唱了歌曲副歌部分，并提到观众等待这首歌已久。  - 关键概念:   - 无核心术语，属于轻松的开场暖场环节。   ### [问候观众与学员进展] (00:01:52 - 00:04:40)  - 核心内容:   - 主播向观众问好（“哥儿几个，晚上好”），并问候是否用餐。   - 提到后台微信收到大量学员作业，回复不过来，大家“觉得自己成了”。   - 用**开枝散叶**形容学员的成长与进步：很多人已“转为少妇”（暗语，指形成稳定盈利模式，实现“全自动”交易）。   - 主播自述这是经历的**第四次或第五次**市场周期，对于老学员来说“不算飘了”，应该当作常态。  - 关键概念:   - **开枝散叶**：形容教学成果显现，众多学员掌握了方法，开始独立盈利。   - **全自动（少妇）**：指学员已完全掌握交易体系，不再需要主播逐一指导，能自主执行交易策略。   ### [股市观点：AIGC、创新药与保险] (00:04:40 - 00:07:00)  - 核心内容:   - 提及市场热点：**AIGC**、**创新药**（曾在直播中提示2026年机会）和**有色**板块延续。   - 关于**保险**板块：主播提到早前（2025年5月/6月）曾依据保险行业内朋友的信息，预判保险业绩强劲、大资金会绑定。当时遭到网友反驳，但现在保险板块创新高，验证了观点。   - 主播强调自己推荐股票，而是分享基于信息和逻辑的
====SEG==== SESSION:20260107 B2买点案例精讲（周三晚八） SEG:B站 zettaranc 直播回放2_summary TSIZE:103948	我们只需要按照要求为每个话题分段生成笔记。转录文本是中文的，话题分段有多个。需要为每个段落输出标题、时间、核心内容要点和关键概念。注意转录文本中有很多口语、插曲、重复、无关内容（比如直播互动、水壶等），需要整理出与视频课程相关的技术/教学信息。要求信息完整，保留细节。  需要为以下段落生成笔记： - [00:00:00 - 00:01:52] 开场与十四连阳 - [00:01:52 - 00:06:32] 内需基调与政策发钱逻辑 - [00:06:32 - 00:13:04] 波段操作策略与不追高 - [00:13:04 - 00:20:32] 重仓确定性与券商工具作用 - [00:20:32 - 00:28:28] 节奏、轮动与白酒券商确定性 - [00:28:28 - 00:35:28] 在确定性机会下重注与震仓案例 - [00:35:28 - 01:06:16] B2买点精讲：定义与经典图 - [01:06:16 - 01:15:36] 活跃市值MACD波段判断 - [01:15:36 - 01:43:08] 直播互动与插曲 - [01:43:08 - 01:59:56] B2经典案例复盘（安德烈）  对每个段落，我们需要从转录文本中提取相关内容。转录文本顺序对应了这些时间。但注意转录文本只到01:59:56左右，且没有完整的00:00开始？实际上转录文本开始于00:00:00，一直到最后。我们需要仔细阅读对应的时间区间，提取技术/教学信息，忽略插科打诨。  针对每个段落，核心内容要2-4条详细要点，尽量保留细节。关键概念列出术语解释。用中文。  开始逐段处理。  段落1
====SEG==== SESSION:20260107 B2买点案例精讲（周三晚八） SEG:B站 zettaranc 直播回放3_summary TSIZE:80408	我们只需要根据提供的话题分段和转录文本，为每个段落生成详细的逐段笔记。要求用中文Markdown输出。每个段落标题是给定的，时间范围。核心内容2-4条要点，保留细节；关键概念列出术语解释。  需要注意：转录文本有不少口语、重复、无关内容（比如闲聊、骂人、互动），我们需要提取教学相关的知识点，但不要遗漏关键知识点。话题分段有15个段落。我们要为每个段落输出。  我们需要仔细通读转录文本，并对应到每个话题时间段。转录文本是连续的，但话题分段可能不完全与转录文本中的内容一一对应。我们要根据话题分段的时间范围，从转录文本中提取该时间段内的内容（尽量覆盖）。转录文本中有很多时间标记，可以辅助定位。  但话题分段的时间边界可能和转录文本实际内容不完全匹配，因为转录文本中每个时间标记后面是那一时刻的内容。我们可以根据话题分段标题来组织笔记，而不必严格按时间逐句翻译。但是需要确保每个话题分段下的内容是从转录文本中对应区域提取的。  我们按顺序处理每个话题分段。  先看话题分段： 1. [00:00:00 - 00:11:40] B2买点案例精讲（安德利、亚马尔等） 2. [00:11:40 - 00:16:48] 反包类型与潮宏基案例 3. [00:16:48 - 00:21:56] 德龙激光案例与B2综合判断 4. [00:21:56 - 00:30:20] 国盛、国义招标等案例解析 5. [00:30:20 - 00:36:24] 横盘找B2与京北方案例 6. [00:36:24 - 00:41:32] 荆轲刺秦与完美图形 7. [00:41:32 - 00:47:08] 路桥信息与美迪西
====SEG==== SESSION:20260112 当前行情下5种散户常犯错误！（周日晚八） SEG:zettaranc Z哥 充电直播回放_summary TSIZE:91447	### [开场互动与人生选择] (00:00:00 - 00:04:39)  - 核心内容:   - 直播开始，主播提到“二楼”刷不出来，目前二楼有2.2万人观看，一楼最高3.6万人，跟随指数涨跌；指数在4400点附近时，一楼人数估计突破4万。   - 粉丝发弹幕“我太想进步了”，主播回应“关键时刻能不能跪下？”，自述人生有瓶颈所以只能做股票、做不求人的工作；曾有过“高攀”的门当户对机会，但自己“跪不下去”，脾气忍不了，试衣服生气就甩，直接走人。强调“有些饭能吃，有些饭吃不了”。   - 有人提到“正厅级”的梗，主播联想到粉丝祝他“早日成为百万富翁”，表示“别闹了，踏踏实实行吧”，并问是不是新粉。  - 关键概念:   - “跪不下去”：指不愿为攀附权贵或妥协而委屈自己，宁可选择自由但求人的工作。   - “二楼/一楼”：指B站直播间不同楼层（可能对应不同直播间或分区），二楼为付费充电用户。  ---  ### [为年少轻狂言论道歉] (00:04:40 - 00:06:03)  - 核心内容:   - 主播为初来B站时第一个视频里的狂妄言论道歉，原话是“你们绝大部分人这辈子在生活里边，你根本就跟我说不上话的，你都见不到我的”。   - 现在回顾认为这话“太危险、太狂、太幼稚”，是“年少轻狂”“不自知之明”。因为视频火了舍不得删，原想修改成“谦卑一点”的版本。   - 粉丝提到“一家独大”那期，主播确认就是那个视频。强调自己“知错能改”，正式表达歉意。  - 关键概念:   - “年少轻狂”：指早期视频中因爆火而产生的傲慢言论，主播借此提醒自己保持谦逊。  ---  ### [
====SEG==== SESSION:20260114  打窝结束！如何变阵？ SEG:zettaranc Z哥 B站充电直播回放 1_summary TSIZE:85998	### [开场技术故障与调试] (00:00:00 - 00:04:52)  - 核心内容:   - 主播因升级主机上的交易系统，导致与笔记本同步失败，直播软件无法正常启动，开场耽误了较长时间。   - 尝试了多种调试方法：重启软件、检查目录、拷贝物理硬盘文件、反复试运行，最终成功把分析系统调出来，直播恢复正常。   - 过程中提到“进城拿壶”，时间较紧，并自嘲人生“莫名其妙”，用背景音乐和诗句填补调试时间。  - 关键概念:   - 交易系统/分析系统：主播用于看盘和分析行情的专业软件；本次故障源于系统升级后的同步问题。   - 技术故障处置：通过检查目录路径、拷贝硬盘数据、反复重启软件来排查问题。  ---  ### [新前锋的信仰与认知] (00:04:52 - 00:09:00)  - 核心内容:   - 新前锋行情表现强劲，被主播称为“全自动”、“莫名其妙”的上涨，强调无需研究技术面，主力会自己“编故事”推动行情。   - 自2024年9月24日（九二四）以来，新前锋从未被调出“曼城替补阵容”，老粉和次新粉在这波行情中赚到钱。   - 主播强调赚钱靠“认知”：新前锋的盈利模式就是“信仰”——“铁蝴蝶儿、瑜伽裤、别问，问就是信仰”。新粉（3800/4000点来的）需要先沉淀，没有认知就赚不到这个钱。   - 提到新前锋概念覆盖面广，包含AIGC、互联网、甚至可能有券商概念，不需要研究具体是炒什么，“纯自动”操作。  - 关键概念:   - 曼城阵容：主播对自己自选股/持仓组合的戏称。   - 周线B一：以周线级别的“B一”形态作为买入依据（后文会展开），是新前锋的重要建
====SEG==== SESSION:20260114  打窝结束！如何变阵？ SEG:zettaranc Z哥 B站充电直播回放2_summary TSIZE:136604	### 盘面解读：龙队意图与活跃市值 (00:00:00 - 00:04:40)  - 核心内容:   - 开盘后观察到“龙队”（大资金/国家队）的操作手法非常精妙，类似棋局中的大师布局，盘中砸盘后又迅速在活跃市值指标上买回，说明是在吓唬“最傻的散户”，而非真正出货。   - 第二波市场恐慌时，该方向几乎不跌，尾盘逐步买回，判断是“被龙队吓到的人”在买，而聪明的资金已理解龙队意图：只是“给点颜色看看”，并非要让市场崩溃。   - 以券商为例，龙队用招商银行等权重压盘，防止券商被拉红，避免有机构“在自己的地盘挑衅”。若强行拉红，龙队一生气可能让一个价位都买不上去，所以不要作死。   - 太子（招商银行）收盘后卖盘寥寥，但买盘仍由“大哥”托着，属于“家务事”，不要对外宣扬，纯当听书。 - 关键概念:   - 龙队：指维护市场的主力资金/国家队，通过画线、压盘等操作控制市场节奏。   - 活跃市值：反映市场整体活跃资金动向的指标，被认为是难以作假的观察工具。  ### 活跃市值指标与市场阶段 (00:04:40 - 00:10:16)  - 核心内容:   - 盘中看到龙队动作后，应立即关注活跃市值变化。该指标很难作假，一旦作假就能看出来。此前曾出现活跃市值短期蹿高但下午跌回、指数被托稳，随后市场加速下跌；现在反过来了：指数下跌但活跃市值顶着，说明市场阶段不同。   - 判断第一波“建仓波”大窝结束，进入“全面展开”环节。整体市场格局为“上有顶下有底”，要紧紧盯住活跃市值。   - 只要持仓票前面有移动，说明有“大哥”管理；大哥不会只玩一下。例如老许的票按N型结构运行，底仓建好后即使
====SEG==== SESSION:20260121开枝散叶，踏准节奏 SEG:zettaranc Z哥 B站充电直播3_summary TSIZE:64512	我们只需要根据转录文本和话题分段，为每个段落生成详细的逐段笔记。需要输出Markdown格式，中文。每个段落标题带时间戳。核心内容2-4条要点，保留细节。关键概念。  转录文本很长，有口语，我们需要提炼。话题分段已给出。我们需要逐段处理。  注意：转录文本中有些内容可能对应话题分段的时间戳，但转录文本没有时间戳对应，只能根据内容大致匹配。话题分段的时间是给定的，我们需要根据每段标题和转录文本内容，从相应位置提取信息。转录文本中的时间点大致对应话题分段边界，但没有精确标注，但我们可以根据话题分段顺序和内容来组织。  我们要为每个话题段落输出： ### [段落标题] (HH:MM:SS - HH:MM:SS) - 核心内容: 2-4 条详细要点 - 关键概念: 本段提出的关键术语或概念及其解释  注意：转录文本从00:00:00开始，到01:31:28结束。话题分段覆盖到01:31:28。我们需要为13个段落生成笔记。  让我们逐段分析转录文本内容。  先看话题分段： 1. [00:00:00 - 00:04:12] 春节前交易日计算与行情预判 2. [00:04:12 - 00:08:52] 活跃市值与风险信号应对 3. [00:08:52 - 00:12:08] 负2.3后策略与二月份展望 4. [00:12:08 - 00:16:20] 春节前行情乐观与长期慢牛 5. [00:16:20 - 00:21:28] 主线逻辑与券商核心玩法 6. [00:21:28 - 00:25:12] 大盘节奏预判与消费预期 7. [00:25:12 - 00:29:24] 个股操作纪律与观众
====SEG==== SESSION:20260121开枝散叶，踏准节奏 SEG:zettaranc Z哥 B站充电直播回放1_summary TSIZE:95969	### [开场问候与迟到说明] (00:00:28 - 00:02:20)  - 核心内容:   - 直播开场，主播问候观众，确认画面和声音是否正常。因刚与卖方开完电话会议，重要内容尚未听完，故迟到了约十分钟。   - 主播提到自己近期极度忙碌，昨天夜里刚从外地回到北京，声音略显疲惫、有气无力。   - 主播反问观众为何关注亚洲杯而不关注其微博，存在信息不对称。   - 今天直播状态有些疲惫，但表示任何理由都不能影响与观众每周三的相见。  - 关键概念:   - 无核心术语，主要为开场寒暄。  ### [身体疲惫与行程回顾] (00:02:48 - 00:05:08)  - 核心内容:   - 主播分享今日趣事：中午下意识将车停在"费大厨"门口，进门时看到绿色"废"字招牌才意识到走错，随即转身到隔壁"喜家德水饺"吃了两盘三鲜饺子，称这体现了"底线思维"，不能触犯自己的家规。   - 回顾从景德镇出发的行程：沿途经过杭州短暂歇息，马不停蹄奔赴上海（路过嘉兴时决定不停车休息），昨晚从上海飞回北京。   - 主播感叹时间飞逝，感觉还在景德镇直播，一晃又到了周三。  - 关键概念:   - 底线思维：主播自创调侃，指遵守自己设定的规则。  ### [上海见闻与市场初印象] (00:05:36 - 00:08:24)  - 核心内容:   - 主播查看市场后认为整体没有问题，正在按照之前直播中讲解的走势发展，很多"强壮的宝宝"（强势个股）即将出现。   - 昨天恰逢上海下雪，主播在钱滩太古里吃饭时看到雪景，认为"瑞雪兆丰年"，是好兆头。   - 对比北京更冷，昨天下飞机时零下十四度，今天
====SEG==== SESSION:20260121开枝散叶，踏准节奏 SEG:zettaranc Z哥 B站充电直播回放2_summary TSIZE:91989	### [节奏与买点：N型B1入场] (00:00:00 - 00:06:04)  - 核心内容:   - 强调买入位置一定要选在 **N型结构的B1点**，此时盈亏比最大；B2入场则止损区间变大，但向上可能追求更高盈亏比。举例：下方亏损1，上方盈利3，即三倍盈亏比，属于“防守反击”。   - 任何上涨过程都不是直线拉升，都会出现N型连续回调。如果回调破位，要么止损，要么看更大级别（如周线）的前低决定是否扛单；如果不懂基本面就不要硬扛。   - 用“问十个美女微信，问成一个就成了”比喻：买入位置结合整体节奏，持股阶段要有心理预期；不要在不该追的位置追高。   - 批评部分人基础没听懂就想听新内容；市场“专治各种不服”。当前活跃市值仍处于做多波段，容错率很高，之前提示“随便抡”，所以掌握方法的人这段时间很舒服，甚至赚钱。 - 关键概念:   - **N型B1/B2**：N型结构的两个经典买入点，B1盈亏比最好，B2次之。   - **盈亏比**：止损空间与预期盈利空间的比率。   - **防守反击**：先做好防守（止损），再博取向上空间。   - **容错率**：市场环境中允许犯错而不至于大亏的程度。  ---  ### [买入后走势与持有心态] (00:06:04 - 00:16:48)  - 核心内容:   - 买入之后只有三种走势：①买入后先涨→回撤→再涨；②买入后先跌→上涨→再回撤→再涨；③长期在成本线附近窄幅震荡。   - 讨论了四种看似“正确”的卖点：亏5%止损、回本后卖出、小赚后卖出、赢转亏时卖出——这些单看都没错，但都会让你错过后面的大波段，心态容易崩。   - 
====SEG==== SESSION:20260126 慢牛密码破译！ SEG:非重要内容，可不看 TSIZE:0	
====SEG==== SESSION:20260128煤飞色舞之后 SEG:非重要内容 TSIZE:0	
====SEG==== SESSION:20260202 喝茶聊聊天~ SEG:zettaranc Z哥 b站充电直播回放_summary TSIZE:132888	### [开场互动与演唱《挣钱上三亚》] (00:00:00 - 00:08:52)  - 核心内容:   - 直播开场，主播感谢粉丝“坤震”续费提督375天，调侃老朋友“温柔朱雀”等；提到“铁壶底”“守住底线”等玩笑，自称“一百万婚礼主持，全国可飞”（底线梗）。   - 完整演唱改编歌曲《挣钱上三亚》：歌词描写打工生活——工资三千五、挤公交、摆摊、通宵，想带老妹儿去三亚；其中有“春秋航空”“矿泉水”“麻辣烫”“炸串”“黄牛鞋”等具体生活化细节，反复唱“挣钱上三亚，青春没售价，疯狂在当下”。   - 歌曲后半段加入周杰伦《稻香》式说唱，表达“生活就在当下，不用在意别人话，做自己的superstar”；演唱结束后说“赶紧睡觉，明天上班”。  - 关键概念:   - **铁壶底/底线梗**：直播互动中反复使用的调侃词，指某种坚固的底线或人设。   - **挣钱上三亚**：改编神曲，代表普通人对美好生活的向往和自嘲。  ---  ### [吃饭闲聊与童年回忆] (00:08:52 - 00:13:32)  - 核心内容:   - 主播边吃牛肉汤面片边聊天，观众互动零食（小浣熊、旺旺雪饼），他调侃自己不敢拆女儿的旺旺雪饼，怕女儿急。   - 回忆小时候物资匮乏：家里条件算好，但最大福利只是住一楼还是五楼的差别；用粮票换东西，攒粮票去“小灶”吃鱼肉丝就觉得很牛；牛奶不够喝要跟别人换。   - 感叹现在十四亿大国生活越来越好，鼓励大家利用好这个阶段努力奋斗，尤其年轻人“无限可能，别怕错”。  - 关键概念:   - **小灶**：特殊供应渠道，代指稀缺福利和童年美味记忆。  ---  ##
====SEG==== SESSION:20260204  当前环境下最好的交易策略~ SEG:zettaranc Z哥 b站充电直播回放1_summary TSIZE:114158	### [直播设备调试与开场问候] (00:00:56 - 00:03:44)  - 核心内容:   - 直播前更换了新音箱（Bose 品牌），吐槽该音箱“见谁连谁”，像渣男一样会自动连接多个设备，导致电脑声音从音箱播出，造成调试混乱。   - 开场与观众互动，问候“都吃了吗”，并说明旅行直播条件艰苦：前方摆了好几个屏幕/手机，分别用来看弹幕、QQ 留言，主屏显示监控画面，还有专门放音箱的音响，组成了一个“移动演播室”。   - 提到有观众自己烤肠、带平板看直播，直播以“单臂”（只听声音、不看人）为主，希望大家多担待。 - 关键概念:   - 无核心交易术语，主要是设备与开场闲聊。  ---  ### [市场调整解析与只卖不买策略] (00:03:44 - 00:08:52)  - 核心内容:   - 周一没有直播，说明市场没有大问题；非必要不开会。本周调整是周日已讲过的预期：五天跌一百点和一天砸一百点后横两天，本质相同；负 2.3% 的大阴线也属于同一调整范畴。   - 大盘出现负 2.3% 后，意味着至少一个强波段的“做多波段”暂时告一段落；若在负 2.3% 时全清仓，后面反弹心态容易崩。正确做法是“只卖不买”：靠市场自然走势慢慢降仓位，与市场同步。   - 个股与大盘不同：市场有五千多只票，有些主力不是第一时间进场，而是前两周分批建仓，因此个股可能没走完。举例：后普当天创新高，说明个股仍有独立行情。   - 微博互动案例：有网友在负 2.3% 时全清仓，次日反弹心态崩了；另一网友回复“魏哥当时详细讲过，即使出现负 2.3%，后面净值依然有可能创新高，过程中只卖不买”，获得
====SEG==== SESSION:20260204  当前环境下最好的交易策略~ SEG:zettaranc Z哥 b站充电直播回放2_summary TSIZE:104149	### [周定投建仓与白酒B浪判断] (00:00:00 - 00:03:16)  - 核心内容:   - 每周定投建仓优势：能让人睡得着觉、具备确定性，且当前买在 1350 点左右的低位；即使指数基金短期下跌 8.7%，也不必四处骂人，应坚持计划。   - 白酒走势判断：当前未创新低，且出现放量，可暂按 B 浪反弹对待；只有走出“N 型结构上升”（出现两根暴力 K 线）才能确认趋势反转。目前仍要等回调，不能追高。   - 机构思维：龙队（国家队）在白酒上被套，茅台自身增持也被套；要理解大钱在做什么，跟着机构思维，而不是被短期涨跌牵着走。 - 关键概念:   - B浪：下跌趋势中的反弹浪，之后可能还有下跌。   - 暴力K线/N型结构上升：用于确认趋势反转的K线组合形态。  ---  ### [小资金短线交易的心理考验与资金成长] (00:03:16 - 00:12:36)  - 核心内容:   - 短线交易心理：小资金往往连续对五次，第六次一把亏光；即使净值反复被打回原形，也要像平常心一样坚持策略。一年中可能发生十次类似情况。   - 资金成长的平台期：从 2 万做到 10 万后，一笔 10% 的止损就是 5000 元，相当于月薪，导致下不去手，于是回撤到 5 万，进而怀疑策略、心态崩溃；这是必经的筛选过程。   - 分仓规则：2 万只做一个票；到 5 万分两个仓；10 万以后分 2-3 个仓；20 万以后分 4 个仓；100 万至少分 5-8 个仓。分仓要分散到不同板块，如白酒、煤炭，而不是买四个同质化标的。   - 复利与体量：2 万到 20 万可能用一年半，20 万到 
====SEG==== SESSION:20260204  当前环境下最好的交易策略~ SEG:zettaranc Z哥 b站充电直播回放3_summary TSIZE:128383	### [小米现状与雷军的困局] (00:00:00 - 00:03:16)  - 核心内容:   - 小米近期股价连续下跌（周线级别从约61元跌至34元，接近腰斩），核心原因是AI/大模型领域迟迟拿不出成果，市场对其“到底要干什么”产生质疑。   - 雷军目前专注于卖车，缺少新的热点叙事；芯片领域小米已无法进入（属于国家资本主导），芯片故事只是过去为了增发的噱头。   - 上一波从8.35元涨至35元的三倍行情，源自其“中国新能源车关门人”的热点地位；如今汽车业务做成后缺乏想象力，需要等待机器人或“第三次创业”提供新故事。   - 大模型这波小米确定落后，这是连续下跌的诱因；雷军没有错过移动互联网以来的大机会，不需要担心他后续动作。  - 关键概念:   - 热点叙事驱动估值：股价上涨需要持续的新故事（过去是新能源车，未来可能是机器人）。   - 全市场最亮的仔：成为资金聚焦的热点龙头，才能获得超额涨幅。  ---  ### [机器人产业链与小米的玩法] (00:03:16 - 00:06:32)  - 核心内容:   - 机器人对于雷军是“顺手就做”的事，产业链非常成熟，不需要像新能源车那样从零挑战（新能源车面临极氪、领克等强劲对手，必须极致内卷）。   - 机器人产业链约90%在中国（除芯片外），特斯拉等海外玩家突破难关后，小米可凭借中国供应链优势把价格打到“1999元”，直接复制性价比打法。   - 操作策略：“预期上市之时，就是卖出之日”——不要在发布后追，而是在正式上市当天卖出（例：61.45元位置），因为故事讲完、想象力消失，特斯拉每个车型上市后也都会跌。   -
====SEG==== SESSION:20260209务必高度重视川子喊单10万点~ SEG:zettaranc Z哥 b站充电直播回放_summary TSIZE:105136	### [开播互动与江苏银行对公柜员职业建议] (00:00:00 - 00:01:24)  - 核心内容：   - 直播开场，主播在“二楼”与观众互动，提到有弹幕没看到。   - 回答观众关于“江苏银行对公柜员”的职业咨询：该岗位税前年薪可到20万+，但本人不喜欢营销。主播建议直接干着，别折腾，认为这是相对舒服惬意的工作。   - 强调现实：现在很难找到20万的工作，劝其务实、踏实；估算“睡后”（税后）到手加福利大概18到20万，已经很好。 - 关键概念：   - “二楼”：直播间分层/分区说法，主播当日在二楼直播。  ---  ### [S1卖点概念与系统学习提醒] (00:01:24 - 00:04:12)  - 核心内容：   - 有观众问“江桐S1是啥”，主播引导其去看10月2号的动态，在置顶评论找目录，重点看2025年9月17号的视频《主力出货的五种经典方式》。   - 指出五种出货方式中的第一种就是“S1”；如果没进场就与自己无关，如果在场内且买点没有依据（追进去的），等反弹就出，当作体验。   - 强调散户亏钱绝大部分是因为没有策略、不执行策略、或跟着感觉买卖，必须系统性学习。 - 关键概念：   - **S1**：主播体系中的“第一卖点”，特指主力的第一种出货形态（高位放天量大阴线），后面会详细解释。  ---  ### [中国AI大模型与美国差距及国内竞争] (00:04:12 - 00:10:44)  - 核心内容：   - 有观众说下周入职AI大模型开发，主播表示看好；称目前中国AI大模型与美国差距只有六个月，算力跟上后差距不大。   - 以新能源车为例
====SEG==== SESSION:20260211节前答疑时间 SEG:zettaranc Z哥 b站充电直播回放1_summary TSIZE:105828	### [开场与节前安排] (00:00:00 - 00:05:08) - 核心内容:    - 主播在海南陵水直播，穿绿色衣服被弹幕吐槽“太绿”，自嘲“砸盘的人都放假了，只剩散户盯盘”。回忆去年此时也在同一位置直播，感叹时间过得快。   - 明确春节安排：今天是节前最后一次直播；周日（除夕前一天）休播；初二回北京，初三恢复直播并“上强度”；提到十六号除夕、十七春节、十八回北京、十九号大年初三开始。   - 背景音乐和画面调试：摄像头默认美颜导致画面太白，衣服颜色不理想，氛围轻松。 - 关键概念:    - 节前最后一场直播的“放假”氛围：大资金已离场，散户留守。  ### [换装与正式开场] (00:05:08 - 00:15:24) - 核心内容:   - 因弹幕嫌弃衣服太绿，主播去翻衣柜，找到一件曼联红色球衣换上，调侃“红三兵”，并问这件球衣主教练是谁（穆里尼奥）。   - 解释今天安排的原因：后台有粉丝私信说在回家路上，希望推迟课程；加上部分案例数据存在家里电脑上，所以今天主要做答疑和细节补充，相当于“错题本”。   - 提到最近有很多好票走出来，比如AIGC相关股票；预告大年初三会讲解更多案例。 - 关键概念:   - “错题本”：用复盘和答疑来补充交易细节，而非讲授新知识。  ### [节前答疑说明与平台升级] (00:15:24 - 00:20:32) - 核心内容:   - 主播说自己已离开北京二十天，先去了珠海，身上红参味道已掉色；有弹幕问“红参能带上飞机吗”，他回答能。   - B站直播间升级，界面显示“二楼”但画面异常；主播调侃B站科技公司老爱升级，画面变
====SEG==== SESSION:20260211节前答疑时间 SEG:zettaranc Z哥 b站充电直播回放2_summary TSIZE:108254	### [用足球转会比喻讲解B1/B2/B3与盈亏比] (00:00:00 - 00:04:40)  - 核心内容:     - **B1的本质是“找十六岁的梅西”**：在球员（股票）还未成名、价格极低时买入，签一份“超底薪合同”（对应极低的买入价和很小的止损空间），后续价值兑现时可获得极高盈亏比。例如，詹姆斯新秀合同虽当时已是顶薪，但相比后来的身价仍是“便宜”的，这就是B1的盈亏比逻辑。     - **B2/B3是花更多钱买已证明的球星**：皇马买姆巴佩、贝尔属于B2/B3，买在上涨放量、关键K线（暴力K线、背量柱）出现之后，成本已抬高，盈亏比下降。买B2后走坏就是“阿扎尔”——在切尔西打出身价（B1），转会皇马时已是B2，最终向下止损很大。     - **B3的极端情况是“莱万”**：巴萨买莱万时已接近B3甚至S1位置，但莱万“腰股”（妖股化）后继续创新高，属于稀缺案例，不能作为常规操作。拜仁买凯恩属正常B3，用了很多年；A杀（德罗巴）来上海申花则对应高位买入后大跌。     - **核心结论**：B1就是开小牛（FM游戏中的小牛/新秀挖掘），成功率低，但一旦成功，盈亏比极高，远超B2/B3的性价比。  - 关键概念:     - **B1/B2/B3**：股票交易的三个买入位置等级，B1为底部低位高盈亏比位置，B2为突破/放量位置，B3为高位/滞涨位置。对应足球转会中买新秀、买成名球星、买高龄球星。     - **盈亏比**：买入后向上潜在盈利空间与向下潜在止损空间的比值。B1盈亏比最高，B3最低。核心目的是用“便宜”的价格押注未来高回报。  ---  ### [B
====SEG==== SESSION:20260211节前答疑时间 SEG:zettaranc Z哥 b站充电直播回放3_summary TSIZE:66688	### [B1买点与黄线白线有序形态] (00:00:00 - 00:02:20)  - 核心内容:   - 通过黄线、白线的“有序”状态判断买点：黄线不破、白线控盘良好时出现B1买点；如果连续两根K线跌破关键位置，则离场（案例：66.96元卖出）。   - B1买入价与当前价差距不大时，可以搏一把：案例中B1买入约86元，当前83.19元，仅差2%~3%；但若转为“有序空头”，则放弃。   - 该股出现“阶梯量出货”形态，B1质量不佳；买点后若进入“碗里”（震荡区间），往往需要长期折腾，应耐心等待。 - 关键概念:   - B1买点：白线有序回调后出现的买入信号。   - 有序/无序：股价K线与黄白线之间是否呈现规律、可控的形态。   - 阶梯量出货：成交量呈阶梯式递减/递增的出货特征，使B1信号不可靠。   - 碗里：股价进入上下震荡、方向不明的整理区间。  ---  ### [有序无序转换与简单交易纪律] (00:02:20 - 00:08:24)  - 核心内容:   - 所有股票的横盘阶段基本都是无序的；无序之后往往意味着将转为有序，股票会在有序与无序之间来回切换。   - 日线看不懂时，去周线找答案；周线黄线开始“上班”时，等待日线出现“一根莫名其妙”（启动K线）再动手。   - 建议只做简单形态：有序空头转为有序多头，黄线支撑买入；复杂、无依据的走势不要碰。   - 大牛股通常不会在黄线附近反复纠缠，更不会让散户成本与主力一样低；若走势混乱，直接放弃。   - 交易纪律：中仓进场后破位必须止损；短线绝对不能被套，一笔交易节奏乱了，后面会全乱。 - 关键概念:   
====SEG==== SESSION:20260219 进阶】如何大幅提高选股的成功率 SEG:zettaranc  Z哥 b站充电直播回放2_summary TSIZE:82938	### [控制回撤是资金做大的核心] (00:00:00 - 00:05:36)  - 核心内容:   - 任何资金（无论大资金还是小资金）想做大，必须控制回撤。控制回撤的三大方法是：**快速止损、果断放飞、仓位管理**。   - 追求净值曲线向东北方向（向上）发展，必然会在某些位置（如上涨中途）主动踏空，这是为了换取长期稳定盈利必须付出的成本。不要挑战小概率事件（如用全部资金赌一把暴富），要像专业选手一样追求高确定性。   - 以腾讯为例（从730元跌至170元再到600元左右），说明在股价大的左侧下跌区域（周线级别趋势线下）不能越低越买，而在历史高位区域（如从170元回到前高附近）则需要每笔交易都非常谨慎。 - 关键概念:   - **回撤**：账户净值从高点回落的幅度，是资金增长的最大敌人。   - **左侧交易**：股价处于下跌趋势中，尚未出现明显反转信号时的交易区域。  ### [回撤控制方法与大资金教训] (00:05:36 - 00:12:36)  - 核心内容:   - 举例说明：过去夺冠时的经历——先亏损45%，然后涨回来，最终悟出必须稳健盈利，不能大开大合。大开大合需要两个天赋：**心脏足够大**和**意志品质足够坚强**，否则任何一个大的回荡都可能导致淘汰。   - 真实案例：河北某上市公司老板被抓，其委外产品因仓位过度集中于债券（城墙战法），遇到债市大波动导致清盘。教训是**仓位管理不当**，过于相信和依赖单一策略。   - 资金体量差异导致策略不同：如果相信-2.3%信号并做更小波段，可以规避部分回撤；但大资金（如长线波段）可以承受一定回撤以换取未来更
====SEG==== SESSION:20260219 进阶】如何大幅提高选股的成功率 SEG:zettaranc Z哥 b站充电回放3_summary TSIZE:107652	### [中国经济博弈与股市潜力] (00:00:00 - 00:08:24) - 核心内容:   - 中国正从"地产+制造业"转向"制造业+金融"模式，未来要向科技升级，挑战美国的科技与金融地位。这是最深层次的博弈，"君无戏言"，必须撑住，没有退路。   - 对中国经济长期看好：目前真正富起来的只有两三亿人，还有十亿人未富。未来若再有几亿人富起来，经济体量将难以想象。大A与经济同步，"没开始呢"，现在任何时点用正确技巧入场都不晚。   - 以海南为例批评治理问题：自贸港政策落地后，落地效果不佳，最终只体现为餐馆逢年过节涨价20%-50%，缺乏长远发展意识。   - 股市走势是波动的，类似当年制造业打地基时大盘在三千点徘徊，不能用老黄历看新形势。 - 关键概念:   - 制造业+金融双支柱：中国未来经济增长的两条腿，必须撑住。   - "没开始呢"：无论经济还是股市，长期潜力远未释放，当前只是初期。  ### [空头思维与敌进我退战法] (00:08:24 - 00:16:20) - 核心内容:   - 敌进我退、敌退我追：空头思维的核心操作。股价破位下跌时是买点（B一），放量上攻中卖出（放飞），不要和市场"做家人"。   - 很多人赚不到钱是因为做反了：高位被套后不舍得割肉，跌到B一又不敢买。如果把自己当成空头，涨就卖、跌就买，就不会有心理障碍。   - 止损设置示例：在攻击位干进去后设5%或10%止损；或把前低设为止损位，分批介入（先干三分之一，再跌再干）。   - 所有无序震荡都是为了有序，主力洗盘就是因为对手盘太多。在积累资金阶段，要做主力的对手盘，不要做"忠诚的少妇"
====SEG==== SESSION:20260219 进阶】如何大幅提高选股的成功率 SEG:zettaranc Z哥 b站充电直播回放1_summary TSIZE:102090	### [开场拜年与调试设备] (00:00:00 - 00:02:48) - 核心内容:   - 直播开场，主播向观众拜年，表达许久未见的想念之情，氛围轻松愉快。   - 针对观众反馈“麦克风声音小”，主播指导如何用手机侧边音量键调大声音，并举例华为、小米手机的音量键位置，鼓励观众自行摸索。 - 关键概念:   - 无（纯寒暄与设备调试）  ---  ### [南下经历与身体变化] (00:02:48 - 00:06:32) - 核心内容:   - 主播分享南下（海南）一个多月的经历，称“感觉像去了一年”，期间以“流窜式直播”形式在珠海、三亚、陵水等地活动。   - 身体变化：因红参带得不够，白头发增多；体重从142斤涨到149斤，胖了7斤，自嘲海南“养人”，每天吃椰子鸡、煲鸡汤。   - 提到海南北纬18度以下“阳气重”，利于生长，并调侃自己42岁还能长胖。 - 关键概念:   - 无（生活闲聊）  ---  ### [预告今日主题：大资金与小资金玩法] (00:06:32 - 00:09:20) - 核心内容:   - 预告连续两晚的重要课程：今晚讲大资金怎么做，明晚讲小资金怎么做。   - 强调先讲大资金的原因：学会大资金思路后，再玩小资金会形成“降维打击”；对散户而言，交易周期越长，胜率越高。   - 大资金想稳定赚钱只能玩波段，因此今日内容为“如何大幅提高波段选股成功率”，将大资金操作思路与波段玩法融合分享。 - 关键概念:   - 降维打击：掌握更高维度的资金玩法后，再看小资金操作会更容易。   - 波段：相对较长周期、忽略中间波动的趋势交易方式，是大资金稳定盈利
====SEG==== SESSION:20260220瑜伽裤战法 SEG:zettaranc Z哥 b站充电直播回放1_summary TSIZE:89977	我们需要按照用户要求，根据话题分段和转录文本，为每个段落生成详细的逐段笔记。输出Markdown格式，中文。需要为每个段落输出标题、时间、核心内容要点、关键概念。信息要完整，保留细节。注意转录文本中有些口语、混乱，我们需要提炼。每个段落对应一个话题分段。  我们有转录文本从00:00到01:55:44，共14个分段。需要逐段笔记。要求“核心内容: 2-4条详细要点，尽量保留具体细节（数值、名称、步骤、例子）”，“关键概念: 本段提出的关键术语或概念及其解释”。我们按照段落生成。  注意：有些段落是弹幕互动闲聊，也要整理。另外，转录文本中时间轴对应。核心内容需要覆盖该时间段的重要信息。我们需仔细阅读转录文本并提取。  我们开始。  段落1: [00:00:00 - 00:08:52] 开场问候与今日预告 内容：开场歌曲，打招呼，提到昨天直播到两点半，今天嗓子哑。说今天是传授绝学，与以往完全不同，不是B1/B2/B3加量比，不是心法，是战法。提到今天内容准备了，动了私心，挑战人性，法不轻传，放在大年初四，因为来学习的真想挣钱。预告不要外传/去外盘喧闹，否则没意义，因为之前不学不懂珍惜。 关键概念：法不轻传？ 还有“B1/B2/B3加量比”是之前的战法？“心法”和“战法”的区别。注意“暗器”还没到？ 实际上文本说“今天是暗器，今天还不是暗器”？ 转录文本“今天是暗器，今天还不是暗器”有点乱，可能意思是今天是暗器？看上下文：“在主场的时候，这他妈的肯定是教战法啊。今天是暗器，今天还不是暗器。” 应该是“今天是暗器，今天还不是暗器”可能是口误？ 需要理解。我们按转录文本写：“今天传授的是
====SEG==== SESSION:20260220瑜伽裤战法 SEG:zettaranc Z哥 b站充电直播回放2_summary TSIZE:104861	### [开场与课程预告] (00:00:00 - 00:02:19) - 核心内容:   - 课程定位为高阶内容，之前已通过舰长直播和充电直播铺垫了“小资金做大”的概念。   - 指出只要把“少负战法”学明白，把基本功串联起来，经过约八个月学习后，就能开始推进小资金做大的实战方法。   - 提到过往目标是“两万到一百万”的路径，但当时没有细讲，今天正式展开。 - 关键概念:   - 少负战法：此前教授的一套交易方法论，作为小资金做大的基础。  ### [小资金与大资金的界定] (00:02:20 - 00:04:39) - 核心内容:   - 不同资金体量的人对“小资金”的理解不同：一亿的人看一千万是小资金，一千万的人看一百万是小资金，一百万的人看十万是小资金。   - 给出明确界定：**一百万是一个分水岭**，一百万以下是小资金的极限；一百万以上属于大资金范畴；机构端通常一千万以上才算规模资金，资管产品起始规模约一千六百万。   - 结合普通股民体量，以**十万为标准**、**一百万为目标**；两万、三万、五万同样适用，玩法完全一致。 - 关键概念:   - 分水岭：判断小资金与大资金的资金规模界限，这里取100万元。  ### [常规短线的认知误区] (00:04:40 - 00:08:51) - 核心内容:   - 散户亏损的根本原因是“没有交易套路”，像散兵游泳一样无法对抗有组织、有纪律的正规军。   - 明确市场只有两种模式：**波段**和**超短线**，不存在模糊的“短线”概念；波段按不同级别做N型结构，超短线则是快进快出。   - 超短线的核心定义：**市场没有
====SEG==== SESSION:20260220瑜伽裤战法 SEG:zettaranc Z哥 b站充电直播回放3_summary TSIZE:94267	### [开场心法：赚钱纪律与不完美] (00:00:00 - 00:01:24)  - 核心内容:   - 交易心法的核心是"赚钱的紧迫感"：把赚钱当作生存需求（"明天没饭吃了，我就要赚明天的饭钱"），赚到钱就走，不恋战。   - 散户被套的两大原因：①追高直接被套；②赚着钱不走——因为嫌赚得少、想赚大钱，结果把利润亏回去。   - 不完美哲学："玩儿的就是不完美，下一个会更好"。接受每次交易不可能卖在最高点，赚到确定性的钱就换下一只标的。   - 心态纪律：赚钱后不要抱怨赚得少，不要因为贪婪而更改原定计划；给钱就走，别跟股票"谈恋爱"。 - 关键概念:   - **心法 vs 战法**：心法是交易心态与纪律层面的总原则，战法是具体的操作技术。心法先行，战法才有意义。  ---  ### [休息音乐与新春抽奖互动] (00:01:24 - 00:12:36)  - 核心内容:   - 休息时间播放音乐，穿插新春抽奖互动；奖品包括小米新春礼盒、苏七车模（蓝色）、红包对联等。   - 抽奖环节中回应观众：大年初五迎财神，祝大家有好收成。   - 回复弹幕提问："超短线战法（专精图）ETF可以用吗？"——回答"可以用，凡是有波动的都可以用"。 - 关键概念:   - 无核心交易概念，本节为互动与休息环节。  ---  ### [策略适用范围与主案例：大周期共振] (00:12:36 - 00:17:44)  - 核心内容:   - 策略适用范围：**ETF可以用**，凡是有波动的标的都可以；**港股不能用**（参数针对大A 的 T+1 和涨停板规则优化）；**期货可以用**但需要自
====SEG==== SESSION:20260224展望节后行情如何演绎？ SEG:zettaranc Z哥 b站充电直播回放_summary TSIZE:47841	### [开场与直播预热] (00:00:00 - 00:01:52) - 核心内容:   - 主播开场，更换眼镜，播放背景音乐，与观众打招呼寒暄。   - 属于直播预热阶段，没有涉及具体行情或技术内容。 - 关键概念: 无  ---  ### [空头趋势下的择时策略] (00:01:52 - 00:07:00) - 核心内容:   - 当前“活跃市值”指标仍处于空头阶段，对第二天不要抱幻想；即使上午表现尚可也要谨慎，手要紧一点。   - 如有逆势上冲的票，空头应先把利润落袋，不必争一时；超短线可以参与，但普通投资者不应在意下跌趋势中的局部机会。   - 上证指数同样偏弱，除非出现放量“阳包阴”以及类似“红包脆”（釉里红）的反转信号，否则应稳一手。   - 操作上采用“底仓+动态仓”：动态仓只卖不买，若买入需降低仓位；底仓着眼于一年、两年、三年的长期持有，不因单日行情动摇。 - 关键概念:   - 红包脆：一种行情反转信号，指在关键位置出现类似“釉里红”的强势翻红K线，需放量确认。   - 底仓/动态仓：底仓长期持有，动态仓用于波段高抛低吸；空头趋势中动态仓以卖出为主。  ---  ### [砖形图核心原则：砖大不长] (00:07:00 - 00:10:44) - 核心内容:   - 砖形图选股的核心原则是“砖可以很大，但不能很长”：大阳线可以接受，但连续拉升过长的不追，因为做的是转折点的爆发力。   - 转折点的爆发力往往体现在一根大阳线中（如单根涨6.38%），如果交易系统预期收益率为3.5%，这一根已经完成两天的目标。   - 上面的砖长、下面的砖也长的形态放弃；但有一
====SEG==== SESSION:20260301 10张难看图形绝不能碰！（周日晚八） SEG:Z哥b站充电直播回放1_summary TSIZE:90276	### [开场互动与“宝吹卧唱”] (00:00:00 - 00:02:48)  - 核心内容:   - 主播开播后先吃晚饭，自称“保持一个恶畅”，并让大家赶紧去“放水”（上厕所）。   - 解释“宝吹卧唱”：古代吃饱了才能吹箫、吹唢呐，饿的时候要唱歌，因为饱了会打嗝没法唱；放在现代就是“吃饱了才有劲吹牛逼”。   - 直播间定位是“吹牛逼的直播间”，所以要先吃饱再开讲。 - 关键概念:   - **宝吹卧唱**：用“饱吹饿唱”的古语引申为“吃饱了再吹牛逼”，是直播间的轻松开场梗。  ---  ### [聊舅妈与长期操盘案例] (00:02:48 - 00:05:08)  - 核心内容:   - 主播提到自己的舅妈是“少夫战马战法”灵感的来源，舅妈不看直播，但人很好。   - 舅妈长期只做少数几只票，例如后毛普某、新湖中宝、中国平安，从2005年左右开始反复操作。   - 新湖中宝和中国平安一直做到2017/2019年，期间通过长期“折腾”同一只票赚了大钱。   - 强调不要嫌一只票大，大有大的好，小有小的妙；想在一只票上反复轮动、稳定赚钱，一定要选大票。 - 关键概念:   - **少夫战马战法**：灵感来源于舅妈长期反复操作少数几只股票的方法。   - **长期操盘单一标的**：通过多年反复交易熟悉的个股积累财富。  ---  ### [中国平安周线图与“扭一扭”] (00:05:08 - 00:09:20)  - 核心内容:   - 用中国平安周线图讲解：关注黄线级别、黄线位置的周线交易机会，双线保证弧度。   - 强调“千万不要嫌一个票大”，大的票也可以稳定赚钱；并解释
====SEG==== SESSION:20260301 10张难看图形绝不能碰！（周日晚八） SEG:Z哥充电直播回放2_summary TSIZE:76281	### [美股高位破位案例与风险警示] (00:00:00 - 00:08:24)  - **核心内容**:   - 美股与A股判断放量不同：美股/港股只看标准位置单根K线是否放量，不参考前面位置量能（“S一/S二”即标准位置放量信号）。   - 高位跌破黄线（关键趋势线/均线）是强烈卖出信号，不能犹豫。案例：赛赛、青花、IBM、微软等，高位破位后反弹确认压力位必须走，否则会“大江东去”，微软跌21%。   - 强调“十张图”是绝对不能碰的图形，比超短复盘更重要。超短是上周复盘内容，此处开始讲新的风险控制体系。   - 对AI科技浪潮保持警惕：参考互联网泡沫，第一波往往是炒作，泡沫破裂后第二波才真实。当前AI发展难达预期，大A科技股高位时一定要挂好止损，避免被一波带走；十五五打基础、十六五才交作业。   - 操作原则：在B一买入位置，只要不跌破黄线可持有；跌破黄线就卖。2026年对绝大多数股票不是“拿住不动”的一年，只有低位起来的才适合拿住不动。  - **关键概念**:   - S一/S二：标准位置放量信号，美股/港股判断出货/异动的方式。   - 高位不能跌破黄线：历史最高价区域跌破关键均线/趋势线必须离场。   - 十张图：十种绝对禁止参与的K线形态，用于防范大亏。  ---  ### [Nike与米尔案例：高位跳空与大发散破位] (00:08:24 - 00:15:52)  - **核心内容**:   - Nike案例：2020年2月24日，历史高位跳空下杀到周线趋势线（黄线），日线级别高位跳空必须走，不纠结、不抄底；ETF等有成交量的品种同样适用。   - 米尔案例：
====SEG==== SESSION:20260304 为什么又被炸成德A兰？（周三晚八） SEG:Z哥b站充电直播回放1_summary TSIZE:105432	### [开场闲聊与空头策略] (00:00:00 - 00:07:28)  - **核心内容**:   - 主播开场回应粉丝关切，坦言自己也承受回撤，虽有煤炭板块对冲但同样受损，强调“我扛着呢”，安抚大家情绪。   - 将本次市场下跌与4月7日（贸易战暴跌、满仓跌停）类比，认为“只是换了个皮肤”——此前经历贸易战皮肤、阅兵皮肤，本轮是中东局势皮肤，核心逻辑并未改变，不必恐慌。   - 回顾操作纪律：近两周锦囊反复提示“活跃市值空头区间，只卖不买”，若要买入只能小仓位“给台费”；底仓+动态仓策略下损失可控。   - 表达核心观点：若自己是领导，“梦里都能笑醒”，因为川普发动战争等于天降利好——中石油、中石化等核心资产没花一分钱就被市场资金推高。  - **关键概念**:   - **活跃市值空头区间**：技术指标（活跃市值）处于空头趋势时的操作区间，对应策略为“只卖不买”，仅允许极小仓位试探。   - **底仓+动态仓**：底仓长期持有不动，动态仓用于短线波段，在空头区间动态仓只做卖出/止损操作。   - **皮肤论**：用游戏皮肤类比不同利空事件的表象，强调每次下跌本质相同，不必因表象变化而恐慌。   ### [核心资产受益与川普军事冒险] (00:07:28 - 00:13:32)  - **核心内容**:   - 强调中石油、中石化是“核心资产中的核心资产”，川普打伊朗等于免费帮中国拉抬油价和相关资产，不花一分钱就实现了资金流入。   - 讽刺川普的军事冒险：仅靠两艘航母加一圈军事基地就想颠覆伊朗这样的大国，纯属“吹牛逼”；引述“遥远的东方卖鞋的都能看懂”的段子，讽刺川普
====SEG==== SESSION:20260304 为什么又被炸成德A兰？（周三晚八） SEG:Z哥b站充电直播回放3_summary TSIZE:111134	### [开场：B1位置与白线黄线基本纪律] (00:00:00 - 00:02:20) - 核心内容:   - 判断个股强弱先看白线（短期均线）与黄线（长期均线）相对位置：白线在黄线之下，直接不看、不问，问就是挨喷。   - 连续下跌过程中，只有出现右侧B1买点才有交易价值；举例某票B1在17点多、另一个在13附近，没给B1就不参与。   - 提醒新手补基础：ABC、关键K/暴力K线等内容在十月二号置顶评论对应的视频里。   - 上一场周日直播已讲了“十张破位图”，为的是未来识别走坏的个股形态。 - 关键概念:   - B1：右侧买点，需要价格在关键位置止跌企稳后形成的买入信号。   - 白线/黄线：均线系统中白线代表短期均线，黄线代表长期均线，白线在黄线之上为强势，之下为弱势。  ---  ### [十张破位图：跌破黄线必须卖出] (00:02:20 - 00:06:32) - 核心内容:   - “十张破位图”旨在提醒：未来很多个股会走出类似破位形态，跌破黄线后次日站不回去就必须卖。   - 案例：中信建投某次跌破黄线，反弹再跌破，黄线之下卖出后就不会被套；国盛证券同样在跌破黄线后应离开，不要留恋。   - 黄线位置“不是顶就是底”：股价站上黄线就是底，可以持有；跌破黄线就是顶，必须卖出。   - 止损原则：原则上跌破黄线就走；但考虑“击穿对手盘”的诱空情况，最多等一根K线确认，若次日收回可继续观察。 - 关键概念:   - 十张破位图：周日直播专门总结的一批跌破黄线后持续下跌的典型图形。   - 击穿对手盘：主力故意砸破关键位置，让技术止损盘卖出，随后快速收回；这是“等
====SEG==== SESSION:20260304 为什么又被炸成德A兰？（周三晚八） SEG:Z哥充电直播回放2_summary TSIZE:105686	### [地缘冲突下的全球影响与中国机遇] (00:00:00 - 00:05:08) - 核心内容:   - 从长期看，中东冲突对韩国、日本是“真实伤害”，对中国、印度、俄罗斯则是利好；对中国尤其是“大利好”，短期只是情绪释放。   - 战后重建机会：中国基建企业（葛洲坝、中国建筑、中铁二局）可参与重建；特高压、海上输电（如永福股份）可将电力输送至韩国；新能源汽车（小米、理想、现代等）可通过合资方式进入韩国市场，以市场换技术。   - 印度被认为“进去出不来”，不适合类似合作。   - 伊朗若被逼急，可能攻击特拉维夫、耶路撒冷、迪拜等；引用历史老师说法“平壤炸平 vs 纽约炸平，谁损失大”，强调伊朗无惧全面冲突。   - 伊朗有约八千万人，虽然生活水平不如巴列维王朝，但内部组织性强；可通过“分而治之”签下多个品牌（如吉克等），解决就业；历史上丝绸之路与一带一路呼应。 - 关键概念:   - **真实伤害与利好**：地缘冲突对不同经济体的中长期影响差异。   - **情绪释放**：短期市场波动并非长期趋势，后续用盘面验证。  ---  ### [闲谈伊朗社会与文化，转入盘面] (00:05:08 - 00:10:16) - 核心内容:   - 伊朗人消费习惯：有钱敢花、不存钱，“挣一个花仨”，消费能力强。   - 对“Z盘”相关市场不感冒：认为宗教国家“钱不赚也罢”。   - 调侃一夫多妻制：并非所有伊朗人都能娶多个老婆，需有钱；彩礼类比江西景德镇38.8万起，娶多个需要经济实力。   - 以乾隆后宫与伊朗最多四个老婆对比，调侃“波斯民族”身体差异，但强调“踏踏实实”。   -
====SEG==== SESSION:20260309补充两个重要技能点 SEG:Z哥b站充电直播回放1_summary TSIZE:115724	### [开场唱歌与设备小插曲] (00:00:28 - 00:05:36)  - 核心内容:   - 主持人以唱歌开场，歌曲包含“情愿糊涂、一生的遭遇向谁诉”“繁华过后剩一梦”等歌词，并提到自己四十一岁，这首歌叫《二十年一梦》。   - 开场后出现设备小插曲：主持人喝水吃药时药片卡在喉咙，咳嗽、调整后继续直播，弹幕有人刷“同怎么了”互动。   - 表示当天有两个重要知识点要讲，由于时间紧，原计划的读文章环节推迟到周三。 - 关键概念:   - 无核心交易概念，主要为直播氛围与设备意外。  ---  ### [弹幕互动：铝被埋与专情图] (00:05:36 - 00:09:20)  - 核心内容:   - 弹幕提问“铝被埋了”，主持人反问“铝为什么被埋、埋哪儿了”，指出铝业股若追高在高位没有买点；以“南山绿野”为例，说明在错误位置买入没有依据。   - 讲解“专情图”：若图形是“小砖大柱子”（小阳线后接大阳线），追高容易挨套；若是大阳线后接小砖（缩量小实体），相对可考虑。   - 凯美特基被弹幕问为何被埋，主持人指出其白线在黄线之下，按纪律根本不应操作，并提醒弹幕“别发露怯”。 - 关键概念:   - 专情图：一种K线组合形态，指大阳线后连续小实体（或反之），用于判断追高是否有风险。   - 白线/黄线：分时图中的快线（白线）与慢线（黄线），白线在黄线之下时通常不应买入。  ---  ### [大盘穿越火线与黄白线策略] (00:09:20 - 00:14:56)  - 核心内容:   - 回顾周三策略：大盘黄线有交易价值时，不要害怕，应关注黄线；手里只留“白线在黄线之上、股价
====SEG==== SESSION:20260311九篇心法精讲（十年后版） 周三晚九 SEG:Z哥 b站充电直播回放1_summary TSIZE:113587	### [开场与寒暄] (00:00:00 - 00:01:52)  - 核心内容:   - 直播开始，主播与观众打招呼，提到“比开盘还准时”，有观众在野人排队、吃炸酱面等生活细节。   - 主播刚下飞机从上海回北京，说下午还在上海吃包子；提到“老万刚睡醒，决战到天明”等弹幕互动。   - 回应发型问题，开玩笑称是Tony老师做的；有观众劝“千万不能开面馆”，为后面汤包故事埋下伏笔。 - 关键概念:   - 无正式术语，主要是直播氛围铺垫。  ---  ### [上海汤包老字号的故事] (00:01:52 - 00:09:48)  - 核心内容:   - 主播讲述当天在上海吃的“家家汤包”（原人民广场老字号）经历。最早在2017-2018年曾与老板洽谈引入北京，但老板没兴趣，因为工人都是上海本地老奶奶，不愿去北京；冷链运输成本太高，北京门店难盈利。   - 计算过黄河路店流水：每月约75万，毛利率60%，净利率35%，因店面自有，利润可观。   - 两年后再次去人民广场，发现老店分家了：保守派老爷爷继承了原址并改名“家乐汤包”，开明派带走了“家家汤包”的名字开连锁。两家味道都不一样，据说配方被拆成两部分，只有合并才正宗。主播认为保守派老爷爷保留了核心地段，所以“家乐汤包”更像原味。   - 2020年曾与开明派谈好引入北京，地点选在金融街购物中心，但因疫情“口罩”搁浅；也尝试说服老爷爷（给他和老奶奶们在京沪两地安排公寓），但最终未成。后来转投冰淇淋生意。 - 关键概念:   - 老字号分家：保守派与开明派对品牌、配方、扩张路线的分歧。   - 商业调研：流水、毛利、净利计算，以
====SEG==== SESSION:20260311九篇心法精讲（十年后版） 周三晚九 SEG:Z哥 b站充电直播回放2_summary TSIZE:120274	### [市场反心理性与散户透明] (00:00:00 - 00:02:48)  - 核心内容:   - 市场交易的最大特点是**反心理性**，即主力与散户之间的博弈。散户或资金少的投资者在市场中是"小透明"，既没钱又没筹码，而主力大资金既有钱又有筹码，可以随意画图操纵走势，比如"随便拎去俩跌停"。   - 主力能清楚看到散户的筹码动向。举例：主力从左边账户倒到右边账户一天倒四百万股，收盘发现只回来了三百一十万股，少了九十万股被散户买走了。主力有两种应对方式：与上市公司熟的就拉名单盯账户洗盘；不熟的就通过盘面感应，继续洗盘直到筹码回来。   - 案例佐证：绝望电器、欧菲光均有四十五万散户挂车，主力先洗走三五万，然后一根涨停拉起来。 - 关键概念:   - **反心理性**：市场博弈中，主力利用散户患得患失的心理弱点进行反向操作。   - **小透明**：散户因资金量小、无筹码优势，在市场中完全暴露于主力视野之下，处于劣势。  ---  ### [完美图形守株待兔，干错也要干] (00:02:48 - 00:05:08)  - 核心内容:   - 核心原则是"弱水三千只取一瓢"，无论是B一、B二、B三还是单针下二十，遇到**完美的图形，干错也要干**。原因在于守株待兔——一个票要上涨，一定会经过关键位置。   - 用机场堵人比喻：上海有虹桥和浦东两个机场，要堵一个人只需在这两个机场等。没等到可能是因为人来了看到你又走了。同理，主力只要想拉升，就一定会经过关键图形位置。   - 操作细节：在完美图形位置等待，如果没等到兔子就早点撤（比如八点等到九点就走），不要隔夜死等。亏损有限；但
====SEG==== SESSION:20260316 先破坏，再建设。（周日晚八） SEG:zettaranc b站充电直播回放1_summary TSIZE:90935	### [开场白与二楼纪律] (00:00:00 - 00:06:04) - 核心内容:   - 主播开场说明今天直播安排在"二楼"（核心粉丝群）进行，因为市场心态较差，一楼人多且听不懂，讲了也浪费时间。今天计划讲剩下六篇文章加一篇额外文章，重要内容会放在周三讲。   - 强调"财不入急门"：如果你困了或明天要上班，就去睡觉，不差这一节课。举高中班主任"无为而治"例子——病了就回家休息，迟到了就去踢球，尊重内心，反而带出海淀区高考第二的文科班。   - 提醒二楼的粉丝要沉住气，不要催更："你连听直播都沉不住气，在市场里怎么沉住气？每次被收割的就是你。"强调"一切都是最好的安排"。   - 提到二楼当前约1.7万人，市场不好导致人数自然减少，不是筛选，是市场自然淘汰。目前市场持续下跌，特别是没持有电力、特高压或"搬砖"小票的人，近期跌幅较大。 - 关键概念:   - 财不入急门：指急躁赚不到钱，心态建设是交易的第一课。   - 二楼纪律：核心粉丝圈层的专属直播，内容是提升成功率的干货，区别于一楼公开内容。  ### [粉丝互动：恭喜喜得千金] (00:08:24 - 00:09:20) - 核心内容:   - 有老粉分享喜讯：老婆昨晚生了个千金，正在医院边照顾边上课。主播恭喜他当爸爸，并调侃"前几年没感觉，到女儿五六岁之后才发现自己有个女儿"。   - 简单回应一条财经问题：石油与黄金是跷跷板关系，这轮做黄金/贵金属的钱出来了很多去做石油，所以有跷跷板效应。 - 关键概念:   - 跷跷板效应：资金在不同大类资产（如黄金、石油）之间轮动，一个涨另一个就跌。  ### [金融战与A
====SEG==== SESSION:20260316 先破坏，再建设。（周日晚八） SEG:zettaranc b站充电直播回放2_summary TSIZE:42541	我们只需要按话题分段生成笔记。转录文本很长，但已有分段标题和时间。要求为每个段落输出标题、时间、核心内容要点、关键概念。用中文Markdown。需要从转录文本中提取信息，尽量保留细节。注意转录文本是语音转写，可能有错别字，需要理解并整理。  需要覆盖所有段落。转录文本从00:00到52:16，每个段落有标题。我们按顺序处理。注意转录文本中有些内容可能跨段，但我们可以根据段落标题和时间大致对应。要确保每个段落都有内容，不要漏掉关键知识点。尽量详细。  先列出段落标题和时间： 1. B一位置与实战案例解析 00:00:00 - 00:02:48 2. 堆量与B一策略要点 00:02:48 - 00:05:08 3. 成本优势与市场博弈 00:05:08 - 00:08:24 4. 舒适即风险，行情瞬间转换 00:08:24 - 00:11:12 5. 得而复失的节奏与市场本质 00:11:12 - 00:14:00 6. 保持敬畏，防止自满 00:14:00 - 00:17:16 7. 三大量化转折点 00:17:16 - 00:19:08 8. 劣仓驱逐良仓的心理机制 00:19:08 - 00:23:20 9. 案例分析：士兰威与中国联通 00:23:20 - 00:27:04 10. 去弱留强的实操原则 00:27:04 - 00:31:16 11. 持仓恐惧与主观战胜客观 00:31:16 - 00:36:52 12. 强弱势股识别与后期走势 00:36:52 - 00:41:04 13. 八条清单与节奏重启 00:41:04 - 00:45:44 14. 结语：放弃幻想，
====SEG==== SESSION:20260318砖型图的核心用法（周三晚八） SEG:zettaranc b站充电直播回放1_summary TSIZE:98112	### [开场声音测试与闲聊] (00:00:00 - 00:03:16)  - 核心内容:   - 直播开场进行声音测试，询问观众声音是否清晰、有无回声或炸麦，反复调整音量。   - 用“泸州老窖”“国窖1573”等品牌名测试直播语音效果，确认“国教一五七三”（应为国窖1573）可以作为测试标准。   - 期间穿插闲聊，提到“特拉维维夫不行”可能是因为以色列局势，以及当天穿的是“蓝绸”（蓝色球衣），戴了红色（配饰）。 - 关键概念:   - 本节为直播预热，无核心交易概念。  ### [埃因霍温球衣的来历与少年坎坷] (00:03:16 - 00:07:56)  - 核心内容:   - 身着埃因霍温（PSV）球衣直播，解释原因：童年时父亲在飞利浦工作，自己曾在荷兰生活，因飞利浦是埃因霍温的赞助商，算是“带资进组”去埃因霍温青训试训。   - 试训未通过，同组有几位极有天赋的“小黑老外”非常厉害，自己被刷下来。后来转而去死敌阿贾克斯试训，反而顺利通过。   - 这段经历让主播觉得埃因霍温才是荷兰真正的豪门——因为连赞助商的孩子都不给面子，而“得不到的永远在骚动”，所以现在反而穿埃因霍温球衣。 - 关键概念:   - 带资进组：原指依靠赞助商关系获得机会，此处用来调侃自己少年试训经历。  ### [本周行情难受与散户心态] (00:07:56 - 00:13:04)  - 核心内容:   - 本周走势难受，空仓/清仓的粉丝无所谓，仍在场内“忙干”的人会难受。活跃市值处于空头区间，下跌比上涨容易，这是常态。   - 主播自称本周小亏，但认为“难受就对了”，因为还没有出现极致的下跌加
====SEG==== SESSION:20260318砖型图的核心用法（周三晚八） SEG:zettaranc b站充电直播回放2_summary TSIZE:95668	### [活跃市值与多空区间] (00:00:00 - 00:03:16)  - 核心内容:   - 活跃市值多头区间：外部增量资金入场，资金从银行转入股票筹码，能推动个股上涨（如拉涨停、涨4%）。   - 活跃市值空头区间：场内资金将筹码变成现金转出银行，无论是庄家出货还是获利盘离场，市场整体行为都是卖出。   - 空头区间“易跌难涨”，拉高就是出货机会，核心逻辑是“比谁跑得快”——你敢拉，我就敢卖。   - 案例：某股敢拉涨停，但次日低开甚至被砸，是因为获利盘借高价出货；这不是散户行为，而是聪明钱/经验钱在撤退。 - 关键概念:   - 活跃市值：衡量个股或市场内存量资金与增量资金博弈的指标。   - 多头/空头区间：多头区间资金流向为“银行→股票”，空头区间资金流向为“股票→银行”。  ### [空头区间只卖不买] (00:03:16 - 00:08:52)  - 核心内容:   - 空头区间只卖不买，不是选股水平问题，而是整个市场最聪明、最有经验的钱都在把筹码变成现金，此时进场等于接盘。   - 案例：一个“异动缩量→B二+红砖”的专精图，周五涨起来，但大盘不好，周一直接走弱被套；说明卖出的不是当天进场的人，而是原本持仓者要变现。   - 另一案例：某股昨天一字涨停，今天放量收长上影，庄家也逆势做多，但对手盘获利盘大量涌出；多空反复搏杀，局外人最好旁观。   - 如果要参与，只能用极小仓位（例如十万仓位拿两万，或者只拿三五千玩），跌停损失也就几百块，认了无所谓。 - 关键概念:   - 只卖不买：空头区间的总原则，所有拉高都是减仓/离场机会。   - 逆势庄家：即使有主
====SEG==== SESSION:20260318砖型图的核心用法（周三晚八） SEG:zettaranc b站充电直播回放3_summary TSIZE:88504	我们need produce notes in Chinese markdown. Need follow user's requested format. We have transcript and topic segments with timestamps. Need generate detailed per-segment notes with core content bullet points and key concepts. Need be complete, preserve details, numbers examples steps. Need output only markdown. Need use Chinese.  Need parse transcript into segments. We can create each segment heading with time range. Need include core content 2-4 detailed points, and key concepts. Need "宁可多写不可漏掉关键知识点". Need be accurate to transcript. Need not mention all rambling but enough. We need handle colloquial/offensive content professionally. We need include key technical details: 数砖规则 (red/green砖, fo
====SEG==== SESSION:20260322 砍柴，挑水，做饭 SEG:zettaranc b站充电直播_summary TSIZE:104381	### [开场与行情回顾] (00:00:00 - 00:03:44) - 核心内容:   - 直播开始，提到二楼付费用户（88/99元，续费72元），强调没有“给代码抓涨停”或“拿住不动就能涨”的简单方法，自己是“授人以鱼”而非“受人鱼”。   - 回顾此前讲课：3月1日讲过“十张跌破图”（跌破黄线的图），当时基于盘感提示风险；上周也提示活跃市值感觉不好，但长线趋势未变。   - 强调市场不确定，所有战法都是尽量提高第二天走势的概率，A到B是个过程，不是一天到达。 - 关键概念:   - 盘感：基于形态和经验的直觉判断，用于提前警示风险。   - 概率思维：交易不是确定性的，而是通过规则提高胜率。  ### [交易系统六大关键点] (00:03:44 - 00:07:56) - 核心内容:   - 总结交易系统六大关键点：①买点（B1、B2、B3或专精图）；②买后同时设好止损；③拉起来后要“放飞”（减仓/卖出一部分）；④S1（波段卖点）；⑤阶梯量出货出现“滴滴”信号时卖；⑥跌破白线卖；跌破黄线也要卖（黄线是最后防线）。   - 强调“放飞”的重要性：放飞后心态完全不同，有成本优势，能扛住后续波动。   - 用江铜例子说明：击穿黄线后扛三四天，可能上去也可能继续跌；如果前面放飞过有利润，才敢赌；如果没有成本优势，一把光（满仓）遇到回撤28%会很难受，必须走。   - 告诉投资者：不要怕踏空，最难受的是破位后的快速连续下跌；破位后不要等，要认输。 - 关键概念:   - 放飞：在上涨过程中分批止盈，锁定部分利润，降低持仓成本。   - S1：波段阶段性卖点（放量滞涨/次高点放量等
====SEG==== SESSION:20260325 砖型图的三种定式（周三晚7点30） SEG:zettaranc b站充电直播回放1_summary TSIZE:97434	### [开场互动与调整直播时间] (00:00:00 - 00:05:36)  - 核心内容:   - 开场时嗓子沙哑，提到周日、周一喊哑了；与各地观众（德黑兰、巴西利亚、格林兰等）互动，确认信号正常。   - 因昨晚突发噩耗（张雪峰去世），心情沉痛，特意将直播从惯常时间提前到七点半，传递"大家尽量不熬夜"的信号。   - 强调互联网是7×24小时环境，不同直播时间对应不同人群；自己多年习惯是凌晨三四点睡、第二天九十点起，但观众若需要上班或身体扛不住，正题争取在十二点前结束，不必硬熬。   - 提醒观众不要因自己的作息而效仿，每个人生活习惯不同，股票不差这一两个小时。  - 关键概念:   - 生物钟差异：主播与观众作息不同，不能互相强求。   - 直播时间设计：用时间调整传递健康理念，同时不影响不同人群的观看需求。  ---  ### [悼念张雪峰：重视健康但不过度焦虑] (00:05:36 - 00:12:08)  - 核心内容:   - 有网友玩梗"42岁网红、事业有成、喜欢跑步、有一个女儿"，主播回应自己43岁、干投资、不只有一个女儿，表达与张雪峰的相似性和惺惺相惜。   - 看到消息后非常难受，后台收到大量粉丝关心；认为每件不幸事件若能引起社会对健康的关注，就有正面意义——当天各医院心内科爆满，很多人去查心脏。   - 提醒不要被群体情绪裹挟：晚睡不一定直接致病，真正危险的是常年积劳成疾 + 睡眠不足 + 剧烈运动（心率持续在150-160以上）。   - 举例自己周一跑步时心率也在150-160，但强调这是对中年人的提醒，不必过度恐慌和焦虑。  - 关键概念:  
====SEG==== SESSION:20260325 砖型图的三种定式（周三晚7点30） SEG:zettaranc b站充电直播回放2_summary TSIZE:101879	### [去弱留强，保存强势股] (00:00:00 - 00:08:24) - 核心内容:   - 强调“去弱留强”：反弹中资金仍集中在强势股，弱势股反弹两天依然弱；上周复盘后，最终仓里只剩白线不破、蓝蓝、勇勇等强势股，它们后续都成功反弹。   - 低位筹码不能丢：被套后不要在相对低位割肉；若反弹较弱，先观察，不要恐慌卖出。强势股即使短暂跌破黄线，若未破前低，可设最低点止损并“忍一根”，往往能收回。   - 去弱留强是自然淘汰过程：不是幸存者偏差，而是按技术和纪律提前筛选；大概率下强势股会回来，但并非100%，要接受少数失败案例。   - 已走坏、处于空头趋势的个股应坚决处理；全清仓也可行，但要接受反弹后可能没有更好买点买回。 - 关键概念: 去弱留强、低位筹码、忍一根原则、自然淘汰  ---  ### [黄线位置止损] (00:08:24 - 00:14:00) - 核心内容:   - 黄线位置止损没有固定“一根还是两根”：若手紧、无利润垫，跌破黄线就卖也可以；若用“忍一根”原则，则以最低点设止损，次日收盘不破不卖。   - 不能要求100%准确：有的票跌破黄线后立刻拉回，有的则一路下行；关键位置不是顶就是底，必须留出容错余量。   - 不要与市场、盘面或他人较劲；股市是混沌思维而非线性思维，不存在“一就必然怎样”的答案。   - 主力/机构喜欢利用对手盘的确定性行为，因此“一根还是两根”取决于市场共识和你的风险偏好。 - 关键概念: 黄线止损、忍一根原则、混沌思维 vs 线性思维、风险偏好  ---  ### [概率与纪律：只卖不买去弱留强] (00:14:00 - 00
====SEG==== SESSION:20260325 砖型图的三种定式（周三晚7点30） SEG:zettaranc b站充电直播回放3_summary TSIZE:68036	### [从失恋类比看交易心态] (00:00:00 - 00:02:48)  - 核心内容:   - 用失恋/分手的次数类比交易：第一次失恋痛不欲生，分手到四五十次后完全无所谓；交易也是一样，经历多了心态自然麻木、稳定，不需要什么特殊技术。   - 交易能力靠大量练习积累，比如交易一千笔、砍仓一千次以后，自然能下得去手；没有捷径可走。   - 不要被黑粉或外界情绪干扰，因为“傻逼是少数”；用“初恋”比喻持仓，要拿住不动，不要因为短期波动就改变主意。 - 关键概念:   - 心态脱敏：通过反复经历亏损/失败，降低情绪波动，从而冷静执行规则。  ---  ### [砖形图三大定式与N型案例] (00:02:48 - 00:10:44)  - 核心内容:   - 定式一：N型起跳。买入转折点位置的红砖，即低点→高点→低点后第一根红砖。   - 定式二：横盘起跳。横盘整理后出现大块红砖压绿砖时，成功率可能更高；买点出现在横盘后刚要突破的位置。   - 定式三：上升波段延续。没有像样回调，一翻绿马上又翻红，这不是突破，而是上升趋势的延续。   - 强调先学会这三张图，不要和B1、B2混用；砖形图的核心玩法是“数四块红砖”。 - 关键概念:   - 红砖：砖形图中的阳线砖块，代表上涨。   - 定式一/二/三：三种可操作的砖形图买入形态。   - 数四块红砖：买入后数四块红砖，到第四块后减仓或清仓，防止反转。  ---  ### [横盘起跳与上升延续案例，数四块红砖纪律] (00:10:44 - 00:17:44)  - 核心内容:   - 案例一（二五零七二四）：小横盘起跳；大横盘+小
====SEG==== SESSION:20260325 砖型图的三种定式（周三晚7点30） SEG:zettaranc b站充电直播回放4_summary TSIZE:3484	### [直播画面故障，确认音频正常] (00:00:28 - 00:02:20) - 核心内容:   - 主播在直播开始时无法看到自己的画面，怀疑是浏览器不支持或网页版问题，反复确认“你们能看见我吗”。   - 观众反馈：手机端可以正常看到画面，电脑网页版可能无法显示；音频可以正常听到。   - 主播决定在无法看到画面的情况下继续直播，并补充之前忘记说的内容。 - 关键概念:   - 直播技术故障：主播端与观众端画面显示不一致，音频正常，通过观众反馈判断问题来源。   - 浏览器兼容性：网页版直播可能因浏览器不支持导致画面无法显示。  ---  ### [市场风险提醒与控制仓位建议] (00:02:20 - 00:03:16) - 核心内容:   - 主播提醒：虽然当前活跃市值表现还可以，但整体处于空头区间，随时可能出现向下杀跌、再次洗盘的情况，且无法预知。   - 对于“专精图的搬砖”玩法，建议先控制仓位，不要投入过多资金。   - 比喻“练级”时的“台费给少点”，即用较少的资金作为试错成本。 - 关键概念:   - 活跃市值：衡量市场活跃程度的指标，活跃市值尚可但不足以改变空头判断。   - 空头区间：市场整体趋势偏空，操作需谨慎。   - 控制仓位：在不确定行情中限制投入资金，避免大额亏损。   - 台费：比喻交易中投入的试错成本或手续费，这里指练手时投入的资金要少。  ---  ### [感谢粉丝互动与回应提问] (00:03:16 - 00:03:44) - 核心内容:   - 主播画面恢复后，开始与粉丝互动，感谢粉丝的弹幕留言，包括“奥利斯完全稳固”“贼哥您辛苦了
====SEG==== SESSION:20260330 全面推演美军若地面取胜概率（周日晚八） SEG:zettaranc b站充电直播回放_summary TSIZE:75059	我们只需要按话题分段生成笔记，转录文本已给出，时间轴对应。需要为每个段落输出详细笔记。注意时间范围是 [00:00:00 - 00:03:16] 等，但转录文本开头从 00:00:00 开始提到“哎，来了啊！”等等。需要根据话题分段，从转录文本中提取信息。有些内容较长，需要概括和组织。中文输出，Markdown格式，每个段落标题用 ###，核心内容和关键概念。要尽量保留细节，不要遗漏关键知识点。  我们逐个段落处理。  话题1：[00:00:00 - 00:03:16] 开场：基本功与心态 转录文本对应： - 清明节特训课？有。 - 教给大家的是基本功，要当成标准动作。如果这个动作百思不得其解，可以放弃。 - 不要对自己过于苛责，各有优势，不要因短期挫败觉得自己不行。 - 简单也简单，难也难：跌破黄线就卖，B一到位置买，跌破最低价就平；估值低的拿住不动。但认知、经验、感受不同，所以很难受。 - 如果觉得很难，不要过多责怪自己，放弃不丢人。 - 如果真正热爱，每天研究到两三点，以前专业干的时候到四五点做夜盘。如果热爱且现实中没有其他机会，不是大傻子，掌握技能不难，低买高卖。 - 举例：今天一点六万人，相信是热爱的，不是跟风。如果兼职体验，拿小钱体验可以，避免六千点时拿五百万进来。2020年医药基金就是大钱。 - 如果真爱，想干的事基本能干成。自己43岁，想五十岁之前拿高尔夫业余冠军。请冠军教练，严格学。 - 想干什么一定要去干，喜欢股票就钻研，博采众长，反复回撤亏钱充值刷出来的经验。 - 到2027年大盘配合，这波人带出来，比如1.6万人里6000人带出来。你们挣大钱是在下一个牛
====SEG==== SESSION:20260404 二楼补钟：重要一课 SEG:zettaranc b站充电直播回放1_summary TSIZE:91263	### [开场哼唱与问候各地朋友] (00:00:00 - 00:03:16) - 核心内容:   - 视频开场先哼唱了一段歌曲（歌词提及“夏天的感觉”“铅笔在纸上来来回回”等），随后正式向观众打招呼。   - 依次问候了来自各地的观众：河北、德黑兰、河南、常州、南京、马家铺（可能指地名）、么子海峡等，并确认各地信号正常。   - 特别提到“清明”这个节日，对成年观众表示“这节不用愉快”，强调简单点。   - 提到自己换了电脑，摄像头颜色看起来有点怪，后面会详细说明。 - 关键概念:   - “节日愉快”的变体：清明不是适合“愉快”的节日，用“安康”或“简单点”更合适。  ### [换电脑测试与节日闲聊] (00:03:16 - 00:08:24) - 核心内容:   - 此前一台老ROG笔记本出差时摔坏漏电，现在换了新的ROG笔记本，正在测试声音、画面效果。   - 摄像头没换，但画面颜色偏白，自己认为皮肤应该偏黑（因为之前在海南晒黑了）；有人评论“磨皮了”，他承认稍微磨了一点皮，因为上岁数了。   - 今天日期是四月四号，明天清明节假期不上班，和大家开玩笑说可以飞到纽约、以色列、乌克兰、土耳其、巴黎等，最后提到去景德镇做SPA。   - 提到有人准备考摩托车驾照、想买宝马双R（S1000RR），他建议“一步到位”，并开玩笑说“跑得比谁都快，明年清明节可开心”。   - 本次直播是临时决定，昨晚才通知，所以在线人数不多（约六千人）。 - 关键概念:   - ROG：玩家国度（Republic of Gamers），华硕高端游戏本系列。  ### [老粉互动与书房变迁] (00
====SEG==== SESSION:20260404 二楼补钟：重要一课 SEG:zettaranc b站充电直播回放2_summary TSIZE:92943	### [历史回调对比与见顶概率] (00:00:00 - 00:07:28)  - 核心内容:   - 当前指数被“龙队”管理得非常极致，走势大概率会上上下下反复测试白线、黄线，完成磨底过程，时间可能拖到五六月份；不要看到反弹就追。   - 用历史案例说明牛市中也常有深调：998→6124过程中，4300点附近曾回调27%，很多个股腰斩；“530”时自己股票三个跌停；当前从高点回调10.61%，在历史上排名第八/第九，见顶概率约为八分之一，更可能是上涨途中的回调。   - A股本质没有变过：“一放就乱，一管就死”；与美股关联度从97%降到91%，但大方向仍受影响。若上攻无力，不如在当前位置震荡磨底；下跌到何时无人知道，只能按盘面操作。 - 关键概念:   - 龙队：国家队/主力资金对指数的强力调控。   - 白线/黄线：技术分析中的关键均线或支撑压力位，用于判断趋势和买卖点。   - 见顶概率：基于历史回测，当前幅度在历史上涨途中的排名对应的顶部可能性。   - 政策市/资金市/技术市：A股的三大底层属性。  ---  ### [尊重盘面与择时价值] (00:07:28 - 00:14:00)  - 核心内容:   - 当前处于空头区间，唯一能做的就是等待；外部因素（如战争、特朗普政策）不是下跌主因，活跃市值早已提前给出空头信号。   - 4月7日大跌并非突然，之前活跃市值已经绿了很多天；2月2日战争还没开打，市场已经走弱。说明大A资金非常聪明、充分博弈，必须尊重盘面。   - 没有赚钱效应时，先觉资金已经获利离场，两个星期减完仓，之后来个风吹草动就是一根大阴线。   - 不
====SEG==== SESSION:20260404 二楼补钟：重要一课 SEG:zettaranc b站充电直播回放3_summary TSIZE:96307	### [持强票的纪律与个人投资履历] (00:00:00 - 00:08:52) - **核心内容**:   - 最强的票不跌破黄线，更强势的连白线都不破；若跌破黄线，第二天通常会打回去（反弹）。持仓应始终拿住完美的票、最强的票。收盘后看一眼白线黄线即可判断，操作难度不高。   - 资金体量较小时，更适合快速轮转做复利，不一定拿到波段末端；但大资金或长线目标可以忍受波段中的利润回撤。例如他持有的某只票，白线在黄线下死叉时短线应走，但他的目标在更高位置，只要最终赢转亏就走；若账户从浮盈转浮亏，就直接扔掉（止损），目标是挣大钱。   - 个人投资履历：从小钱滚大钱靠波段，从大钱变自由靠长线。长线代表作包括宁德时代、B站、比亚迪、茅台、小米（第二波）等；其中比亚迪是七八倍的大牛股，因为新能源车看得懂。波段滚动复利方法源于期货和世通时期的短线战法（如B1玩法）。   - 当前这波主题是“新质生产力”（AI、新能源、机器人等），类似过去的“十二五”“十三五”，国家指哪儿大资金就去哪儿，要听话跟随机构。他看不懂科技，但懂消费，所以睡得着觉；每个人只赚自己认知内的钱。 - **关键概念**:   - 白线/黄线：分时或均线系统中的关键均线，用于判断短线强弱和持仓标准。   - 赢转亏一定要走：无论浮盈多少，只要账户从盈利变为亏损，必须无条件离场，这是核心交易纪律。  ### [优选量价关系与茅台共识] (00:08:52 - 00:17:44) - **核心内容**:   - 选股要优选“红的比绿的多”的票，即上涨趋势中量价关系好的品种；如果图形中出现高点S1（卖点/压力位）就不完美，应放
====SEG==== SESSION:20260404 二楼补钟：重要一课 SEG:zettaranc b站充电直播回放4_summary TSIZE:98296	好的，用户给了一个视频转录文本和话题分段，要求按照指定格式为每个段落生成详细的逐段笔记。这是个整理笔记的任务。  先理解需求：用户是专业的视频课程笔记整理助手，要求为每个话题段落输出“[段落标题] (时间戳)”格式的笔记，包含“核心内容”和“关键概念”两部分，要求信息完整、保留具体细节，用中文输出Markdown格式。  内容是直播转录文本，话题范围很广：股票、白酒、香烟、职场、人生感悟等。用户已经给出了话题分段（14个段落和时间范围），要按这些分段来整理笔记。  先看每个分段的内容特点：开场闲聊和股票答疑主要是股票操作建议和婚姻观讨论；养猪周期是讲猪周期和实业建议；炒股心态与社会贡献是讲股市逻辑和社会价值的观点；职场选择与实体困境是职业建议；后面大量篇幅是白酒品鉴、香烟推荐、生活哲学等。  时间和分段已经明确，只需按照转录文本内容整理每个段落的要点。需要注意： - “核心内容”要详细，2-4条，尽量保留数值、名称、步骤 - “关键概念”要提取段内提出的术语或概念并解释 - 内容要完整，宁可多写不漏关键点 - 用中文Markdown输出  转录文本里有大量口语化、跳跃的内容，但话题分段已经划分好了，就按划分的来整理，每个段落从转
====SEG==== SESSION:20260404重要一课（周六晚八） SEG:2026-04-04第1部分（开场聊）_summary TSIZE:45646	### [开场问候与设备调试] (00:00:00 - 00:02:20) - 核心内容:   - 因出差电脑摔坏漏电，从旧ROG换到新ROG笔记本，测试摄像头、声音、画面是否正常；新电脑为5080显卡，旧电脑为4080。   - 观众反馈画面偏白、皮肤白，主播解释可能是硬件差异，并非故意磨皮；自嘲上岁数了，稍微磨了一点皮。   - 提到“红光满面”是因为在海南晒黑，以及设备密码问题。 - 关键概念:   - ROG：主播使用的笔记本电脑品牌。  ### [假期闲聊与飞行玩笑] (00:02:20 - 00:05:08) - 核心内容:   - 一个礼拜没直播，主播表示想念；观众问是否爱好摄影，主播说小时候手机是黑白的、没有摄像功能。   - 聊到清明节日期（4月4日），观众说明天不上班，主播开玩笑说可以飞到纽约、以色列、土耳其、巴黎等地；有人提到景德镇、SPA、考摩托车驾照、外卖等。   - 主播说明这次直播是临时决定，昨天夜里才通知，所以人不多。 - 关键概念:   - 无明确术语，主要是节日闲聊与飞行主题玩笑。  ### [老粉互动与球衣话题] (00:05:08 - 00:10:16) - 核心内容:   - 观众提到“御林军”“锦衣卫”“东厂西厂”等称呼，主播配合调侃“车门焊死”表示锁仓。   - 回忆直播历史：从可乐街、折返宝时期（约一八一九年）到如今，有老粉认识八年、九年；主播提到自己正在准备世界杯球衣视频，刚收了巴西球王版球衣。   - 聊到“球衣”擦边梗（可乐李宁环保），主播澄清当时没往那方面想。   - 因为换了电脑，主播请观众帮忙检查是否有需要遮挡、合规的
====SEG==== SESSION:20260404重要一课（周六晚八） SEG:2026-04-04第2部分（开讲）_summary TSIZE:45906	### [止损理念与磨底逻辑] (00:00:00 - 00:02:20)  - 核心内容:   - 止损的核心是“斩断亏损，让利润奔跑”。用打排位类比：遇到对手“狂送”（0-7），应果断结束对局，而不是纠结。摸上（盈利）就持有，摸不上就止损离场。   - 当前指数位置属于“磨底”阶段（除非发展成世界大战）。磨底的本质是“多空双杀”：通过反复涨跌让所有人交出筹码，完成筹码交换，把前期进场者（如4月7日进场者、9月24日前进场者）全部打跑。   - 磨底持续时间取决于套牢盘是否卖出：越坚定不卖，磨底时间越长。未来如果上涨，这个位置入场接筹的人就是赢家；如果真发生世界大战再砸400点，入场接筹者会被套，但到3400点又会来一批新资金。   - 一轮牛市的正常标准：回调20%就结束。若回调超过20%，上方套牢盘过重，反弹无法突破，市场信心崩溃，行情结束。当前上证从最高4200跌到3800，约400点，幅度约10%，因此会在此位置反复磨底。  - 关键概念:   - 磨底：通过反复震荡、多空双杀，让不坚定持仓者交出筹码，形成筹码交换区域。   - 牛市回调标准：一轮牛市正常回调幅度约20%，超过则行情终结。  ---  ### [人性考验与知行合一] (00:02:20 - 00:06:04)  - 核心内容:   - 账户亏损程度对比：如果将当前亏损额度放回3月1日，当票破位时大多数人会选择离场；但现在因为亏损已成事实，反而难以下手。这说明“见过”和“没见过”会影响决策。   - 让投资者回想：进入股市以来是否经历过当前这种调整时长、幅度和特征？如果没经历过，这波经历后就会“信”了。
====SEG==== SESSION:20260404重要一课（周六晚八） SEG:2026-04-04第3部分_summary TSIZE:45325	好的，这是根据您提供的视频转录文本和话题分段生成的详细逐段笔记。  ---  ### 历史走势与当前回调位置 (00:00:00 - 00:02:20) - 核心内容:   1. 以历史行情为例，描述了指数从998点上涨至6124点的过程中，曾出现一轮上涨翻倍后，回调15%，经过长时间筑W底后才开启主升浪的走势。   2. 当前这轮回调幅度为10.61%，在A股历史上的牛市回调中，回调幅度大约排在第八、第九的位置。   3. 根据历史数据回测，在当前位置（4197点）见顶的概率是八分之一。   4. 从历史角度看，这更大概率是一次上涨途中的明确回调，而非牛市见顶信号，但最终结论仍需基于盘面。 - 关键概念:   - **上涨途中的回调**: 指在主要上升趋势中出现的暂时性价格下跌，幅度和持续时间通常小于主要趋势，不完全等同于趋势反转。  ### A股本质：政策市、资金市、技术市 (00:02:20 - 00:04:40) - 核心内容:   1. A股的走势与美股的关联性在2015年前高达97%，最新数据虽降至91%，但大方向仍高度相关。   2. 市场存在一种推演：若美股被拖累崩盘，A股也难以幸免，因此部分大资金可能选择在个股估值高位时主动撤退，等待风险释放后再重建仓位。   3. A股的本质从未改变，即“一放就乱，一管就死”。   4. 市场当前的下跌属于估值回归，大资金顺势而为，主动调整。 - 关键概念:   - **政策市、资金市、技术市**: 这是对A股市场本质特征的总结。“政策市”指市场受政策影响巨大；“资金市”指市场行情由资金驱动；“技术市”指技术分析在A股博弈中
====SEG==== SESSION:20260404重要一课（周六晚八） SEG:2026-04-04第3部分_summary前 TSIZE:44495	好的，这是根据您提供的视频转录文本和话题分段生成的详细逐段笔记。  ### 历史行情启示与A股本质 (00:00:00 - 00:04:40)  -   **核心内容**:     1.  **历史行情回顾**：主讲人以历史上的A股走势（如从998点涨到1200点，再回调15%后构筑W底翻倍）为例，指出当前从高点回调约10.61%的幅度，在历史上看排第八、第九位。     2.  **当前回调性质判断**：基于历史数据，本次回调是一次“上涨途中比较明确的回撤”，直接在此位置（4197点）见顶的概率仅为八分之一。     3.  **A股与美股的关联性**：大A走势与美股的关联性极高，2015年之前是97%，最新数据降至91%。这意味着若美股崩盘，A股也可能被带崩。     4.  **A股市场本质**：A股的本质从未改变，即“一放就乱，一管就死”。主力资金（如龙队、麒麟会）会顺势而为，在个股估值高时杀跌，进行估值回归后再重建。  -   **关键概念**:     -   **W底**: 一种技术分析中的底部反转形态，形似字母“W”，预示价格可能由跌转升。     -   **见顶概率**: 指根据历史数据回测，当前市场走势在某个位置结束上涨趋势的可能性。  ### 空头区间下的择时与盘面信任 (00:04:40 - 00:10:44)  -   **核心内容**:     1.  **空头区间的操作策略**：在当前空头区间，唯一能做的就是“等待”，而不是折腾。主讲人强调，2026年市场很难，即使没有外部因素（如川普的政策），A股自身也已进入空头区间。     2.  **市场
====SEG==== SESSION:20260404重要一课（周六晚八） SEG:2026-04-04第4部分_summary TSIZE:47667	### [复盘中的时间陷阱] (00:00:00 - 00:02:47)  - 核心内容:   1. 复盘时看K线图觉得很简单——"放量缩量，A点B点出现，设好止损就能拿住"，但实际上每根K线都是**每天走出来的**，盘中会有各种波动（窜一下、下来、又起来、又下去），持仓过程中会经历"平盘→亏→平盘→赚"的反复煎熬。   2. 除了盯盘本身的煎熬，还有盘后的各种信息干扰：自媒体、各种消息、杂音，让人很难受，导致拿不住单。   3. 解决方法是**建立明确的交易纪律**，比如："只要拉起长阳我就放飞""跌破白线我就走""出现S点我就卖"。复盘时觉得容易，实盘却做不到，是因为每个人都是从"知道"到"做到"这个阶段过来的，需要经历。 - 关键概念:   - **复盘幻觉**：复盘时看历史K线觉得一切清晰明了，但实际交易中每根K线都包含盘中四个小时的波动和煎熬   - **交易纪律**：事先设定明确的离场规则（如破白线走、出现S点卖、拉长阳放飞），用来对抗盘中的情绪波动  ### [交易需要时间框架与纪律] (00:02:48 - 00:05:35)  - 核心内容:   1. 不同投资策略有**不同的时间框架**：王亚伟拿困境反转的票能拿一两年；做ROE、复合增长率的价值投资者是按年为单位操作；而很多人"明天就抡进去、下礼拜就得给我拉起来"的想法完全不现实。   2. 每根K线代表的是**一天四个小时的交易时间**，数砖的时候"四块砖、八块砖"是每天每天走出来的，不是复盘时一眼扫过去的。盘中容易患得患失——赚了怕回吐，被吓走之后看到又拉出中阳线就踏空追高，然后又在其他票上亏回去。  
====SEG==== SESSION:20260404重要一课（周六晚八） SEG:2026-04-04第5部分_summary TSIZE:45624	(skipped)
====SEG==== SESSION:20260404重要一课（周六晚八） SEG:2026-04-04第6部分_summary TSIZE:50873	### [沈姓起名互动] (00:00:00 - 00:02:48) - 核心内容:   - 主播为观众“沈飞集成”的姓氏起名，给出多个趣味选项，如“沈多头”、“沈万三”、“沈大成”、“沈天阔”等。   - 经过筛选，主播最终推荐两个名字：男孩叫“沈文”（文化的文），女孩叫“沈心”（心脏的心），认为这两个名字简单好听且大气。组合起来为“文心”，呼应“文心一言”。   - 互动过程中，主播提到弹幕建议“审时度势”像日本人名字，以及“沈大成”其实是点心店名等趣事。 - 关键概念:   - 无特定术语，属于直播互动娱乐环节。  ### [交易答疑与主播特色] (00:02:48 - 00:05:08) - 核心内容:   - 观众提问：股票在收盘前3分钟还是绿的，但收盘瞬间变绿，第二天应如何处理。主播解答：不要慌张，依然将其视为“绿砖”，第二天按原计划交易即可，这种情况时有发生。   - 主播分享个人特色：他说话偶尔会“磕巴”，但他认为这形成了自己的“差异化路线”和“独特的个人标识”，在主播中很少见，反而能让观众印象深刻，并鼓励观众坚持自我。   - 主播自嘲自己的直播观众数量（1.3万人），并表现出对现状的开心和满意。 - 关键概念:   - 绿砖：指符合特定技术形态的绿色K线（阴线），是主播交易体系中的核心概念之一。  ### [选股策略与心态建议] (00:05:08 - 00:09:20) - 核心内容:   - 主播回应“王术战法”在当前市场是否有效：认为这类超短线战法依赖个人性格，很难普及，现阶段其使用者应该也会降低仓位（如一到两成）进行操作。   - 回答关于“专情图选
====SEG==== SESSION:20260404重要一课（周六晚八） SEG:2026-04-04第7部分（纯闲聊了）_summary TSIZE:43602	### [开播八卦闲聊] (00:00:00 - 00:01:52)  - 核心内容:   - 主播调侃观众让其做“鼓励娜扎”的男朋友，回复观众“五十八岁杨幂也是杨幂”的ID梗，活跃直播气氛。   - 提及黄晓明曾送Angelababy一辆跑车，是其为数不多了解的娱乐圈八卦，表示对明星离婚等八卦细节并不关心或了解。   - 播报弹幕中“王石被崩了”的说法，后自我纠正口误（“王蛋”），表现出闲聊状态下的随意感。   - 感叹后半夜直播间话题突然变成离婚八卦，反问观众“你们现在都到了离婚的年纪了吗”，引发互动。 - 关键概念:   - “Z家军”：主播对自己粉丝群体的称呼。   - “五十八岁杨幂”：弹幕中观众ID，成为调侃素材。  ---  ### [股票止损与迈巴赫加油] (00:01:52 - 00:03:16)  - 核心内容:   - 回答观众股票止损问题：若在白线（分时均价线）附近开始买入（B一）一路跌到黄线（分时均线）且浮亏达-20%，应坚决止损。强调第一次没止损，在黄线下方也必须止损。   - 强调“股票市场没有为什么，不要问为什么”，买完不涨就要离场，不要纠结原因。   - 回答迈巴赫加油标号问题：明确回答加98号汽油。   - 提及打算卖掉苏七（某型号车），原因是车型改款，自己不喜欢用旧款。 - 关键概念:   - **B一**：股票买入术语，指第一次买入动作。   - **白线/黄线**：分时图中的价格线和均价线，用于判断短线买卖时机。   - **止损纪律**：达到预设亏损位置必须无条件离场，不纠结原因。  ---  ### [苏七视频与弹幕互动] (00:
====SEG==== SESSION:20260404重要一课（周六晚八） SEG:2026-04-04第8部分_summary TSIZE:42564	### [开场与茶品推荐] (00:00:00 - 00:02:20) - 核心内容:   - 开场播放歌曲后，主播开始聊茶，重点推荐红茶。   - 推荐正山堂特制金骏眉，称其为中国金骏眉的“到头了”“毕业了”，即顶级款。   - 往下推荐正山小种和元起正山，作为金骏眉的“light版”/入门款，味道没问题。   - 平替推荐：斑马的那鼎红一千（可能为品牌/型号）；主播说自己平时也喝英红九号，认为英红九号也不错。 - 关键概念:   - 金骏眉：顶级红茶，正山堂特制款被视作毕业款。   - 正山小种/元起正山：金骏眉的轻量替代版。  ### [白酒入门推荐] (00:02:20 - 00:05:08) - 核心内容:   - 有人问到小糊涂仙，主播认为“喝着玩”，建议给爸爸买五粮春二代，价格两百多，京东自营无假酒，比小糊涂仙好很多。   - 年轻人尝试白酒推荐：按预算，从“T68”起，再往上喝五粮春二代，把这两款喝明白就够用；二十多岁朋友聚会足够。   - 三十多岁想喝点好的，可以选梦六家，价格约600元，再往上没必要。   - 解释白酒太辣的原因：就像做股票下不去手止损一样，说明还没入门。男人三十岁/三十五岁后才开始喝白酒，一是经济条件允许，二是因为“白酒的苦其实是最好的甜”——生活中的苦一喝白酒就不觉得苦了。 - 关键概念:   - 小糊涂仙：定位为“喝着玩”的入门酒。   - 五粮春二代：高性价比口粮酒，约200多元。   - 梦六家：中高端白酒，约600元。   - 白酒的苦与甜：白酒的苦能对冲生活的苦，因此中年后更爱喝。  ### [洋酒与泥煤威士忌] (00:05:
====SEG==== SESSION:20260404重要一课（周六晚八） SEG:2026-04-04第9部分(下播晚安）_summary TSIZE:9525	### [开场表态：知无不言] (00:00:00 - 00:00:28)  - 核心内容:   - 主播表态：只要粉丝真心想学、想在某个领域有所建树，他一定“知无不言，言无不尽”，毫无保留地分享。   - 强调这句话老粉能听懂，而新人或假冒老粉的人可能听不懂，以此区分真正跟随学习的粉丝。 - 关键概念:   - 知无不言，言无不尽：承诺对粉丝提出的问题不隐瞒、不保留，全部如实回答。  ---  ### [欢迎新老粉丝，念ID互动（一）] (00:00:28 - 00:01:52)  - 核心内容:   - 主播看到粉丝“帕根达斯”发的SC（付费留言），表示会下播后看私信并回复。   - 连续念出大量粉丝ID，包括：地球人真好相处、哥德华、利透金、头盔护猪头、小喇叭大只讲、不良人天子/天赐星、半元君、饮茶品干、冰窗映雪、天家启运归我身、主雨云、启己、西瓜要蘸老干妈、风爷想喝醉、心无旁骛、科纳路斯、写了个娃子、瑞典小博士、于长工、万总的鼠标、独玉、明明就、医疗妞等。   - 对“天家启运归我身”的ID发问“你是启运之子吗”；对“启己”的字表示不认识。   - 自称上岁数记性不好，之前提到的“日本的乌克兰的”内容都是编的，向粉丝道歉。 - 关键概念:   - SC：指直播中的付费留言（Super Chat），粉丝付费后弹幕会高亮显示。  ---  ### [继续念ID互动（二）] (00:01:52 - 00:03:16)  - 核心内容:   - 继续念大量粉丝ID：晴川、多情、亨通吞吞煮、康龙有悔意、幽醉星空七张机、松果林白鹅鸡巨鳄、肥中士、跟着上火、我娶杨幂、Z哥说我成了、随
====SEG==== SESSION:20260404重要一课（周六晚八） SEG:AI文稿 TSIZE:0	
====SEG==== SESSION:20260404重要一课（周六晚八） SEG:转载的 TSIZE:0	
====SEG==== SESSION:20260406 SEG:【全章节标注+弹幕版】【Z哥录播】2026-4-6 扯淡局 - 1.p1(Av116358046025666,P1)_summary TSIZE:42021	### [开场白：打招呼与闲聊] (00:02:20 - 00:07:00) - 核心内容:   - 主播为避免迟到提前开播，向观众问好，并解释“先打卡再买早餐/蹲坑”的类比，说明先开播再进入状态很正常。   - 提到直播持续八小时后自己二十四小时没说话，强调要回到“慢慢悠悠、踏踏实实”的原有节奏。   - 展示一把扇子，调侃扇子款式“稍微有点阴柔”，自嘲是“西厂”而非“东厂”，并提到扇子是彩云姐（著名窑口窑主）所赠。   - 表示今天嗓音有点哑，无法模仿“国窖”广告，留到下次。 - 关键概念:   - “万物皆同理”：用上班打卡类比直播开播，强调仪式感。  ### [引入伊朗与股市话题] (00:07:00 - 00:10:44) - 核心内容:   - 正式开播后询问观众是否吃饭，穿插与弹幕互动（如“在您怀中吃蜜语”、女粉留言等）。   - 提到明天大A八点开盘，称为“Bridge Day”“发电厂日”等，调侃市场消息混乱。   - 引入伊朗局势：最新消息希望停战四十五天，伊朗秒回“不可能”，指出这是为了不让美军完成前线部署。   - 提到相关股票（重庆路桥、跑遍电器等），形容当前市场“太乱，一天一消息”。 - 关键概念:   - “停战四十五天”不可能：伊朗担心美国利用停战期完成军事部署，打自己措手不及。  ### [伊朗停战不可能，股民心态类比] (00:10:44 - 00:15:52) - 核心内容:   - 将伊朗与美伊冲突类比为“公共厕所，想来就来想走就走”，强调波斯文明历史悠久，但“这回一骑都没见到”，暗讽美军不敢地面进攻。   - 指出当前全世界都已厌倦，除
====SEG==== SESSION:20260406 SEG:【全章节标注+弹幕版】【Z哥录播】2026-4-6 扯淡局 - 2.p2(Av116358046025666,P2)_summary TSIZE:51668	### [印度困境反转与伊朗上桌] (00:00:00 - 00:03:16)  - 核心内容:   - 印度通过“困境反转”策略获利：此前低价买入2.5亿桶俄罗斯石油（约30-40美元/桶），在“八一”战争后、俄罗斯石油解禁时以约110美元/桶全部卖出，实现翻倍收益，类似A股炒作ST股摘帽。   - 伊朗在当前局势中“上桌”——在波斯湾和阿拉伯世界多年不敢大声说话，这次因冲突成为全球头条，获得巨大媒体关注；同时伊朗的强硬行动客观上缓解了“沙俄”（俄罗斯）的困境。   - 印度可能继续利用混乱局势（如与伊朗、将军等关系）从中牟利；六千年文明古国（伊朗）的“上桌”被比喻为一场高价值公关事件，花钱都买不来这种全球头条曝光。 - 关键概念:   - 困境反转：指在坏消息/低谷时买入，等待基本面或事件逆转后获利，印度被形容为“专门抄ST的”。   - 媒体价值：伊朗因冲突获得全球头条，是一种无法用金钱购买的注意力资源。  ---  ### [川普的“诺贝尔”与美国的无感] (00:03:16 - 00:04:40)  - 核心内容:   - 调侃川普若真能促成某种“和平”，应被授予诺贝尔和平奖，评价其为“舍小我为大我”“牺牲小我为了世界大同”。   - 美国国内民众对战争感知极低：约70%的美国人不知道美国在打仗，也不知道美国对伊朗动手；即便知道的人也不满意。   - 认为川普做了“成全全世界”的大事，但本国人民无感，形成一种讽刺对比。 - 关键概念:   - 无（以调侃和评论为主）。  ---  ### [川普的宏大计划与熄火] (00:04:40 - 00:06:04)  - 核心
====SEG==== SESSION:20260406 SEG:【全章节标注+弹幕版】【Z哥录播】2026-4-6 扯淡局 - 3.p3(Av116358046025666,P3)_summary TSIZE:56193	### 开场：底部形态与明日走势 (00:00:00 - 00:00:27) - 核心内容：   - 底部形态往往出现在连续下跌和熊市末期，常见为小十字星、小阴线或小阳线。   - 针对“明天四月七怎么走、会不会暴涨”的提问，主播用“摇个圈儿、抽个圈儿”等口语化方式调侃，表示无法精确预测短期走势。 - 关键概念：   - 底部形态：熊市末期连续下跌后出现的企稳K线信号，是潜在反转观察点。  ### 当前行情与大A估值不便宜 (00:00:28 - 00:02:47) - 核心内容：   - 回顾2024年8月曾讲“明年春色倍还人”，但今年（2026年）没有重复这一判断，核心原因是大A估值依然不便宜。   - 此轮下跌回调约400点后，估值仍处于历史分位的70%左右，此前高点为83%；相比2019年“94周”的低估值水平，目前无法期待整体性大涨。   - 2026年整体判断是“做交易的一年”，尤其港股必须做右侧交易，买入后务必设好止损。   - 强调专业认知的差异：如同物理定律，不懂的人只有情绪，无法形成正确判断。 - 关键概念：   - 右侧交易：等趋势明确后再入场，而不是抄底左侧；需严格设置止损。   - 历史估值分位：当前估值在历史区间中的位置，70%意味着比历史上70%的时间都贵。  ### 中国资产重新定价的真相 (00:02:48 - 00:05:35) - 核心内容：   - 中国资产“重新定价”不是让所有散户的股票翻倍、翻三倍，而是核心资产（如沪深300、上证50）的温和重估。   - 打开沪深300、上证50等指数可见，它们处于历史高位；今年沪深300仅跌约4%
====SEG==== SESSION:20260406 SEG:【全章节标注+弹幕版】【Z哥录播】2026-4-6 扯淡局 - 4.p4(Av116358046025666,P4)_summary TSIZE:53521	### [价值投资核心要素与米尔上市价格问题] (00:00:00 - 00:02:48)  - 核心内容:   - 价值投资不需要学习MACD、KDJ等技术指标，只需关注宏观、行业、龙头和节奏四个方面。如果把行业和龙头都看懂，连宏观和节奏都可以忽略。   - 以米尔这家公司为例：2019年Z Talk视频中提到过，当时从9块一路涨到60多，后又调整到30多。公司刚上市时估值通常偏高，价值投资者不会在那个位置买入，因为刚上市时所有人都知道它是好公司，不存在价值挖掘。   - 价值投资的第一步是寻找被市场严重低估的有价值企业。如果在新股高位买入，买的是每年的复合增长率，那不叫价值投资，而是价值成长。  - 关键概念:   - **价值投资**：指在市场价格严重低于企业内在价值时买入，核心是等待市场错杀的机会。   - **价值挖掘**：寻找市场尚未发现的低估机会，而非在大家都看好的高位入场。  ---  ### [价值投资与价值成长的区别和建仓逻辑] (00:02:48 - 00:05:08)  - 核心内容:   - 价值投资与价值成长是两回事。彼得·林奇玩的是价值成长，即关注年度复合增长率；而真正的价值投资必须买在市场完全扭曲了其原本价值的点位。   - 以米尔为例，假设上市价20元，后跌到9元，对应当时的业绩（如PE约22-27倍）和复合增长率（30%以上），能算出在8-9元位置估值偏低，这才开始逐渐建仓。   - 价投不会在低位一次性满仓，而是越跌越买。如果认可企业的行业逻辑、龙头逻辑、行业节奏和交易节奏，会随着下跌逐步加仓。   - 卖出时机取决于逻辑的结束。比如诺基亚
====SEG==== SESSION:20260406 SEG:【全章节标注+弹幕版】【Z哥录播】2026-4-6 扯淡局 - 5.p5(Av116358046025666,P5)_summary TSIZE:23182	### [考公上岸与小镇青年生活观] (00:00:00 - 00:01:24)  - 核心内容:   - 粉丝分享：做TikTok电商全程代，投入30万新盘，纯利35万，但选择考公，成功上岸三线副处级职位。主播评价极高，认为考公上岸后在小镇就是“横着走”的存在。   - 在小镇生活中，唯一需要羡慕的对象是“县城好大哥”——开路虎、副驾经常换人。除他们之外，上岸的公务员就是最体面的。   - 主播强调人生不是为了工作，上岸后每晚回家玩游戏，工资发到60岁，这比做电商折腾要安稳得多，是最理想的生活状态。 - 关键概念:   - 小镇青年：指选择回到小城市/县城生活的年轻人，通过考公等方式获得稳定社会地位。   - 县城好大哥：当地开着路虎、生活方式令人羡慕的富裕群体，是小镇青年唯一需要仰望的对象。  ### [回应粉丝评论与追白羊女建议] (00:01:24 - 00:02:48)  - 核心内容:   - 粉丝"爱吃瓜的平头哥"问主播如何做到博学多才、风趣幽默，以及是否二十年前就这样。主播怀疑是阴阳怪气还是真心提问，表示如果是阴阳怪气就要拉黑，但后来确认是夸赞，表示很受用。   - 主播提到"十七张牌"和"二十万"，与直播互动中的梗或交易相关。   - 粉丝"泪哥"问白羊女怎么追，主播给出核心建议：白羊女不用追，她们如果喜欢你，会主动来追你。   - 补充说明：白羊座和射手座都是这个模式，真正喜欢你就会主动。 - 关键概念:   - 白羊女追法：不需要传统追求策略，白羊女性格直率主动，吸引她们的方式是让她们自己产生兴趣并主动靠近。  ### [灵宝苹果与小白鞋停产] (00:0
====SEG==== SESSION:20260406 SEG:20260406二楼第1部分_summary TSIZE:48085	### [开场唱歌与闲聊] (00:00:00 - 00:07:00) - 核心内容:   - 直播以唱歌开场，演唱了《别让我一个人醉》等歌曲，随后与观众闲聊，气氛轻松。   - 回应粉丝申请加微信的请求，提到每天加好友太多，让粉丝备注“zoe十一”以便通过；同时调侃“都是女粉”的说法，提醒大家不要轻易相信网络身份。   - 提到“二楼”进度、主播房间号166等直播相关话题，并预告即将开始正式内容。 - 关键概念:   - 二楼：指直播课程中的进阶内容或后续阶段，区别于“一楼”的基础内容。  ### [强调基本功，慢就是快] (00:07:00 - 00:10:16) - 核心内容:   - 强调基本功的重要性：虽然课程进度可以往后推，但因为最近回调剧烈，发现很多人基本功不扎实，所以要放慢速度，不要急于向前推进。   - 用体育类比说明复习基本功的必要性：高尔夫球手（Tiger Woods、Rory）每次挥杆前都要重新调整姿势；库里赛前热身也要反复投三分球；球员热身要颠球、传球。   - 指出交易中的基本功很简单：黄线之下卖，最多等一根。但很多人这轮回调并没有做到，因此继续教更多新技巧没有意义，容易变成空中楼阁。 - 关键概念:   - 慢就是快：看似放慢节奏复习基础，实际上能避免因基础不牢导致的更大回撤，长期看反而更快。   - 黄线之下卖，最多等一根：一种基础交易纪律——当价格跌破黄线（关键均线/趋势线）时卖出，最多等待一根 K 线确认，不恋战。  ### [活跃市值与筹码沉淀] (00:10:16 - 00:15:24) - 核心内容:   - 讲解活跃市值的另一种用法：
====SEG==== SESSION:20260406 SEG:20260406二楼第2部分_summary TSIZE:49750	### [市场洗盘节奏与筹码结构] (00:00:00 - 00:05:36)  - 核心内容:   - 当前市场处于洗盘阶段，回调是为了后续更扎实地上涨。主讲人认为此轮洗盘针对的是前期高点买入的浮筹，筹码从历史最高位置（约17.8万活跃市值）已洗掉约45%，筹码结构越洗越扎实。   - 以2024年8月行情为对比案例：虽然指数当时在3400点几乎横盘没跌（指数管理非常强势），但内部筹码实际已从17.8万洗到10万左右，洗掉近一半浮筹，所以能在九二四后直接启动大波段。当前市场需要复制这种"指数横盘、内部洗筹"的模式。   - 当前上证指数（九二四低点以来）呈现慢牛格局，指数不跌但内在结构在调整。只要浮筹未洗干净，上涨空间就受限，主力不会轻易拉升。  - 关键概念:   - 浮筹（不稳定筹码）：高位买入、容易被洗出的筹码，是上涨的阻力来源。   - 筹码交换/换手：通过洗盘让高位套牢者割肉卖出，筹码从散户转移到主力/坚定投资者手中的过程。   - 指数管理：主讲人认为当前指数走势被管理层（"龙队"）强力统筹控盘，指数能维持平稳而内部下跌的结构。   ### [起涨过急需要回调洗盘] (00:05:36 - 00:08:24)  - 核心内容:   - 本波从底部拉升得过急过快，没有充分换手，导致上方压力巨大。举例：有色板块未充分调整就被"春季躁动"行情直接拉起，所以涨不高，在4197点被压制下来，否则容易直接A杀下跌。   - 如果现在回调不到位就再次拉起，行情大概率涨到前高附近就结束，随即A杀，可预见的波段长度只有约一个月，不可持续。   - 理想走势是先下跌到前期平台附近（允
====SEG==== SESSION:20260406 SEG:AI文稿 TSIZE:0	
====SEG==== SESSION:20260408筹码理论在当今A股的应用 SEG:20260408第1部分_summary TSIZE:45583	### [伊朗局势与中美表态] (00:00:00 - 00:04:12) - 核心内容:   - 伊朗对美态度强硬，列出“美国傻逼”“美国巨傻逼”等条款，但主播强调重点不是这些，而是霍尔木兹海峡已通，形成双赢（win win）。   - 美股上周出现两次明显反弹，原因是前一晚中国表态；特朗普随后将功劳归于中国，主播分析其目的是怕伊朗反悔，希望伊朗看中国面子，因此特朗普已保持约12小时安静。   - 中国方面表态要“灵活”（flexible），主播调侃“一切功劳都是巴基斯坦的”，暗示地缘博弈中各方都在寻找台阶和利益平衡点。 - 关键概念:   - “Flexible（灵活）”：在当前中东局势中，中国的外交表态强调灵活性，避免过度卷入，同时促成海峡通航的实际结果。   - “双赢/win win”：伊朗与美国对抗言辞激烈，但最终海峡通畅的结果对各方都有利。  ### [联合国投票与俄乌调停] (00:04:12 - 00:06:04) - 核心内容:   - 联合国大会期间，中俄共同投出反对票，否决某项决议后离场，主播形容为“该干的干了，咱走了”。   - 提到俄乌谈判可能由塞尔维亚（口误称“五五七级”）调停，如果塞尔维亚突然飞莫斯科，可能意味着那边也要停火。   - 感叹“世界就是草台班子”“天底下没有新鲜事”，万事万物永远在循环。 - 关键概念:   - “草台班子”：形容国际政治和谈判往往看起来松散、随意，但背后有利益循环和博弈规律。  ### [小番茄的失恋与主唱女孩] (00:06:04 - 00:10:16) - 核心内容:   - 听众“可爱的小番茄”因失恋去附近城
====SEG==== SESSION:20260408筹码理论在当今A股的应用 SEG:20260408第2部分_summary TSIZE:45336	### [高尔夫练习的挫败与教练的教导] (00:00:00 - 00:04:40)  - 核心内容:   - 教练先让作者忘掉所有标准动作，改为“甩绳”放松，结果作者立刻找回了以前随意打球的感觉，打得很轻松。但放松随意挥杆不等于专业打法；随后教练让他重新做标准空挥，一上球又切地打不到，导致作者情绪崩溃，觉得自己花2500元一节的高尔夫课却学不会。   - 教练安慰他：其实他的空挥动作已经算标准了。教练自己是专业科班出身，在专业队时每天回宿舍空挥，半个学期都没真正入门。作者一个多小时只挥了四五十杆，而专业选手每天要挥500杆，连续练一年后，打疵（不符合要求的击球）的概率仍有50%；练到第二年，打疵概率才降到10%；要五年才能真正稳定下来。 - 关键概念:   - **专业训练量级**：高尔夫专业选手通过每天500杆、连续多年的大剂量重复训练，才能将失误率从50%降到10%并获得稳定出杆。作者借此强调“练得少却想打好”是不可能的。  ---  ### [高尔夫与股票：都需要长期苦练] (00:04:40 - 00:08:24)  - 核心内容:   - 作者从高尔夫的挫败联想到股票：模拟盘和盘后复盘时动作都对，一上实盘或真打球就出错，这不是天赋问题，而是练得太少。教练说“都这样，很正常”。   - 专业高尔夫选手不仅要挥杆，还要练髋关节动作——用臀部撞墙，右臀甩、左臀顶墙，能练到肿。作者自己也练了两周高强度球，小拇指伸不直、手指被磨肿，但依然会空挥打不到球。   - 股票也是如此，五年基本经历一个牛熊周期，和练高尔夫一样，需要长期积累基本功，不能急于求成。 - 关键概念:   -
====SEG==== SESSION:20260408筹码理论在当今A股的应用 SEG:20260408第3部分正课开始_summary TSIZE:55619	### 回应黑粉质疑，澄清组合配置 (00:00:00 - 00:02:48) - 核心内容:   - 主播回应黑粉“与其配置相同却回撤30%”的质疑，指出自己公开过的组合是：主仓李宁（约40%）、30%券商，另有煤炭（涨了30%+）、白酒（仅跌10%+），质疑对方“半仓白酒半仓券商”的说法与自己的配置完全不同。   - 强调自己曾多次提醒“配置、配置、配置”，并说明李宁从12元上涨近50%但为避免刺激亏损者没有反复宣扬。   - 要求黑粉通过B站后台私信晒出实际持仓，证明其亏30%的言论，否则认为是“尬黑”。 - 关键概念:   - 组合配置：主播自述的持仓结构，用于反驳黑粉不实指控。   - 尬黑：无事实依据的恶意批评，主播对此类言论态度强硬。  ### 强调防守反击策略，拒绝负能量 (00:03:16 - 00:06:32) - 核心内容:   - 主播重申“防守反击”策略：用“五四幺”“四五一”“四二三幺”等阵型比喻仓位结构，即用红利低波资产守住两侧，中间配置煤炭作为进攻（“中后卫”），煤炭不仅对冲了风险，还多赚了15%。   - 讽刺黑粉晒出的仓位中没有一个是自己的慢成组合，并拉黑了一位持续刷屏的恶意用户。   - 呼吁不要理会负能量，认为负能量会影响赚钱运势，提醒大家记住此前提到的“三点”提示，避免重蹈覆辙。 - 关键概念:   - 防守反击：一种以防御型资产为底仓、用部分进攻型资产博取超额收益的策略。   - 红利低波：防守端配置的低波动、高股息资产，用于稳定组合。   - 负能量：主播认为会干扰投资心态和运势的负面言论，主张主动屏蔽。  ### 引入筹码理论及来
====SEG==== SESSION:20260408筹码理论在当今A股的应用 SEG:20260408第4部分正课_summary TSIZE:54576	### [股价连日下跌，满盘被套] (00:00:00 - 00:02:19)  - 核心内容:   - 股价直接杀跌，此前形成的筹码峰未能向上突破，反而下行。关键支撑位 142 元被击穿，继续下探至 128 元；128 元处虽有抵抗并反弹，但最终再次跌破，导致该位置附近的抄底资金全部被套。   - 由于满盘被套，机构和散户均遭受损失，出现“多杀多”走势：上方套牢盘纷纷割肉出逃，加剧下跌。主力资金因体量大无法快速离场，只能被动承受。   - 128 元附近的前期资金曾试图“自救”，在该位置反复震荡约一个半月至两个月，但自救完成后再次大幅杀跌，将更多跟风抄底者套牢。   - 从筹码分布看，上方套牢盘层层叠叠：157 元、123 元等成本区均有套牢筹码，目前套牢盘比例高达 95.7%，短期内极难上涨。  - 关键概念:   - 多杀多：因股价下跌，原先的持股者（包括主力）互相割肉踩踏，导致股价加速下跌的现象。   - 满盘被套：几乎所有持仓者都处于亏损状态，上方存在层层套牢盘。  ---  ### [兄弟股筹码变化与出货判断] (00:02:20 - 00:04:11)  - 核心内容:   - 以“兄弟股”为例：该股在 5 月创出新高后回落，高位形成筹码峰，随后向下跳空杀跌破位。高位筹码峰如果向上突破，说明是新庄进场；如果向下破位，则说明该位置就是出货。   - 股价在下跌后形成新的筹码峰，这是机构、大资金或散户抄底形成的。若股价继续向下，该筹码峰对应持仓者开始松动割肉；低位出现“粉色”密集区（代表低位密集筹码）。   - 之后有资金进场做一波反弹，但反弹到 108 元附近的筹码
====SEG==== SESSION:20260408筹码理论在当今A股的应用 SEG:20260408第5部分正课_summary TSIZE:52598	### [筹码密集、双峰与选股应用] (00:00:00 - 00:07:28)  - 核心内容:   - 以一只股票为例，股价长期横盘后低位筹码密集，随后突破、回落、再突破，形成“双峰”形态。双峰意味着下方有一波主力，上方又来了新主力，两波资金先后进场。   - 在突破过程中观察“红长绿短”（阳线长、阴线短），筹码在397附近形成密集峰；继续上涨到458附近又形成一个峰。若能顺势向上突破，说明新的资金接力，属于“换庄”；若不能突破，则可能只是高位出货。   - 选股时强调“性价比/盈亏比”：如果股价已经涨到高位筹码密集区，如从58、60涨到500，此时买入只适合设好止损博一个反弹，不适合长期持有；低位买入才有成长性和安全边际。   - 用筹码变化辅助交易：例如成本在417附近，股价回踩该位置磨了2-3周后突破，说明这里有支撑；但若无法突破，则很危险。   - 筹码理论的最大价值在于“挖掘大牛股”：如果底部筹码（如成本15.56到13.30，峰值14.72）没有转移到上方，平台向上突破后仍可持有；一旦底部筹码基本转移完毕（约52%获利盘转移），就是离场信号。 - 关键概念:   - 筹码密集：大量持仓成本集中在某个价格区间，形成“筹码峰”，代表该位置有大量换手。   - 双峰：两个明显的筹码密集峰，通常对应两批不同时间进场的资金。   - 红长绿短：K线阳线实体长、阴线实体短，是筹码锁定良好、多方占优的形态。  ---  ### [主力行为与大牛股案例] (00:07:28 - 00:13:04)  - 核心内容:   - 筹码理论对缺乏耐心的散户意义有限，但对研究主力行为、量
====SEG==== SESSION:20260408筹码理论在当今A股的应用 SEG:20260408第7部分纯闲聊_summary TSIZE:16684	### [小米SU7与雨7的驾驶体验] (00:00:00 - 00:04:12)  - 核心内容:     - 博主盛赞小米SU7和“雨7”（YU7）续航能力极强：“上一次给雨7充电还是什么时候，我都忘了”“真能跑，巨能跑，开不完这个电”，完全没有任何里程焦虑。     - 强调SU7驾驶品质“超级丝滑”，并称愿意拿保时捷Panamera（帕美）来对比；同时澄清“小米没给我一分钱”，是自发好评。     - 对“驾驶感受1到10分”进行夸张比喻：帕美的驾驶感受是“四百多”，小米SU7盖版也很牛逼，“雨7”是开过的SUV里最牛逼的。     - 吐槽帕美：又沉又柴、冬天启动拐弯有“跟跟跟”的阿克曼角异响、费油、提速慢、不智能；并演示过车机切换MMI菜单要按半天、五秒钟，而爱7和苏7都有声浪，苏7还配有小爱同学。     - 认为年轻人拒绝小米SU7的唯一理由就是不喜欢小米这个品牌。     - 提到苏7有电子声浪可开闭；之前想把苏7卖掉是因为变成旧车想买新款，且苏7保值，卖掉后加不了多少钱就能换新，但因喜欢现在的“土土土色”（灰色）而犹豫。     - 推荐买苏7就买盖版，二十万左右，绝对好车。  - 关键概念:     - **雨7 / YU7**：疑似小米汽车第二款SUV车型，博主称其为“有史以来开过最牛逼的SUV”。     - **帕美**：保时捷Panamera的昵称。     - **阿克曼角**：车辆低温启动大角度转向时车轮因阿克曼几何设计产生的“跟跟跟”跳动现象。     - **盖版**：最低配版本。  ---  ### [小米与问界智驾差距及内饰评价] (0
====SEG==== SESSION:20260408筹码理论在当今A股的应用 SEG:2026040第6部分_summary TSIZE:47996	### [筹码理论：一波流与洗盘出货识别] (00:00:00 - 00:08:24)  - 核心内容:   - 筹码理论的关键是判断主力的**建仓**与**出货**，但对具体买卖点帮助有限。使用时必须结合**时间维度**，否则容易陷入“不知道要横盘多久”的困境。   - 通过案例区分“一波流”与“洗盘”走势：一波流中，低位筹码快速倒至高位后行情结束，不应再等待B点买入；洗盘则表现为“长阴短柱”、筹码峰不动，属于主力自拉自洗。   - 具体案例包括：光模块（筹码倒至高位后放弃）、AI GC（典型一波流，底仓8.64元，双头出货在21元，主力完美吃满波段）、三花（高位筹码转低位时可搏，但完全高位后放弃）、某券商案例（“不是顶就是底”）。   - 讲解“受伤庄股”概念：主力在低位建仓后被套，股价长期磨底，缺乏实力，需严格止损。  - 关键概念:   - **一波流**：主力从底部快速拉升，完成出货后行情结束，没有二次机会。   - **筹码密集/低位密集**：筹码在某一价格区间高度集中，常代表主力的建仓成本区。   - **长阴短柱**：下跌阴线但成交量很小，筹码未出逃，是洗盘特征。   - **穿越筹码**：股价上行时穿越上方密集筹码区，若无法有效突破则可能见顶。   - **受伤庄股**：主力建仓后被市场下跌套牢，股价长期低迷，难有表现。  ---  ### [止损重要性及外盘成本分析] (00:08:24 - 00:11:12)  - 核心内容:   - 在“不是顶就是底”的赌一把操作中，**必须设置止损**，赌的是突破后的一根K线，止损位设在B点附近。   - 面对粉丝建议
====SEG==== SESSION:20260408筹码理论在当今A股的应用 SEG:AI文稿 TSIZE:0	
====SEG==== SESSION:20260412下阶段主线与支线 SEG:20260412AI文稿 TSIZE:0	
====SEG==== SESSION:20260412下阶段主线与支线 SEG:20260412第1部分_summary TSIZE:13567	### [开场迟到与暖场] (00:00:00 - 00:03:15)  - 核心内容:   - 主播开场道歉，解释迟到原因：从工体“低库”往外出车时人太多，紧赶慢赶还是晚了一点。   - 调整现场氛围，换背景音乐，并和观众打招呼：“晚上好，哥儿几个”。   - 提到自己嗓子有点哑，原因是“气死了”，为后面批评比赛做铺垫。  - 关键概念:   - 无（纯开场闲聊）  ---  ### [怒批国安输球与裁判黑哨] (00:03:16 - 00:06:31)  - 核心内容:   - 主播情绪激动，批评国安输球，更气愤的是裁判“黑国安三场了”，认为裁判是“纯黑”。   - 指出第一个丢球是明显手球：进攻方不能用手，即使夹着球也算手球，但裁判没有判罚。   - 承认成都蓉城确实有实力，“确实踢不过”，并表示支持成都和申花夺冠。   - 分析国安阵容老化：“半半个阵容都36、37岁”，实力不足，很难赢球。   - 顺带教观众调音量：手机右侧音量按钮，按加号增大声音。  - 关键概念:   - 黑哨：指裁判故意偏袒一方的不公正判罚。   - 手球规则：进攻方球员任何部位接触球都算手球，即使是被动夹球也无效。  ---  ### [继续声讨裁判与手球判罚] (00:06:32 - 00:09:47)  - 核心内容:   - 主播吐槽裁判水平差：“现场两边都骂裁判傻逼”，说明裁判吹罚两边都不满意，各种反吹、找平衡。   - 重点强调：这个手球经过VAR回放后仍然判进球有效，属于“明着来”。   - 手球位置：有球迷认为打到腰部，但主播明确说“妥妥的手、妥妥的小臂”，并展示了画面。   -
====SEG==== SESSION:20260412下阶段主线与支线 SEG:20260412第2部分_summary TSIZE:43755	### [开场与看球气愤] (00:00:00 - 00:01:24)  - 核心内容:   - 开场问候，发现时间已晚（23:30），决定长话短说。   - 提到当晚看了足球赛：原本 1:0，随后被追成 1:1，最后 1:2 失利，感到气愤。   - 总结输球原因：一是实力不行，二是裁判有争议判罚（明显手球未吹）。认为“技不如人”是根本，不能只怪裁判。   - 由此引出态度：实力不行就要认，然后总结、提高。 - 关键概念:   - **Just game**：把失败当作一场比赛，承认差距，专注于后续改进。  ---  ### [上二楼原因与多头区间体感] (00:01:24 - 00:05:36)  - 核心内容:   - 说明今天“直接上二楼”的原因：从本轮 3800 点守住后的反弹来看，值得探讨主力资金攻击方向。   - 带大家一起回顾上周整体体感：行情进入多头区间后，无论用什么方法，赚钱都比之前空头区间“天天搓来搓去”容易得多，正反馈也更多。   - 强调要记住这种“球感”：多头区间容错率高，赚钱容易；下次进入空头区间时不要着急、不要乱动。   - 如果实在想练盘感，可以用小仓位玩，例如 10 万仓位拿出 5000 元，但切忌重仓、频繁换股。 - 关键概念:   - **多头区间 / 空头区间**：根据活跃市值（或专精图）判断的市场环境，决定交易策略。   - **容错率**：多头区间内失误后更容易回本或盈利，操作空间更大。   - **球感 / 盘感**：通过亲身体验积累的市场节奏感。  ---  ### [小薇现象：市场反复考验人性] (00:05:36 - 00:
====SEG==== SESSION:20260412下阶段主线与支线 SEG:20260412第3部分_summary TSIZE:46006	### [开场：要求百分百执行] (00:00:00 - 00:02:20) - 核心内容:   - 老师强调：所有讲过的知识点必须先百分百执行，再考虑后续的变化。批评了一些人在下跌时满仓扛住，低位害怕砍掉，涨了三天又着急追高的错误操作。   - 回顾之前说过的原则：低位筹码不要丢掉，等大盘转多后，低位筹码换低位筹码，或低位筹码反弹回去。这些都是讲过的内容，不要事后抬杠。   - 老师表达了对教学效果的无奈，如同老师面对“傻子”的心情；承认不可能让几万人都炒股很牛，就像不可能让所有学生上北大清华。如果有人不信或故意捣乱，可以选择不看。 - 关键概念:   - 低位筹码管理：指在低位买入的股票筹码，不应因恐慌而轻易丢弃，应等待大盘转多后的操作机会。   - 百分百执行：在掌握基础知识和纪律之前，不要自行发挥或怀疑，先严格按既定规则操作。  ### [用历史数据看当前行情] (00:02:20 - 00:05:08) - 核心内容:   - 通过历史数据验证当前行情：如果当前出现的6%涨幅是真实的，则去历史上找类似位置的K线组合。例如历史上有2.63% + 5.78% + 4.12%的组合，也有2.07% + 2.31%的组合，观察后续走势来确认信号可信度。   - 操作节奏：当出现类似“这根不信”的弱势K线时，应把手收紧；当三根之内涨幅达到4%时，可按照多头趋势去做；后续若再出现2.32%的上涨，则再收紧一次，坚持到大约某个位置。   - 强调在震荡磨底阶段，资金进出频繁，收紧操作时赚不到钱是正常的。未来技术成熟后可以赚到钱，例如创新药那波；但前提是严格遵守纪律，保留弹药，才能在
====SEG==== SESSION:20260412下阶段主线与支线 SEG:20260412第4部分_summary TSIZE:48988	我们只需要按照要求输出笔记。需要为每个话题分段生成详细逐段笔记。转录文本已经给出，话题分段也给出。我们要根据转录文本内容，为每个段落提取核心内容和关键概念。信息要完整，保留细节，用中文Markdown。  需要仔细阅读转录文本，对应每个时间段。由于转录文本可能有错别字/口语，需要理解并整理。我们要输出每个段落的标题、时间、核心内容要点、关键概念。  注意要求：每个段落输出: ### [段落标题] (HH:MM:SS - HH:MM:SS) - 核心内容: 2-4 条详细要点，尽量保留具体细节 - 关键概念: 本段提出的关键术语或概念及其解释  需要覆盖所有10个话题段落。我们逐段分析。  转录文本从00:00开始到00:59:44。话题分段： 1. [00:00:00 - 00:01:52] 重庆啤酒案例：S一信号与天亮出货 2. [00:01:52 - 00:04:12] 徐翔接盘后的自救与出货全过程 3. [00:04:12 - 00:07:28] S一的重要性与酒鬼酒案例引入 4. [00:07:28 - 00:10:44] 酒鬼酒：神秘放量下跌与又多出货 5. [00:10:44 - 00:14:00] 三个案例总结与解药：跌破平台即走 6. [00:14:00 - 00:16:48] 盯住个股筹码阶段与仓位配置 7. [00:16:48 - 00:19:36] 专精图看红绿砖节奏与二十厘米补丁 8. [00:19:36 - 00:22:24] 大盘节奏判断与活跃市值分析 9. [00:22:24 - 00:25:12] 心态与仓位匹配的提醒 10. [00:25:12
====SEG==== SESSION:20260412下阶段主线与支线 SEG:20260412第5部分_summary TSIZE:43557	### [强调风险与电力股出货形态] (00:00:00 - 00:03:16)  - 核心内容:   - 当前市场资金极度“吃独食”，行情不会泛化展开，板块表现极为分化；例如两个礼拜前的创新药大多一波拉升后就结束了，之后虽可能随科技反弹慢慢收绿砖，再给红砖，但只是轮动表现。   - 电力股出现“B一”信号时，即使筹码没出货也要看具体形态：明显次高点出货的位置要“稳一手”；阶梯量出货下杀到黄线之下不要碰；白线在黄线下方的反弹不碰；直接挖下来的不碰；连续三个红砖仍受黄线压制也不行。   - 指出选股要先看是否明显有阶梯量，如果阶梯量形态比较弱，说明主力出货未完，不确定性大。 - 关键概念:   - 次高点出货：股价反弹到前一个高点附近但未突破，出现放量出货的形态。   - 阶梯量：成交量呈现一级级递减或递增的阶梯状，反映主力有计划地出货或吸筹。   - 黄线压制：股价反弹始终无法突破黄线（通常为关键均线或成本线），说明抛压沉重。  ---  ### [看图技巧：异动、缩量与节奏] (00:03:16 - 00:05:08)  - 核心内容:   - 选股时要找“异动”：比如某票没有S一信号，但在某个位置突然缩量到一半量能，形成小阶梯，随后直接地量，再出现一根小红砖B一——这样的图形可以搏一把；但若没起来，一根红线后就要走。   - 长阴线（A叉）下来的票不要碰，尤其是阴线数量与面积在上下行中基本对称的形态，说明多空力量平衡，此时会出现“跳动式异动”，能看到建仓冲动。   - 看图的经验：异动表现为“咯噔来一下，莫名其妙又来一下”，顶部马上缩量，然后下来；多看图就能慢慢识别主力节奏
====SEG==== SESSION:20260415知行交易模块总结 SEG:2026-04-15_第1部分_summary TSIZE:44057	### [开场行情与交作业的欣慰] (00:00:00 - 00:03:16) - **核心内容**：   - 直播开场回顾近期行情：过山车式波动、强力洗盘、涨停与翻绿交替，学员中有“圣阳四个板”“赚了20%”“满仓全红”等作业反馈，整体氛围是吃到该吃的肉。   - 主播坦言有“一月份的感觉”，但这次不像一月份那么兴奋，更多是“欣慰”：大量老粉和次新（今年4月7日前后进来的粉丝）开始交作业，表示看懂了战法。   - 强调结果因人而异：每个人对战法理解、应用时间、悟性、运气、纪律执行能力不同，抢多抢少不同；但没有吃上的人要反思为什么踏空。 - **关键概念**：   - 交作业：学员将自己的交易记录/成绩反馈给主播，用于验证战法执行情况。   - 次新：指今年4月7日之后新加入的粉丝群体。   - 战法框架：一套基于砖图、均线、区间等信号的交易方法体系。  ### [强调防守与多头区间容错率] (00:03:16 - 00:05:08) - **核心内容**：   - 主播对学员的进攻能力“有数了”，但强调这一把“还是防守”，反复嘱咐“把钱揣兜里”。   - 解释多头区间的优势：择时处于多头区间时，B1、B2、B3、单针下二十、搬砖等策略“总是能赚的”，除非不开仓；容错率高，每天狂折腾也能赚钱。   - 对比空头区间的痛苦：在空头区间、黄线之下，一边卖一边买一边亏，很难受。   - 总结过去六个交易日（上周三到本周三）的经验：好票不等，如果抢到了人头，等一两天而已，别纠结；新粉要记住这种“多头区间好赚钱”的感觉。 - **关键概念**：   - 多头区间/空头区间：根据活跃市值或
====SEG==== SESSION:20260415知行交易模块总结 SEG:2026-04-15_第2部分闲聊_summary TSIZE:50832	### [开场互动与感谢观众] (00:00:00 - 00:03:16) - 核心内容：   - 主播回应“此律非彼律”等开场调侃，提及用镜子看自己像不像谢霆锋，不像就换工作。   - 感谢多位老朋友：宝木金月续提督（830天）、蒙古上单（生日局，封板20厘米）、陈之师兄、惊天伟地、Money Mouse等，欢迎他们到场。   - 陈之师兄分享经历：去年八月加入，之前走价投路线死拿，遇到18年机构抱团，但21-24年利润全部回吐，近期通过活跃市值找到交易感觉。   - 回应观众通过“专精图+白线+多头区间”抓到牛股，强调“有依据就行”。 - 关键概念：   - 无核心术语，主要为直播互动与粉丝维护。  ---  ### [散户被辞退与全职炒股讨论] (00:03:16 - 00:06:04) - 核心内容：   - 观众“散户一号”被辞退，被迫开始全职炒股，主播表示恭喜但强调“这不是长久之计”。   - 全职炒股最大的问题不是不可行，而是遇到空头趋势（如2月2日到4月7日）时很难受，容易被套。   - 建议：在活跃市值负值时可以去送外卖、跑滴滴、卖煎饼等“灵活就业”；等到市场转好（如+4%）再回来做。   - 核心观点：市场再差都有涨停股，但若全年只有两个月可交易，全职炒股会非常煎熬，不推荐。 - 关键概念：   - 活跃市值：衡量市场整体动能/可交易性的指标，正负值代表多空状态。   - 空头趋势：指市场整体下行、机会极少的阶段。  ---  ### [专精图与白线配合原则] (00:06:04 - 00:09:20) - 核心内容：   - 回答“小绿砖但大绿柱，量相对缩
====SEG==== SESSION:20260415知行交易模块总结 SEG:2026-04-15_第3部分sc_summary TSIZE:11972	### [劝诫粉丝勿借名号，澄清断章取义事件] (00:00:00 - 00:02:20) - 核心内容:   - 主播明确劝诫粉丝不要打着他的名号做自己的账号或起号，强调“出去别提我名字，跟我们一点关系都没有，彼此不认识”。   - 说明自己不拦着任何人赚钱，市场很大，各凭本事，但“别打着我的名号”，因为会坏自己名声。   - 举例此前“猴子节奏”事件：他在二楼提到二季度创新药，聊了三个方向、十家公司，但从未分析过这些公司，连图都没打开；有人做视频断章取义，吸引粉丝买入，结果节奏起来后都骂他坏名声。 - 关键概念:   - 断章取义：引用片段内容歪曲原意，导致他人名誉受损。  ### [祝福生病粉丝，调侃切胆变无胆] (00:02:20 - 00:03:16) - 核心内容:   - 粉丝“爱吃熊猫的竹子”因胆囊结石、胆囊炎住院，主播祝愿其早日康复。   - 调侃对方若切除胆囊将变成“无胆酒类”，并借此发挥：以后在“空头区间”该认怂就认怂，怂一点没毛病。 - 关键概念:   - 无胆（双关）：既指切除胆囊，也指投资中缺乏胆量、变得保守谨慎。  ### [聊防守足球：最爱穆里尼奥和西蒙尼] (00:03:16 - 00:04:40) - 核心内容:   - 主播表示最喜欢的两位足球主教练是穆里尼奥和西蒙尼，认为他们是“纯爷们儿”。   - 提到西蒙尼时隔15年再次率领马竞打入欧冠四强，靠的是防守，强调坚韧、顽强、毅力、防守扎实。   - 回忆年轻时因贝克汉姆被西蒙尼“假摔”坑了而讨厌西蒙尼，但随着年龄增长，反而觉得西蒙尼式的人物很牛逼，类似司马懿、曹操。 - 关键概念:   -
====SEG==== SESSION:20260415知行交易模块总结 SEG:2026-04-15_第4部分正题_summary TSIZE:32888	### [开场：盘面不重要，先梳理交易体系] (00:00:00 - 00:03:44)  - 核心内容:   - 当前大盘处于空头区间，盘面本身“最不重要”，一切按纪律执行即可，不需要过度解读短期波动。   - 本次课程的核心目标是梳理完整的交易体系，为学员日后建立自己的交易框架做准备，而非分析当下盘面。   - 提到之前讲过的“正态分布”等内容作为铺垫，准备展开体系化的模块讲解。  - 关键概念:   - 交易体系：由多个模块组成的完整决策系统，本次开始系统化梳理。  ---  ### [交易模块概览：五大买点] (00:03:44 - 00:06:32)  - 核心内容:   - 列出本体系的五大买点：B1、B2、B3、单针下三十、砖形图（专精图）。   - 强调“三十二十都行”是经过优化后的参数选择，不是固定不变的；专精图（砖形图）的“砖”字需要写正确。   - 这些买点是交易模块中的“买入”部分，后续会围绕它们展开详细用法。  - 关键概念:   - 五大买点：B1、B2、B3、单针下三十、砖形图（专精图）。   - 单针下三十：一个补票/上车类买点，后面会具体讲。  ---  ### [择时是最重要的模块] (00:06:32 - 00:11:40)  - 核心内容:   - 在五大买点之上，最重要的模块是“择时”。择时模块不仅重要，而且内容量最大。   - 除择时外，同样重要的是“止损”和“放飞”（即止盈/持有策略）。   - 应对部分包含 S1、DD、破白线、破黄线等具体动作。DD的定义是：高位的两根阴线，第二根收盘价低于第一根阴线的最低价。   - 强调防守优
====SEG==== SESSION:20260415知行交易模块总结 SEG:2026-04-15_第5部分正题_summary TSIZE:46070	### [应对的核心：没涨与赢赚亏] (00:00:00 - 00:05:08)  - **核心内容**：   - 应对行情最重要的两点是“没涨”和“赢赚亏”：要提前打出提前量，先立于不败之地，再谈止损和后续操作。老粉和四月七号之后的次新粉已能冷静做到“一二三”，踏空也无所谓，因为下跌之后就是上涨，上涨时每天都有票可选。   - 以二月二号开始的空头区间为例，很多人从一月开心到三月崩掉，原因是没有做到“放飞”模块。因为没放飞过，心态上下起伏后容易乱掉。例如持股盘中涨幅达8.5%，结合之前涨幅已超10%，若在7%-8%位置卖一半，收盘即使跌4%也是开心离开，保住了至少一半利润并遵守了交易纪律；否则可能平走甚至亏损。   - 放飞属于防守，类似于球类比赛中“前锋线像疯狗一样反抢”，即在进攻时就要做好防守。多头区间容错率高，只要不是在高位第五、六块砖追进去，低位买入问题不大。   - 散户常见心态是“卖了之后涨停怎么办”，但这是错误思维：这波已经赚到钱或没亏钱，后面涨停与自己无关；不能看到其他股票涨就想全部占有，正如大街上看到美女不能都娶回家。  - **关键概念**：   - **没涨**：指在股价尚未上涨时提前布局/应对，而不是等涨了再追。   - **赢赚亏**：交易中优先考虑不亏钱、保住利润，再考虑赚多少。   - **放飞**：防守性卖出，在上涨过程中分批止盈，锁定利润，防止后续回撤。  ---  ### [S一与滴滴的应对] (00:05:08 - 00:09:20)  - **核心内容**：   - S一（一种出货信号）的核心问题是“不信”。就像不信活跃市值的多空转换一
====SEG==== SESSION:20260415知行交易模块总结 SEG:2026-04-15_第6部分结束_summary TSIZE:9430	### [开场闲聊：不可能三角] (00:00:00 - 00:00:56)  - 核心内容:   - 股票投资存在“不可能三角”：短时间内大赚、稳定赚钱、安全，三者很难同时满足。   - 用房子类比：地段好、价格便宜、房型好也不可能兼得。   - 闲聊中提到“媳妇不够聪明，但大智若愚何尝不是聪明”，属于生活感悟。 - 关键概念:   - 不可能三角：指高收益、高确定性、高安全性无法兼得的投资约束。  ---  ### [早下播与高尔夫数据研究] (00:00:56 - 00:01:52)  - 核心内容:   - 今天十二点半早下播，提醒观众赶紧去睡觉。   - 主播要去研究当天高尔夫练习的数据，强调高尔夫非常讲究数据。   - 具体数据维度包括：角度、速度、侧旋等，案例很多，和研究股票的方法类似。   - 最后想起还有事忘记处理，引出下一段操作页面失误。 - 关键概念:   - 数据化研究：将高尔夫练习中产生的角度、速度、侧旋等数据像股票一样进行复盘分析。  ---  ### [操作页面失误] (00:01:52 - 00:03:16)  - 核心内容:   - 主播在直播中操作页面时遇到困难，觉得页面“好丑”。   - 尝试调整遮挡功能但一直弄不明白，反复折腾。   - 没有实质性的投资内容，属于技术性插曲。 - 关键概念:   - 无。  ---  ### [今日大盘趋势与板块分析] (00:03:16 - 00:04:40)  - 核心内容:   - 回顾周日分析：当时大盘红砖没有延续这么多，今天趋势很明显是前期获利盘了结。   - 重申板块体系：主线为AIDC（算力
====SEG==== SESSION:20260415知行交易模块总结 SEG:20260415AI文稿 TSIZE:0	
====SEG==== SESSION:20260419如何从产业视角看投资 SEG:20260419AI文稿 TSIZE:0	
====SEG==== SESSION:20260419如何从产业视角看投资 SEG:20260419二楼第1部分_summary TSIZE:40901	### [开场试音与设备吐槽] (00:00:00 - 00:00:56)  - 核心内容：   - 主播调试麦克风声音，反复确认“声音行吗”，并询问能否在三点半前结束直播，目标一点半前收播。   - 抱怨电脑风扇声较大，机器“有点累了”，并吐槽“LG不行，噪音太大”，暗示设备影响直播体验。 - 关键概念：   - 无（纯闲聊/设备调试）  ---  ### [解答宠物服饰小生意] (00:00:56 - 00:01:52)  - 核心内容：   - 有观众提问：对象因喜欢养小狗，很精心，尝试在宠物展会通过“ZB”（直播？）卖宠物服饰，已经出单、有摆件，感觉是方向，打算专门研究，问是否适合做小生意。   - 主播回答：如果一开始就有正反馈，可以试一试；如果一开始就很艰难，需要求人买、没涨反套，就有点难。   - 强调“简单的局部地区”不要投入太多，不要租门脸、雇员工；先简单跑起来，把生意模式跑通再说。 - 关键概念：   - 正反馈：指早期尝试中能获得积极市场响应（如出单、复购），是判断小生意可行性的关键信号。  ---  ### [处理弹幕与情感问题] (00:02:20 - 00:03:16)  - 核心内容：   - 主播回应弹幕“生气”，说自己“今真没犯了”，安抚现场情绪。   - 有位观众ID为“Young Nick Plus”提问：分手两月的前女友官宣新男朋友，自己还是很想她，给她发消息说“我可以等她”，对方回复“谢谢”。   - 主播调侃：如果我是你前女友，我也说谢谢；劝他应该感到开心，年轻多好；没必要“抱着贾玲不撒手”，真没必要。 - 关键概念：   - 无（情
====SEG==== SESSION:20260419如何从产业视角看投资 SEG:20260419二楼第2部分_summary TSIZE:47376	### 看懂图形与交易应对 (00:00:00 - 00:03:44)  - 核心内容:   - 看懂图形是交易基础：例如缩量回踩的“B点”图形，要能识别；市场上最终赚钱的人是通过不断自我思考、总结和“PUA自己”形成独立判断，而不是盲目轮动。   - 不要执着于满仓/半仓轮动：如果每天非要在几个票之间轮换，很可能恰好错过上涨；对于没涨也没跌的票，要么卖掉，要么换股。   - 交易核心是风险收益比：在关键位置（如B点）计算向下和向上的概率，决定是否参与；参与后采用“三分之一、三分之一、三分之一”分批建仓：先买1/3，回踩确认再加1/3，横盘企稳后再加满。   - 止损就是应对：买入后若跌破关键位（如黄线、击穿对手盘），再等一天确认，不行就“拍掉”（止损）。坚持概率优势，不停做交易，总有一次能做成，之后就能看懂更多机会。 - 关键概念:   - **风险收益比**：潜在盈利空间与潜在亏损空间的比值，用于判断一笔交易是否值得参与。   - **分批建仓**：把总仓位分成几份，分多次买入，避免一次性买在最高点，降低持仓成本波动风险。   - **对手盘**：指关键支撑位/筹码密集区；击穿对手盘意味着多头结构被破坏，需要考虑止损。  ---  ### 散户的弱点与应对之道 (00:03:44 - 00:07:56)  - 核心内容:   - 散户典型心理弱点：在该相信时不信——例如4月7日低位建议加仓、上3838点发微博提示加仓时，散户总是不信、极度看空；在不该信时却信了——涨起来后追高。同时存在“集群效应”，在群里跟风，一有波动就恐慌。   - 行情与机构逻辑：去年（2025年）是估
====SEG==== SESSION:20260419如何从产业视角看投资 SEG:20260419二楼第3部分_summary TSIZE:26926	### 天赋与努力的讨论 (00:00:00 - 00:01:52) - 核心内容:   - 天赋在多数领域并非决定性因素：以考试为例，80分以上靠把老师教的基本功学好、多刷题即可拿到（除最后大题外），不需要天赋。   - 以高尔夫为例：普通人不需要追求大师赛冠军，在民间赛场打出低于标准杆5-10杆、接近七十多杆就足够；泰格·伍兹有天赋，但普通人可通过努力达到够用的水平。   - 主播自我评价：在B站球鞋视频、财经内容上不属于有天分的人，而是勤奋型；自称“大力出奇迹”，包括做球鞋视频、聊财经都是顺其自然获得“三年百大”成就，靠的是努力而非天赋。 - 关键概念:   - 大力出奇迹：用远超常人的努力去砸、去投入，弥补天赋不足，最终获得成果。  ### 人性弱点与交易纪律 (00:01:52 - 00:03:44) - 核心内容:   - 人性中最普遍也最难跨越的弱点：把自己已经得到的当成理所应当，把没得到的当成失去；这种心态会干扰交易决策。   - 案例：一位朋友（发Q二）家里做农业，砸几千万买地，不是想明年回本，而是做长远布局，体现产业资本思维。   - 交易纪律案例：有人去年因没有严格止损和减仓，亏到12月；今年1月开始严格遵守纪律，到4月扭亏为盈。   - 另一案例：有人去年做年化10%，因年底活跃市值从30跌到10，主播认为“很正常”，关键是要把心态放平。 - 关键概念:   - 交易纪律：严格止损、减仓等规则化操作，是扭亏为盈的核心。   - 长远布局思维：不从短期回报看待投入，而是按产业逻辑做长期规划。  ### 直播心态与未来计划 (00:03:44 - 00:06
====SEG==== SESSION:20260422MACD SEG:2026-04-22_第1部分_summary TSIZE:46492	### 开场行情与心态 (00:00:00 - 00:04:40) - 核心内容:   - 主播提醒最近行情好，很多人“飘了”，强调市场永远在循环：有勇气的人能抢到更多，保守的人可能活得更长；当前赚钱与否不代表未来。   - 用“春风得意马蹄疾，一日看尽长安花”形容赚钱的人；对没赚钱的人说“后面要大条”，要享受当下，好坏都是因果。   - 引用前国安俱乐部老板罗宁的话：“谁也别牛逼，牛逼完就傻逼；别看你现在傻逼，明天就牛逼”，说明市场涨跌循环不变。   - 收到大量老粉和次新粉发来的作业、净值曲线，想上电视；主播劝大家低调，因为飘了之后一旦犯错容易“熄火”。 - 关键概念:   - 市场心态循环：激进与保守风格各有优劣，强调平常心，不要因短期盈亏过度自信或沮丧。  ### 引入MA洗地指标 (00:04:40 - 00:07:28) - 核心内容:   - 今天要讲的重要指标是“MA洗地”（转录原文，疑为MACD）；几乎所有炒股教材中，均线MA之后第二个就是它，但直接学没有意义，因为初学者意识不到价值。   - 该指标的经典理论在主播多年实践后，认为与传统用法有差别；举例“黄河旋风”用MA洗地画线：马上面临金叉空、死叉多，把散户弄得一愣一愣。   - 最近一次“金叉空”是3月10日的活跃市值，让大家切身感受了金叉空的概念；MA洗地的“死叉多”和“金叉空”是期货上非常核心的用法。   - 提示：如果认真听今天的讲解，之前提到的“信某什么玩意儿”和“学某什么玩意儿”就能一下子通透。 - 关键概念:   - MA洗地：转录中的术语，疑为MACD指标。MACD由快线、慢线和柱状图组成，
====SEG==== SESSION:20260422MACD SEG:2026-04-22_第2部分正题_summary TSIZE:49422	### MACD的重要性与学习时机 (00:00:00 - 00:03:16)  - 核心内容:   - MACD是除均线外最重要的技术指标，几乎所有股票软件默认打开就是MACD；但单看MACD没有用，所有人都会看金叉、死叉、红绿柱、背离，无法形成优势。   - MACD必须结合之前讲过的战法使用，作为“外事不决”的最终参考依据；它拥有一票否决权，在所有指标验证完后回看MACD，可以增加操作依据。   - 为什么放在现在讲：一开始学MACD不会用，因为散户刚入市只想抓涨停、做短线，没有波段概念；被套后自然变长线，但那时体会不到MACD的价值。经历过一年、两年、半年的方法积累后，再拿到MACD才能理解它的作用。   - MACD的参数本身就是一个完整波段的参数（如26、9），因此它是衡量波段的核心工具；已有五种武器后，加上这个最基础的东西，就能打通用法。  - 关键概念:   - 一票否决权：MACD可以作为最终决策依据，其他信号都指向操作时，MACD能够直接否定或确认。  ---  ### MACD基础：红绿柱与零轴多空 (00:03:16 - 00:08:24)  - 核心内容:   - 可使用默认参数，并额外添加提示点：白线上穿零轴标红点，白线下穿零轴标绿点；这套设置也适用于期货交易。   - 红柱区间代表上涨波段/多头区间，绿柱区间代表下跌波段/空头区间；红柱最长时往往对应股价阶段高点，随后红柱缩短，最后变绿。   - 白线叫DIFF（快线），黄线叫DEA（慢线），主要参考白线。白线上穿零轴，可界定为市场进入多头区间；白线在零轴下方，则处于空头区间。   - 案例：当前大
====SEG==== SESSION:20260422MACD SEG:2026-04-22_第3部分案例_summary TSIZE:46181	### [抄底摸顶的难度与大顶确认] (00:00:00 - 00:01:52) - 核心内容:   - 抄底摸顶极难：每次背离“摸一手”看似能摸到顶，但实际操作价值很低，因为大多数时候摸不到，容易反复亏损。   - 以利弗摩尔（Livermore）为例：他总爱摸顶，但经常摸不到，因此多次破产，说明摸顶策略风险极大。   - 大A见顶的判断不纠结于顶部那两百点：大顶一定对应大趋势的结束，关键是黄线分水岭和MA（均线）体系。   - 加速段是最肥的肉：在顶部区域若过早离场，会错过最后加速上涨的利润，如阿轲上周的加速段。 - 关键概念:   - 背离摸顶：利用顶背离信号尝试做空/逃顶，但失败率高。   - 大趋势结束：大顶必然对应长期趋势的终结，而非局部调整。  ### [MACD背离与金叉空、死叉多] (00:01:52 - 00:04:12) - 核心内容:   - 背离之后还能再背离，但总有一次是真的：机构会在不断背离中分批出货，不能因为一次背离就断定见顶。   - 期货市场的第三个用法：金叉空、死叉多。   - 金叉空定义：价格反弹至前高附近，MACD快线（白线）即将金叉但未能形成，白线拐头向下，意味着下跌趋势延续。   - 死叉多定义：下跌过程中快线即将死叉但未形成，白线拐头向上，红柱重新放大，往往是洗盘而非股灾，不应恐慌卖出。   - 应用心态：遇到疑似死叉时“先不要表态”，因主力可能直接跳空高开，避免被洗下车。 - 关键概念:   - 金叉空：金叉没有成功，白线拐头向下，预示下跌继续。   - 死叉多：死叉没有成功，白线拐头向上，预示上涨继续/洗盘结束。  ### [
====SEG==== SESSION:20260422MACD SEG:2026-04-22_第4部分下半场开始_summary TSIZE:46889	### [开篇：交易细节与案例引入] (00:00:00 - 00:03:16)  - 核心内容:   - 强调任何行业最终比拼的都是细节和少犯错误，交易领域尤其如此；听得越多越能体会到“魔鬼在细节里”。   - 有学员反思“核心为量与价，量乃根本，价何为是”，老师认为这种说法很模糊，但鼓励大家通过每天复盘总结，逐渐形成自己的交易框架。   - 本节课继续讲解MACD下半场内容，通过多个实际案例来演示如何结合成交量、MACD、专行图等工具进行选股和应对。 - 关键概念:   - **交易框架**：由每日复盘中的“误”不断积累，最终形成的个人交易规则体系。  ---  ### [高位MACD翻绿，白线位置B1不可靠] (00:03:16 - 00:11:12)  - 核心内容:   - 案例图形本身“好看”（成交量、形态都不错），但之后股价下跌；B1信号出现在白线之上，专行图也走坏。   - 讲解“白线位置不可靠”：个股上涨后出现B1洗到白线附近时，往往对应MACD红柱变绿柱（死叉）的位置，此时买入信号可靠性低。   - 若后续再起一波，必须看到白线重新翻上去并创新高，否则只是反弹。   - 高位MACD红柱和白线已处于历史高位，若再向上意味着可能是历史级别最猛的一次爆发，概率很小。   - B1能否进场？可以，量价配合好时可赌一根涨停，但必须设好止损；案例中有人买入后获利8%，按纪律应“放飞”。   - B2位置风险更高：既要赌第二天能高开“插上”，还要赌走出历史最高级别的多头行情；发生在多头区间绿柱位置的涨停/大阳线多为诱多，需小心。   - 具体案例：股价最高68元，B2位
====SEG==== SESSION:20260422MACD SEG:20260422AI文稿 TSIZE:0	
====SEG==== SESSION:20260422MACD SEG:2026-04-23_第5部分_summary TSIZE:45006	我们 need produce notes. Need follow user instructions: 根据转录文本和话题分段, for each segment output markdown. Need Chinese. Need include core content detailed points and key concepts. Transcriptions have some profanity, can clean. Need be accurate with timestamps. We need generate detailed notes per segment. Need parse content.  We have 16 segments: 1 00:00:00-00:01:24 送分底与顶背离识别 2 00:01:24-00:05:08 B/S点识别与阶梯量判断 3 00:05:08-00:08:24 B一交易价值与应对策略 4 00:08:24-00:11:12 红柱多头区间与专精图数砖 5 00:11:12-00:14:28 危险案例应对与最佳买入图形 6 00:14:28-00:20:32 顺周期建仓、极限博弈与股票非零和 7 00:20:32-00:23:20 风险提示与人生赌选择 8 00:23:20-00:26:36 概率优势与交易纪律 9 00:26:36-00:30:20 心态调整与经验积累 10 00:30:20-00:36:24 极限买点与惯性原理 11 00:36:24-00:40:36 MACD作为决策顾问 12 0
====SEG==== SESSION:20260422MACD SEG:2026-04-23_第6部分_summary TSIZE:10936	### [极限博弈与濒死洗盘] (00:00:00 - 00:01:24) - 核心内容:   - 市场本质是极限博弈，主力资金会刻意将价格打压到“濒死”状态，让持仓者觉得行情已死，从而洗掉不坚定的筹码。   - 举例说明：主播每次下播都会掉大量观众，说明人的耐心和信心在极端压力下非常脆弱，盘面洗盘同理。   - 强调所有参与者都在互相“掏兜”，因此走势往往先反向插针（极限位）再拉回，制造极致恐慌后再启动。 - 关键概念:   - **极限博弈**：多空双方在极端价位反复较量，直到一方崩溃。   - **濒死洗盘**：通过剧烈打压让持仓者误以为趋势结束，从而交出筹码。  ### [筹码理论回顾与关键点位] (00:01:24 - 00:03:16) - 核心内容:   - 回顾一个月前用“筹码理论”判断三千八点能稳住，核心逻辑是增量资金与套牢筹码的交换过程。   - 关键点位梳理：当前上方压力位分别为三千九、四千二；下方低点已确认，若有效突破四千二，则可能打开上行空间。   - 指出突破四千二意味着“存款搬家”效应出现，即场外资金大规模入市，但具体路径（怎么上）无法预判。 - 关键概念:   - **筹码理论**：通过分析不同价位的成交量分布，判断支撑压力及资金换手情况。   - **存款搬家**：居民存款大规模转移至股市，成为推动行情上涨的增量资金来源。  ### [指数拉抬过于集中与风险提示] (00:03:16 - 00:04:40) - 核心内容:   - 当前指数拉抬过于集中在少数权重/主线上，主力“变聪明了”，既能完成拉动指数的任务，又避免让太多人搭上顺风车。   
====SEG==== SESSION:20260426从产业资本看投资 SEG:0426AI文稿 TSIZE:0	
====SEG==== SESSION:20260426从产业资本看投资 SEG:20260426文字稿 TSIZE:0	
====SEG==== SESSION:20260426从产业资本看投资 SEG:2026-04-27_00-24-33_summary TSIZE:51754	我们只需要根据转录文本和话题分段生成笔记。每个段落包含核心内容要点和关键概念。要详细，保留细节。注意时间戳对应。输出Markdown。需要覆盖所有20个段落。转录文本中有些内容对应话题分段。我们仔细分段。  话题分段： 1. [00:00:00 - 00:02:20] B一选股逻辑与主力切换 2. [00:02:20 - 00:04:40] 互动祝福与老粉感谢 3. [00:04:40 - 00:07:00] 散户看不懂概念股与轮动行情选股方法 4. [00:07:00 - 00:09:20] 荣耀上市与手机行业困境 5. [00:09:20 - 00:11:40] 游戏机硬件与造船业投资逻辑 6. [00:11:40 - 00:15:52] 中国汽车品牌溢价困境与营销差距 7. [00:15:52 - 00:19:08] 外资车企捡现成与中国电车需团结 8. [00:19:08 - 00:21:28] 比亚迪汉L观感与闲聊互动 9. [00:21:28 - 00:25:12] 点评方程豹与情感问题解答 10. [00:25:12 - 00:27:32] 板块定义与直播日常插曲 11. [00:27:32 - 00:31:16] 天狼软件无用与交易经验更重要 12. [00:31:16 - 00:35:00] 否认推广直播间与心态坦然 13. [00:35:00 - 00:38:16] 老粉见证真诚与黑子质疑 14. [00:38:16 - 00:42:00] 感情建议：别拖暧昧，影响精力 15. [00:42:00 - 00:46:40] 穿越牛熊的多种形态与真心被误解 16
====SEG==== SESSION:20260426从产业资本看投资 SEG:2026-04-27_01-24-43_summary TSIZE:45721	### [开场闲聊：假鞋鉴定与新股账户] (00:00:00 - 00:01:24)  - 核心内容:   - 论坛网友让博主看假鞋，提到“动物园”（动物园批发市场），调侃网友年纪小，自己很懂行。   - 弹幕提到“青银”说中了新股账户翻倍，博士生涯唯一乐趣是每周听直播；博主建议先把小账户慢慢做大，不要靠新股翻倍就加大投入。   - 提到最近很多后台朋友中了新股（大约四万多），账户翻倍；博主说自己从小玩“单卡S B”（可能指球鞋或卡片），真假一眼能看出来。 - 关键概念:   - 无特定术语，主要是闲聊，强调慢慢做大的投资心态。  ---  ### [回应弹幕：红参、羽毛球教练与玩笑] (00:01:24 - 00:03:16)  - 核心内容:   - 回应弹幕“红参怎么买不到了”：表示不知道，反问“红参没了吗”。   - 有人问“您打羽毛球，径直回撤赖教练，和票跌了赖你，算不算师门传承？”博主澄清没有赖教练，只是开玩笑；真实原因是羽毛球教练在亦庄（李宁），自己在首都体育学院，太远所以不去。   - 解释不去是因为已经能稳定赢朋友了，并承认自己是在吹牛逼，让大家听出来。 - 关键概念:   - 无特定术语，体现博主喜欢开玩笑、记仇的人设。  ---  ### [炒股是和自己斗，按框架执行] (00:03:16 - 00:05:36)  - 核心内容:   - 博主说自己从小不怪老师、不怪师傅，学习没考好是因为没认真学习；作业白天写完，回家玩，考试不复习，所以愿意给全年级做复习提纲，靠此复习。   - 做股票多年后领悟：交易是和自己斗，不要期望每阶段都完美；不存在完美的交易，比
====SEG==== SESSION:20260426从产业资本看投资 SEG:2026-04-27_02-24-43_summary TSIZE:49657	### [斗草爱好与A股做空警告] (00:00:00 - 00:05:08) - 核心内容:   - 讨论烟斗烟草（斗草）口味：提到“泥煤味”像“点点酒”，以及“Peter”品牌的泥煤味草——醒草15分钟后气味仍浓，但一点燃就消失；还提到“九六五经典”款，认为比水烟便宜、臭皮革味与泥煤味的混淆。   - 解释为什么不钓鱼：北京水系少、鱼塘少，公园（颐和园、玉渊潭、北海）不让钓，只有大爷在亮马河等地钓；自己目前玩高尔夫，未来“没准过两年开始钓鱼”。   - 抱怨北京春天杨柳絮导致过敏，不停揉鼻子和眼睛。   - 回应弹幕“F二三可以做空吗”：大A做空没意义，因为当前多头是“龙队”（国家队/护盘资金），做空等于“玩命”，劝大家听话。   - 推荐斗草购买渠道：日本免税店或中国免税店。 - 关键概念:   - 斗草：烟斗用烟草。   - 龙队：指维护A股市场的主力多头资金。  ---  ### [单针替代专精图的择时逻辑] (00:05:08 - 00:07:56) - 核心内容:   - 回应“单针能否替代专精图做无损择时”：做熟练后可以，但现阶段“一律择时，别乱来”。专精图选出的股票若因大盘下跌而回落，通常第二、三天会回来；举例此前教学后遇到教育股政策利空，主力顺势洗盘一天，随后大幅拉升。   - 指出空仓也不对：活跃市值处于多头区间，空仓会踏空，应按自己节奏来。   - 雪茄入门建议：不要选古巴雪茄（味道太浓郁），推荐“懒胜三”品牌，先买一支试抽一半即可。 - 关键概念:   - 专精图：某种高胜率选股图形模式。   - 单针：另一种短线择时信号/策略。   - 活跃市值多头
====SEG==== SESSION:20260426从产业资本看投资 SEG:2026-04-27_03-24-42_summary TSIZE:30410	### 券商每年行情的规律与市场逻辑 (00:00:00 - 00:05:08)  - 核心内容:   - 主讲人曾在券商自营部门工作，熟悉券商板块的玩法：每年券商股总会有一两波行情。若当年市场整体是大年（资管、白酒、医药、消费等都赚钱），券商往往在最后被拉一波，以“杀涨停”结束；若当年其他板块都不行，也会合力拉券商来一波。   - 券商股启动常无明确利好，可能突然拉起来，然后“巴萨涨停”结束，再横盘，再窜一根假诱多。行情好时龙头股可翻倍，其他个股涨50%-70%；行情不好时龙头涨约50%，其他个股涨约30%。   - 主讲人强调不是推荐，自己买券商是因为“足够便宜”。他把科技行情比作“外面骚”，家里有“贤妻”（券商底仓），外面没严打就出去玩，严打了就回家，意思是资金会在科技和券商之间轮动。   - 券商筹码主要在机构手里（券商资管、自营盘），是否拉升取决于政策需要。当前领导要求科技先行，券商要“保驾护航”；一旦拉券商，会从其他高估值、有想象力、属于新质生产力方向的板块抽血。举例：东方财富见顶当天成交额达900亿，加上中信证券四五百亿，券商板块整体见顶那天至少需要3000亿，占市场成交量十分之一，吸血效应极强。 - 关键概念:   - 券商自营：券商用自己的资金买卖股票，对市场节奏有直接影响。   - 杀涨停：快速拉涨停后出货，形成阶段顶部。   - 吸血效应：券商大涨需要巨量资金，会从其他题材板块抽离资金。  ### 大A政策导向与“指哪打哪”的监管信号 (00:05:08 - 00:08:52)  - 核心内容:   - 大A的核心逻辑是为中国经济发展服务。当前首要任务是国
====SEG==== SESSION:20260429三种常用战法摸底考 SEG:2026-04-29_20-34-36_summary TSIZE:38293	### [开场与考试规则说明] (00:00:00 - 00:04:40)  - **核心内容**:   - Z哥透露出题过程远超预期：原本预计2小时完成出题，结果仅三个部分中的第一部分就花了一个半小时，因此直播延后开始。他打球回来还没吃饭，一直在出题，先吃饭再开考。   - 展示了电脑上的《黄冈秘卷》试题，称一会儿插入直播电脑中，并调侃"没复习，不需要复习，复习也不会嘛"。   - 公布考试规则：满分100分，考不到60分就"销户"；上次期中考试是80分以下销户，他反问上次80分以下的观众还有没有坚持到现在的。   - 强调今天卷子比上次难，属于综合考量，60分以上说明在市场里还能"残喘半年"，60分以下就销户，出去别提他名字。  - **关键概念**:   - 销户：考试不及格的惩罚措施，指退出市场/清仓离场。   - 黄冈秘卷：Z哥自编的模拟考试题集，用于测试观众对交易知识的掌握。  ---  ### [成绩与实战、近期交易状态] (00:04:40 - 00:08:52)  - **核心内容**:   - 回答观众疑问：考80分不一定能挣钱，但80分以下销户的概率极低。他正在吃饭，出题耗时3小时。   - 互动了解近期交易状况，观众回复包括："很不错、一抛七、回血、赚钱、有转机、大涨、忐忑、套空、小赚、屡创新高、熄火"等。   - Z哥坦言自己最近没赚上钱："没法买个股"，因为行情集中在极少数股票上（"一小撮"），没有特别精准的标的，基金也没转到。   - 提到近期个股机会主要在"单针下20、下30"和"专情图"模式，但他慢了半拍，"无济于事"。观众说"完爆老曾"，他回
====SEG==== SESSION:20260429三种常用战法摸底考 SEG:2026-04-29_21-29-24-开始考题_summary TSIZE:37111	### [开场：小鼓与何然瑶瓷器定位] (00:00:00 - 00:02:20) - 核心内容：   - 介绍“小鼓”是入门级瓷器窑口，定位为“交朋友”，让用户花很少的钱感受景德镇青花瓷的魅力；直播中作为引流款，后面才进入高端窑口何然瑶。   - 何然瑶定位为“准一线”，一线品牌是“春小九”：春风祥玉、小雅、九段生；何然瑶的“春风相遇”系列价格区间为1.7万-16万，均价2.5万-5万，柴窑系列属于高端货。   - 建议多数人用小鼓就足够；一两万的瓷器容易磕碰，主播自己有时也改用玻璃器皿以防损坏。 - 关键概念：   - 小鼓：入门级、低价格、交友型瓷器。   - 何然瑶：准一线高端瓷器窑口。   - 春小九：一线窑口“春风祥玉、小雅、九段生”的简称。  ### [考试总纲：三大战法与分值构成] (00:02:20 - 00:05:36) - 核心内容：   - 考试包含三大战法：B一、砖墙图（专精图）、单针下三十；其中砖墙图可以涵盖B一、B二和单针下三十的内容，因此出题占比最多。   - 分值构成：B一10道题，每题3分，满分30分；砖墙图17道题，每题2分，满分34分；单针下三十12道题，每题3分，满分36分；总分100分。   - 所有题目都是认知题/决策题，需要自己判断选择，没有ABCD选项。 - 关键概念：   - 三大战法：B一、砖墙图、单针下三十。   - 砖墙图（专精图）：综合多种技术信号、可嵌套其他战法的图形体系。  ### [答题要求与B一出题规则] (00:05:36 - 00:08:52) - 核心内容：   - 答题技巧：熟练者看题两秒内凭第一感觉判
====SEG==== SESSION:20260429三种常用战法摸底考 SEG:2026-04-29_22-29-34_summary TSIZE:36418	### [开场与初段专精图题组] (00:00:00 - 00:04:40)  - 核心内容:   - 开场强调“专精图”第一块红砖很少在B一位置启动，虽然存在但属于小概率事件；本部分题目“不看钩”，即不用看MACD等指标来判断。   - 第一道题标准答案是“不干”，老师会稍后讲原因；第二道题是“送分题”，标准答案是“干”，因为图形是B一结构。   - 第三道题被强调为“有难度但经常犯错”，都是学生平时交作业的真实案例；标准答案是“绝逼不能干”，并提醒“猛干”的人就是这样亏钱的。   - 本轮共5道题，每题2分，满分10分；目前还没有人拿满分，老师表示失望，并提到后续考试很难，习题都来自大家常犯的错误。 - 关键概念:   - **专精图**：一种技术图形模式，第一块红砖启动位置通常不在B一，需结合趋势判断。   - **B一**：某种底部/买点位置标记（后续会详细讲解判断标准）。   - **干/不干**：即“买入/不买入”的简称。  ---  ### [B一位置判断与筹码集中陷阱] (00:04:40 - 00:07:28)  - 核心内容:   - 第六题是“送分题”，提到B一在二十七分、专两分时很标准；老师强调要熟练运用不同市场波段对应的方法，不同位置赚不同波段的钱。   - 正确答案是“不干”；有些人若“不干”的灵感来自某张图，说明有悟性，稍后统一讲解。   - 另一道题：很多人打“干”也有人打“不干”，但标准答案是“绝逼不能干”；老师质问“你们看不懂吗？”，并指出这就是为什么老亏钱。   - 关键点：筹码集中也要看筹码是集中在散户手里还是机构手里；如果三连错反而是好
====SEG==== SESSION:20260429三种常用战法摸底考 SEG:2026-04-29_23-29-34_summary TSIZE:50144	### [分数门槛与知行合一] (00:00:00 - 00:02:48)  - 核心内容：   - 考试分数与能力关系：60分以上接近70分，说明三种方法已能灵活切换，基本算“入门”；70分以上也不一定赚钱，因为后面还有执行、应对和心态问题。   - 具体应对场景：第二天大幅低开/高开怎么办；上涨过程中突然一根洗盘阴线跌7~8个点怎么办；买入后一直横盘但不破白线要不要等。这些问题比“选不选”更关键。   - 60分以下，尤其是56分上下，说明认知还没到位，账户大概率不好，建议“回炉”；很多人“知”字还没整明白就不及格，却天天“行”，最后“熄火”。   - 强调“知行合一”：选股只是第一步，会买、会卖、会控心态才是持续赚钱的核心。  - 关键概念：   - **知行合一**：知道与做到要统一；考试分数代表认知，但实际盈利还取决于后续应对与心态控制。  ---  ### [孙总闲聊与还壶插曲] (00:02:48 - 00:04:12)  - 核心内容：   - 孙总报告“逼湖”已在三月份全部还清，魏哥感叹“几百个湖终于搓完了”，并提到这应是去年十二月的事。   - 孙总称自己“押住雷布斯”，魏哥调侃“你就是在这位置抄了很多人底”，让他出去别说认识自己，并吐槽“配置配置，还是他妈的配置”。   - 澄清两人关系：孙总之前送过三个壶，魏哥当是“老客户赠品”，但两人从未见过面；被外人说成“剧情套路”，魏哥表示无奈。  - 关键概念：   - 无（闲聊插曲，不含交易术语）。  ---  ### [单针下三十答疑] (00:04:12 - 00:06:04)  - 核心内容：   - 答
====SEG==== SESSION:20260429三种常用战法摸底考 SEG:20260429AI文稿 TSIZE:0	
====SEG==== SESSION:20260429三种常用战法摸底考 SEG:2026-04-30_00-29-34_summary TSIZE:41742	### [第八题：出货形态与止损空间判断] (00:00:00 - 00:01:51)  - 核心内容:   - 图中四根K线形态非常难看，通过筹码观察能看到明显有人在出货。   - 该位置没有标准S1，但存在一个次高点的出货K线，需要警惕。   - 盈亏比位于白线与黄线之间；向下测算止损空间约10%，需提前计算盈亏比是否合理。   - 第二天高开直接拉起，实际操作中很难找到舒服的买入点，追高容易被套。   - 后面的B1信号简单可看；另有S1、S2反复压着出货，K线面积显示抛压明显，不应搏反弹。 - 关键概念:   - S1/S2：出货信号，S1为第一次出货，S2为第二次出货，出现后应回避。   - 盈亏比：预期盈利空间与止损空间的比值，低于合理水平时不参与。  ---  ### [第九题：无序横盘图不参与] (00:01:52 - 00:03:15)  - 核心内容:   - 这种B1图形不建议操作。原因在于前面筹码上来后又下去，反复交换，毫无趋势可能性。   - 属于典型的无序横盘：拉起来就下，下去又拉，方向完全不明确。   - 有学员问“为什么没涨”，答案就是这种图形本身不具备上涨逻辑。 - 关键概念:   - 无序横盘：K线上下乱走、无规律、无庄家运作痕迹，参与价值低。  ---  ### [可做案例：黄线交易价值与量价正常] (00:03:16 - 00:05:07)  - 核心内容:   - 这根K线“可以干”的原因有三个：黄线位置有交易价值；面积上红长绿短；放量并不异常。   - 叠加当时有题材催化（如山东鲁超等），可以博取反弹。   - 该位置盈亏平衡点/盈亏
====SEG==== SESSION:20260429三种常用战法摸底考 SEG:2026-04-30_01-29-41_summary TSIZE:36853	我们只需要按照要求，为每个话题段落生成详细笔记。需要基于转录文本。转录文本是口语化的股票教学视频。我们要为每个段落提取核心内容和关键概念。注意时间戳。输出Markdown中文。  段落标题已经给出。要保留细节、数值、名称、步骤、例子。关键概念解释。  我们逐段整理：  1. [00:00:00 - 00:00:56] 放量出货与量能不足的图 内容：比较图，上涨放量、量随价升正常。到高位放大量出货，筹码上移。虽然有14%的大阳线但量能不够，对比前面是半量。不看这种图。前面一倍拉升后横盘反复逆位的都不看，必须大哥带量重新做量堆，否则连解套都难。  要点：量价关系、出货特征、半量、量堆。  2. [00:00:56 - 00:02:48] 三角形整理的好图标准 内容：三角形整理收敛缩量，向上突破应放量。价格高点抬高，量也同步抬高。三根量价同步。下方三角形收敛，来根背量柱（倍量柱？转录文本"背浪柱"可能是"倍量柱"），是特别好的突破点。量能与前面高点量能级别相同。选这种好图。  要点：三角形整理、缩量收敛、突破放量、量价同步、倍量柱。  3. [00:02:48 - 00:06:04] 太完美的图可能是陷阱 内容：图很刻意、逼真，收敛没问题，但是太红了。放在20年前没问题，现在2.5亿股民，两千万人会做三角形突破，所以能骗人。考题越来越难。看到太完美要警惕，太努力了，八成是骗你。真突破不会再回来。这张图叫"几逆太美"，不是太完美。  要点：太完美陷阱、三角形突破普及、主力刻意做图。  4. [00:06:04 - 00:08:24] 三波不做与B浪关系 内容：三波不做。位置偏低做就做了
====SEG==== SESSION:战法 SEG:选股 TSIZE:0	
====SEG==== SESSION:战法 SEG:主图副图指标 TSIZE:0	
