"Code"	"Module"	"Label"	"CorpusSessions"	"CorpusHits"	"KnowFiles"	"KnowHits"	"Verdict"	"KnowList"	"CorpusList"
"M0"	"择时"	"活跃市值"	"54"	"609"	"12"	"35"	"已覆盖"	"trading-core.md; key-candles.md; indicators.md; advanced-patterns.md; position-management.md; heuristics.md; market-macro.md; workflow.md; sell-discipline.md; reference\thresholds.md; strategies\choppy-market-sop.md; framework-extraction.md"	"20251112仓位管理如何大幅提升赚钱效率（周三晚8）; 20260209务必高度重视川子喊单10万点~; 20251116重点板块视察~; 20260211节前答疑时间; 20251208老主线的新叙事！; 20260322 砍柴，挑水，做饭; 20260415知行交易模块总结; 20260316 先破坏，再建设。（周日晚八）; 20260404 二楼补钟：重要一课; 20260408筹码理论在当今A股的应用; 20260325 砖型图的三种定式（周三晚7点30）; 20260224展望节后行情如何演绎？; 20250924散户都给我删掉这五种思维！（周三晚八开）; 20260419如何从产业视角看投资; 20250423; 20260202 喝茶聊聊天~; 20251012川子又来搞事情了？（周日晚八）; 20260422MACD; 20250906厦门二楼~; 20251201msfdc~; 20260412下阶段主线与支线; 20260426从产业资本看投资; 20251029沉舟千帆，步步为营。（周三晚八）; 20250910牛市偷懒法～（周三晚八开）; 20260105 中国消费：谁先变革谁早超生！（日晚八）; 20251126Z家军之每日5步极简工作流精讲（三晚8）; 20251214扯淡局~; 20251103下一个“比亚迪”在哪里？（周日晚八）; 20260107 B2买点案例精讲（周三晚八）; 20251105期中考试（周三晚八）; 20251119为你的“知行合一账户”充值～（周三晚八）; 20260404重要一课（周六晚八）; 20251110扯会儿淡~; 20260406; 20260114  打窝结束！如何变阵？; 20251217为什么说散户输在没有交易节奏（周三晚八）; 20260429三种常用战法摸底考; 20250922全网独家解析大A暗战！; 20251022独门对称战法看透主力真实意图（周三晚八）; 20251210成交量与股价最真实的关系 （周三晚八）; 20250702（周三晚8）; 20250903今天才有点儿内个意思~（周三晚八开）; 20250716百战案例砸实基本功（晚八点半开）; 20260220瑜伽裤战法; 20251203交易中如何调整“手紧手松”？（周三晚八）; 20260219 进阶】如何大幅提高选股的成功率; 20251027牛市里的三大散户魔咒（周日晚九半）; 20260204  当前环境下最好的交易策略~; 20260318砖型图的核心用法（周三晚八）; 20260311九篇心法精讲（十年后版） 周三晚九; 20260304 为什么又被炸成德A兰？（周三晚八）; 20260121开枝散叶，踏准节奏; 20251123蛋比时间~; 20251020枪林弹雨的十月该如何应对？（周日晚八）"
"M0"	"择时"	"多头区间"	"17"	"118"	"2"	"4"	"薄弱"	"indicators.md; signal_dictionary.md"	"20260211节前答疑时间; 20260322 砍柴，挑水，做饭; 20260415知行交易模块总结; 20260316 先破坏，再建设。（周日晚八）; 20260404 二楼补钟：重要一课; 20260408筹码理论在当今A股的应用; 20260325 砖型图的三种定式（周三晚7点30）; 20260419如何从产业视角看投资; 20260422MACD; 20260412下阶段主线与支线; 20260426从产业资本看投资; 20260404重要一课（周六晚八）; 20260406; 20260330 全面推演美军若地面取胜概率（周日晚八）; 20260429三种常用战法摸底考; 20260318砖型图的核心用法（周三晚八）; 20260304 为什么又被炸成德A兰？（周三晚八）"
"M0"	"择时"	"空头区间"	"19"	"195"	"5"	"8"	"已覆盖"	"life-decision.md; indicators.md; position-management.md; life-decision-research.md; reference\thresholds.md"	"20260211节前答疑时间; 20260322 砍柴，挑水，做饭; 20260415知行交易模块总结; 20260316 先破坏，再建设。（周日晚八）; 20260404 二楼补钟：重要一课; 20260408筹码理论在当今A股的应用; 20260325 砖型图的三种定式（周三晚7点30）; 20260419如何从产业视角看投资; 20260422MACD; 20260412下阶段主线与支线; 20251126Z家军之每日5步极简工作流精讲（三晚8）; 20260404重要一课（周六晚八）; 20260406; 20260330 全面推演美军若地面取胜概率（周日晚八）; 20260429三种常用战法摸底考; 20251203交易中如何调整“手紧手松”？（周三晚八）; 20260204  当前环境下最好的交易策略~; 20260318砖型图的核心用法（周三晚八）; 20260304 为什么又被炸成德A兰？（周三晚八）"
"M0"	"择时"	"只卖不买"	"31"	"114"	"2"	"4"	"薄弱"	"position-management.md; reference\thresholds.md"	"20251112仓位管理如何大幅提升赚钱效率（周三晚8）; 20260211节前答疑时间; 20260322 砍柴，挑水，做饭; 20260415知行交易模块总结; 20260316 先破坏，再建设。（周日晚八）; 20260404 二楼补钟：重要一课; 20260408筹码理论在当今A股的应用; 20260325 砖型图的三种定式（周三晚7点30）; 20260224展望节后行情如何演绎？; 20260419如何从产业视角看投资; 20251004双线战法的核心逻辑（10.4晚八开）; 20251231最难一课之击穿对手盘！; 20251012川子又来搞事情了？（周日晚八）; 20260422MACD; 20260412下阶段主线与支线; 20250910牛市偷懒法～（周三晚八开）; 20251103下一个“比亚迪”在哪里？（周日晚八）; 20251119为你的“知行合一账户”充值～（周三晚八）; 20260404重要一课（周六晚八）; 20251110扯会儿淡~; 20260406; 20251217为什么说散户输在没有交易节奏（周三晚八）; 20251022独门对称战法看透主力真实意图（周三晚八）; 20251203交易中如何调整“手紧手松”？（周三晚八）; 20260219 进阶】如何大幅提高选股的成功率; 20260204  当前环境下最好的交易策略~; 20251009闲聊; 20260318砖型图的核心用法（周三晚八）; 20260304 为什么又被炸成德A兰？（周三晚八）; 20260121开枝散叶，踏准节奏; 20251020枪林弹雨的十月该如何应对？（周日晚八）"
"M0"	"择时"	"择时"	"41"	"241"	"7"	"16"	"已覆盖"	"trading-core.md; advanced-patterns.md; macro\etf-strategy.md; sell-discipline.md; reference\thresholds.md; six-tracks-2026.md; strategies\choppy-market-sop.md"	"20251116重点板块视察~; 20251221茶人小叙~; 20250819如何买到当日最强？（周二晚八开）; 20260415知行交易模块总结; 20260316 先破坏，再建设。（周日晚八）; 20260404 二楼补钟：重要一课; 20260325 砖型图的三种定式（周三晚7点30）; 20260224展望节后行情如何演绎？; 20250423; 20250601端午特训第二期; 20251012川子又来搞事情了？（周日晚八）; 20250720闭门会bbb; 20251201msfdc~; 20260412下阶段主线与支线; 20260426从产业资本看投资; 20250910牛市偷懒法～（周三晚八开）; 20260105 中国消费：谁先变革谁早超生！（日晚八）; 20251126Z家军之每日5步极简工作流精讲（三晚8）; 20250824牛市未来如何逃顶？（周日晚八）; 20251214扯淡局~; 20250709大富翁之夜交易的节奏（晚八开）; 20260107 B2买点案例精讲（周三晚八）; 20250430; 20251105期中考试（周三晚八）; 20260404重要一课（周六晚八）; 20251110扯会儿淡~; 20250618创新药五大方向（周三晚九开; 20260406; 20250514; 20260330 全面推演美军若地面取胜概率（周日晚八）; 20260429三种常用战法摸底考; 20251022独门对称战法看透主力真实意图（周三晚八）; 20251210成交量与股价最真实的关系 （周三晚八）; 20250702（周三晚8）; 20250716百战案例砸实基本功（晚八点半开）; 20260220瑜伽裤战法; 20250531端午特训第一期; 20251203交易中如何调整“手紧手松”？（周三晚八）; 20260219 进阶】如何大幅提高选股的成功率; 20260204  当前环境下最好的交易策略~; 20260318砖型图的核心用法（周三晚八）"
"M0"	"择时"	"容错率"	"27"	"72"	"7"	"8"	"已覆盖"	"advanced-patterns.md; position-management.md; signal_dictionary.md; heuristics.md; stock-glossary.md; strategies\choppy-market-sop.md; trend-lines.md"	"20251208老主线的新叙事！; 20250819如何买到当日最强？（周二晚八开）; 20260415知行交易模块总结; 20260404 二楼补钟：重要一课; 20260408筹码理论在当今A股的应用; 20260325 砖型图的三种定式（周三晚7点30）; 20250924散户都给我删掉这五种思维！（周三晚八开）; 20251004双线战法的核心逻辑（10.4晚八开）; 20251231最难一课之击穿对手盘！; 20260422MACD; 20250720闭门会bbb; 20260412下阶段主线与支线; 20250910牛市偷懒法～（周三晚八开）; 20251103下一个“比亚迪”在哪里？（周日晚八）; 20250709大富翁之夜交易的节奏（晚八开）; 20260107 B2买点案例精讲（周三晚八）; 20260404重要一课（周六晚八）; 20260301 10张难看图形绝不能碰！（周日晚八）; 20260112 当前行情下5种散户常犯错误！（周日晚八）; 20251006三大高爆发力的B2买入法（10.6晚八）; 20260330 全面推演美军若地面取胜概率（周日晚八）; 20260429三种常用战法摸底考; 20250531端午特训第一期; 20251203交易中如何调整“手紧手松”？（周三晚八）; 20260318砖型图的核心用法（周三晚八）; 20260311九篇心法精讲（十年后版） 周三晚九; 20260121开枝散叶，踏准节奏"
"M0"	"择时"	"池子"	"23"	"82"	"2"	"2"	"薄弱"	"trading-core.md; strategies\choppy-market-sop.md"	"20251112仓位管理如何大幅提升赚钱效率（周三晚8）; 20260211节前答疑时间; 20251221茶人小叙~; 20251208老主线的新叙事！; 20250819如何买到当日最强？（周二晚八开）; 20260415知行交易模块总结; 20260408筹码理论在当今A股的应用; 20251229茶人小叙~; 20260422MACD; 20251029沉舟千帆，步步为营。（周三晚八）; 20250824牛市未来如何逃顶？（周日晚八）; 20251103下一个“比亚迪”在哪里？（周日晚八）; 20260107 B2买点案例精讲（周三晚八）; 20250430; 20251105期中考试（周三晚八）; 20250618创新药五大方向（周三晚九开; 20250514; 20250922全网独家解析大A暗战！; 20250702（周三晚8）; 20250716百战案例砸实基本功（晚八点半开）; 20251027牛市里的三大散户魔咒（周日晚九半）; 20260121开枝散叶，踏准节奏; 20251123蛋比时间~"
"M0"	"择时"	"主线"	"54"	"313"	"11"	"39"	"已覆盖"	"trading-core.md; business-judgment-research.md; business-judgment.md; market-macro.md; stock-glossary.md; macro\etf-strategy.md; workflow.md; portfolio-management.md; reference\thresholds.md; strategies\choppy-market-sop.md; framework-extraction.md"	"20251116重点板块视察~; 20260211节前答疑时间; 20251221茶人小叙~; 20251208老主线的新叙事！; 20260415知行交易模块总结; 20260316 先破坏，再建设。（周日晚八）; 20260404 二楼补钟：重要一课; 20250806大盘调整期如何找到强壮宝宝（周三晚八开）; 20250907九月锦囊+二楼（周日晚八开）; 20250924散户都给我删掉这五种思维！（周三晚八开）; 20260419如何从产业视角看投资; 20251004双线战法的核心逻辑（10.4晚八开）; 20251231最难一课之击穿对手盘！; 20250601端午特训第二期; 20251229茶人小叙~; 20260202 喝茶聊聊天~; 20260422MACD; 20250906厦门二楼~; 20250914如何做一位斗牛士？（周日晚八点十分）; 20250720闭门会bbb; 20260412下阶段主线与支线; 20260426从产业资本看投资; 20251029沉舟千帆，步步为营。（周三晚八）; 20250910牛市偷懒法～（周三晚八开）; 20251126Z家军之每日5步极简工作流精讲（三晚8）; 20250824牛市未来如何逃顶？（周日晚八）; 20251103下一个“比亚迪”在哪里？（周日晚八）; 20250709大富翁之夜交易的节奏（晚八开）; 20260107 B2买点案例精讲（周三晚八）; 20251105期中考试（周三晚八）; 20260404重要一课（周六晚八）; 20250626填坑补充; 20251110扯会儿淡~; 20250618创新药五大方向（周三晚九开; 20250827指数贡献策略防踏空（周三晚八）; 20260406; 20250625特训坑里起好货; 20250514; 20251217为什么说散户输在没有交易节奏（周三晚八）; 20260429三种常用战法摸底考; 20250922全网独家解析大A暗战！; 20251022独门对称战法看透主力真实意图（周三晚八）; 20251210成交量与股价最真实的关系 （周三晚八）; 20250702（周三晚8）; 20250716百战案例砸实基本功（晚八点半开）; 20260220瑜伽裤战法; 20250531端午特训第一期; 20251027牛市里的三大散户魔咒（周日晚九半）; 20260204  当前环境下最好的交易策略~; 20260318砖型图的核心用法（周三晚八）; 20260121开枝散叶，踏准节奏; 20250730重要的防卖飞策略（周三晚八）; 20251123蛋比时间~; 20251020枪林弹雨的十月该如何应对？（周日晚八）"
"M0"	"择时"	"支线"	"7"	"38"	"2"	"2"	"薄弱"	"trading-core.md; reference\thresholds.md"	"20260415知行交易模块总结; 20260422MACD; 20260412下阶段主线与支线; 20260426从产业资本看投资; 20251119为你的“知行合一账户”充值～（周三晚八）; 20260429三种常用战法摸底考; 20251123蛋比时间~"
"M0"	"择时"	"备胎"	"5"	"13"	"0"	"0"	"★缺失"	""	"20260415知行交易模块总结; 20260412下阶段主线与支线; 20251126Z家军之每日5步极简工作流精讲（三晚8）; 20251103下一个“比亚迪”在哪里？（周日晚八）; 20251110扯会儿淡~"
"M0"	"择时"	"答应"	"6"	"18"	"2"	"2"	"薄弱"	"trading-core.md; reference\thresholds.md"	"20260415知行交易模块总结; 20250924散户都给我删掉这五种思维！（周三晚八开）; 20250601端午特训第二期; 20260412下阶段主线与支线; 20260426从产业资本看投资; 20251110扯会儿淡~"
"M0"	"择时"	"卡两截"	"1"	"2"	"0"	"0"	"★缺失"	""	"20260415知行交易模块总结"
"M0"	"择时"	"空仓"	"37"	"116"	"5"	"20"	"已覆盖"	"life-decision.md; indicators.md; trading-psychology.md; life-decision-research.md; strategies\choppy-market-sop.md"	"20260211节前答疑时间; 20250611特训（周三晚八）; 20260322 砍柴，挑水，做饭; 20260404 二楼补钟：重要一课; 20250806大盘调整期如何找到强壮宝宝（周三晚八开）; 20260408筹码理论在当今A股的应用; 20260325 砖型图的三种定式（周三晚7点30）; 20260224展望节后行情如何演绎？; 20250924散户都给我删掉这五种思维！（周三晚八开）; 20250423; 20260202 喝茶聊聊天~; 20260426从产业资本看投资; 20250606充电直播; 20251126Z家军之每日5步极简工作流精讲（三晚8）; 20250824牛市未来如何逃顶？（周日晚八）; 20251103下一个“比亚迪”在哪里？（周日晚八）; 20251119为你的“知行合一账户”充值～（周三晚八）; 20260404重要一课（周六晚八）; 20250507; 20251110扯会儿淡~; 20250827指数贡献策略防踏空（周三晚八）; 20260406; 20250625特训坑里起好货; 20250514; 20251224底部暴力K线擒大牛; 20260114  打窝结束！如何变阵？; 20250831神仙打架我散如何应对？（周日晚九点半开）; 20260330 全面推演美军若地面取胜概率（周日晚八）; 20251217为什么说散户输在没有交易节奏（周三晚八）; 20260429三种常用战法摸底考; 20250922全网独家解析大A暗战！; 20251022独门对称战法看透主力真实意图（周三晚八）; 20251203交易中如何调整“手紧手松”？（周三晚八）; 20260318砖型图的核心用法（周三晚八）; 20260304 为什么又被炸成德A兰？（周三晚八）; 20251123蛋比时间~; 20251020枪林弹雨的十月该如何应对？（周日晚八）"
"M1"	"买点"	"B1"	"61"	"1157"	"25"	"158"	"已覆盖"	"improvement-system.md; trading-core.md; three-best-principles.md; key-candles.md; indicators.md; advanced-patterns.md; position-management.md; breathing-theory.md; signal_dictionary.md; heuristics.md; market-macro.md; stock-glossary.md; four-rhythms.md; macro\etf-strategy.md; trading-psychology.md; workflow.md; portfolio-management.md; iron-butterfly.md; sell-discipline.md; harness.md; reference\thresholds.md; six-tracks-2026.md; strategies\choppy-market-sop.md; trend-lines.md; framework-extraction.md"	"20251112仓位管理如何大幅提升赚钱效率（周三晚8）; 20260209务必高度重视川子喊单10万点~; 20260211节前答疑时间; 20260322 砍柴，挑水，做饭; 20250819如何买到当日最强？（周二晚八开）; 20260415知行交易模块总结; 20260404 二楼补钟：重要一课; 20250806大盘调整期如何找到强壮宝宝（周三晚八开）; 20260408筹码理论在当今A股的应用; 20260325 砖型图的三种定式（周三晚7点30）; 20250917主力出货的五种经典方式（周三晚八开）; 20250907九月锦囊+二楼（周日晚八开）; 20250924散户都给我删掉这五种思维！（周三晚八开）; 20250423; 20250813内部交流; 20251004双线战法的核心逻辑（10.4晚八开）; 20251231最难一课之击穿对手盘！; 20250601端午特训第二期; 20251229茶人小叙~; 20251012川子又来搞事情了？（周日晚八）; 20260422MACD; 20250914如何做一位斗牛士？（周日晚八点十分）; 20260412下阶段主线与支线; 20250910牛市偷懒法～（周三晚八开）; 20260105 中国消费：谁先变革谁早超生！（日晚八）; 20251126Z家军之每日5步极简工作流精讲（三晚8）; 20250824牛市未来如何逃顶？（周日晚八）; 20250723麒麟会如何运作一个票？（周三晚八）; 20250709大富翁之夜交易的节奏（晚八开）; 20260107 B2买点案例精讲（周三晚八）; 20250430; 20251015关键K的重要价值（周三晚八）; 20251105期中考试（周三晚八）; 20251119为你的“知行合一账户”充值～（周三晚八）; 20260404重要一课（周六晚八）; 20250626填坑补充; 20250618创新药五大方向（周三晚九开; 20260112 当前行情下5种散户常犯错误！（周日晚八）; 20260406; 20250625特训坑里起好货; 20250514; 20251006三大高爆发力的B2买入法（10.6晚八）; 20251217为什么说散户输在没有交易节奏（周三晚八）; 20260429三种常用战法摸底考; 20250922全网独家解析大A暗战！; 20251022独门对称战法看透主力真实意图（周三晚八）; 20251210成交量与股价最真实的关系 （周三晚八）; 20250716百战案例砸实基本功（晚八点半开）; 20260220瑜伽裤战法; 20250531端午特训第一期; 20251203交易中如何调整“手紧手松”？（周三晚八）; 20251027牛市里的三大散户魔咒（周日晚九半）; 20260204  当前环境下最好的交易策略~; 20251009闲聊; 20260318砖型图的核心用法（周三晚八）; 20260311九篇心法精讲（十年后版） 周三晚九; 20260304 为什么又被炸成德A兰？（周三晚八）; 20260121开枝散叶，踏准节奏; 20250730重要的防卖飞策略（周三晚八）; 20251123蛋比时间~; 20251020枪林弹雨的十月该如何应对？（周日晚八）"
"M1"	"买点"	"B2"	"49"	"460"	"15"	"64"	"已覆盖"	"trading-core.md; three-best-principles.md; advanced-patterns.md; signal_dictionary.md; heuristics.md; market-macro.md; stock-glossary.md; four-rhythms.md; trading-psychology.md; workflow.md; portfolio-management.md; sell-discipline.md; reference\thresholds.md; strategies\choppy-market-sop.md; framework-extraction.md"	"20251112仓位管理如何大幅提升赚钱效率（周三晚8）; 20260209务必高度重视川子喊单10万点~; 20260211节前答疑时间; 20260322 砍柴，挑水，做饭; 20250819如何买到当日最强？（周二晚八开）; 20260415知行交易模块总结; 20260404 二楼补钟：重要一课; 20250806大盘调整期如何找到强壮宝宝（周三晚八开）; 20260408筹码理论在当今A股的应用; 20260325 砖型图的三种定式（周三晚7点30）; 20250907九月锦囊+二楼（周日晚八开）; 20250924散户都给我删掉这五种思维！（周三晚八开）; 20250813内部交流; 20251004双线战法的核心逻辑（10.4晚八开）; 20251012川子又来搞事情了？（周日晚八）; 20260422MACD; 20250914如何做一位斗牛士？（周日晚八点十分）; 20250910牛市偷懒法～（周三晚八开）; 20260105 中国消费：谁先变革谁早超生！（日晚八）; 20251126Z家军之每日5步极简工作流精讲（三晚8）; 20250824牛市未来如何逃顶？（周日晚八）; 20260107 B2买点案例精讲（周三晚八）; 20250430; 20251015关键K的重要价值（周三晚八）; 20251105期中考试（周三晚八）; 20251119为你的“知行合一账户”充值～（周三晚八）; 20260404重要一课（周六晚八）; 20260112 当前行情下5种散户常犯错误！（周日晚八）; 20260406; 20250625特训坑里起好货; 20250514; 20260114  打窝结束！如何变阵？; 20251006三大高爆发力的B2买入法（10.6晚八）; 20251217为什么说散户输在没有交易节奏（周三晚八）; 20260429三种常用战法摸底考; 20251022独门对称战法看透主力真实意图（周三晚八）; 20250702（周三晚8）; 20250716百战案例砸实基本功（晚八点半开）; 20260220瑜伽裤战法; 20250531端午特训第一期; 20251203交易中如何调整“手紧手松”？（周三晚八）; 20251027牛市里的三大散户魔咒（周日晚九半）; 20260204  当前环境下最好的交易策略~; 20251009闲聊; 20260318砖型图的核心用法（周三晚八）; 20260311九篇心法精讲（十年后版） 周三晚九; 20260121开枝散叶，踏准节奏; 20250730重要的防卖飞策略（周三晚八）; 20251123蛋比时间~"
"M1"	"买点"	"B3"	"28"	"173"	"10"	"35"	"已覆盖"	"trading-core.md; three-best-principles.md; advanced-patterns.md; signal_dictionary.md; stock-glossary.md; trading-psychology.md; sell-discipline.md; reference\thresholds.md; strategies\choppy-market-sop.md; framework-extraction.md"	"20251112仓位管理如何大幅提升赚钱效率（周三晚8）; 20260209务必高度重视川子喊单10万点~; 20260211节前答疑时间; 20260322 砍柴，挑水，做饭; 20260415知行交易模块总结; 20260404 二楼补钟：重要一课; 20250907九月锦囊+二楼（周日晚八开）; 20251004双线战法的核心逻辑（10.4晚八开）; 20250914如何做一位斗牛士？（周日晚八点十分）; 20250910牛市偷懒法～（周三晚八开）; 20251126Z家军之每日5步极简工作流精讲（三晚8）; 20260107 B2买点案例精讲（周三晚八）; 20250430; 20251015关键K的重要价值（周三晚八）; 20251105期中考试（周三晚八）; 20251119为你的“知行合一账户”充值～（周三晚八）; 20260404重要一课（周六晚八）; 20260406; 20250625特训坑里起好货; 20251006三大高爆发力的B2买入法（10.6晚八）; 20250702（周三晚8）; 20260220瑜伽裤战法; 20250531端午特训第一期; 20251203交易中如何调整“手紧手松”？（周三晚八）; 20251027牛市里的三大散户魔咒（周日晚九半）; 20260204  当前环境下最好的交易策略~; 20251009闲聊; 20260318砖型图的核心用法（周三晚八）"
"M1"	"买点"	"B一"	"76"	"1588"	"0"	"0"	"★缺失"	""	"20251112仓位管理如何大幅提升赚钱效率（周三晚8）; 20251116重点板块视察~; 20260211节前答疑时间; 20251221茶人小叙~; 20250611特训（周三晚八）; 20251208老主线的新叙事！; 20250819如何买到当日最强？（周二晚八开）; 20260415知行交易模块总结; 20260316 先破坏，再建设。（周日晚八）; 20250806大盘调整期如何找到强壮宝宝（周三晚八开）; 20260408筹码理论在当今A股的应用; 20260325 砖型图的三种定式（周三晚7点30）; 20260224展望节后行情如何演绎？; 20250917主力出货的五种经典方式（周三晚八开）; 20250907九月锦囊+二楼（周日晚八开）; 20250924散户都给我删掉这五种思维！（周三晚八开）; 20260419如何从产业视角看投资; 20250813内部交流; 20251231最难一课之击穿对手盘！; 20250601端午特训第二期; 20251229茶人小叙~; 20260202 喝茶聊聊天~; 20260422MACD; 20250906厦门二楼~; 20250914如何做一位斗牛士？（周日晚八点十分）; 20250720闭门会bbb; 20251201msfdc~; 20260412下阶段主线与支线; 20260426从产业资本看投资; 20251029沉舟千帆，步步为营。（周三晚八）; 20250910牛市偷懒法～（周三晚八开）; 20251126Z家军之每日5步极简工作流精讲（三晚8）; 20250824牛市未来如何逃顶？（周日晚八）; 20251214扯淡局~; 20260309补充两个重要技能点; 20250723麒麟会如何运作一个票？（周三晚八）; 20251103下一个“比亚迪”在哪里？（周日晚八）; 20250709大富翁之夜交易的节奏（晚八开）; 20250430; 20251015关键K的重要价值（周三晚八）; 20250712加餐聊会儿; 20251105期中考试（周三晚八）; 20251119为你的“知行合一账户”充值～（周三晚八）; 20260404重要一课（周六晚八）; 20250507; 20260301 10张难看图形绝不能碰！（周日晚八）; 20251110扯会儿淡~; 20250618创新药五大方向（周三晚九开; 20250827指数贡献策略防踏空（周三晚八）; 20260406; 20250625特训坑里起好货; 20250514; 20251224底部暴力K线擒大牛; 20260114  打窝结束！如何变阵？; 20250831神仙打架我散如何应对？（周日晚九点半开）; 20251006三大高爆发力的B2买入法（10.6晚八）; 20260330 全面推演美军若地面取胜概率（周日晚八）; 20251217为什么说散户输在没有交易节奏（周三晚八）; 20260429三种常用战法摸底考; 20250922全网独家解析大A暗战！; 20251022独门对称战法看透主力真实意图（周三晚八）; 20251210成交量与股价最真实的关系 （周三晚八）; 20250702（周三晚8）; 20250903今天才有点儿内个意思~（周三晚八开）; 20250716百战案例砸实基本功（晚八点半开）; 20260220瑜伽裤战法; 20250531端午特训第一期; 20260219 进阶】如何大幅提高选股的成功率; 20251027牛市里的三大散户魔咒（周日晚九半）; 20260204  当前环境下最好的交易策略~; 20260318砖型图的核心用法（周三晚八）; 20260311九篇心法精讲（十年后版） 周三晚九; 20260304 为什么又被炸成德A兰？（周三晚八）; 20260121开枝散叶，踏准节奏; 20250730重要的防卖飞策略（周三晚八）; 20251020枪林弹雨的十月该如何应对？（周日晚八）"
"M1"	"买点"	"B二"	"48"	"240"	"0"	"0"	"★缺失"	""	"20251112仓位管理如何大幅提升赚钱效率（周三晚8）; 20251221茶人小叙~; 20251208老主线的新叙事！; 20250819如何买到当日最强？（周二晚八开）; 20260415知行交易模块总结; 20260316 先破坏，再建设。（周日晚八）; 20250806大盘调整期如何找到强壮宝宝（周三晚八开）; 20260408筹码理论在当今A股的应用; 20260325 砖型图的三种定式（周三晚7点30）; 20260224展望节后行情如何演绎？; 20250924散户都给我删掉这五种思维！（周三晚八开）; 20260419如何从产业视角看投资; 20250813内部交流; 20250601端午特训第二期; 20260202 喝茶聊聊天~; 20260422MACD; 20250720闭门会bbb; 20251201msfdc~; 20260412下阶段主线与支线; 20260426从产业资本看投资; 20251029沉舟千帆，步步为营。（周三晚八）; 20251126Z家军之每日5步极简工作流精讲（三晚8）; 20250824牛市未来如何逃顶？（周日晚八）; 20260309补充两个重要技能点; 20250723麒麟会如何运作一个票？（周三晚八）; 20250712加餐聊会儿; 20251105期中考试（周三晚八）; 20251119为你的“知行合一账户”充值～（周三晚八）; 20260404重要一课（周六晚八）; 20260301 10张难看图形绝不能碰！（周日晚八）; 20251110扯会儿淡~; 20250827指数贡献策略防踏空（周三晚八）; 20260406; 20251224底部暴力K线擒大牛; 20260114  打窝结束！如何变阵？; 20251006三大高爆发力的B2买入法（10.6晚八）; 20260429三种常用战法摸底考; 20251022独门对称战法看透主力真实意图（周三晚八）; 20250716百战案例砸实基本功（晚八点半开）; 20260220瑜伽裤战法; 20260219 进阶】如何大幅提高选股的成功率; 20251027牛市里的三大散户魔咒（周日晚九半）; 20260318砖型图的核心用法（周三晚八）; 20260311九篇心法精讲（十年后版） 周三晚九; 20260304 为什么又被炸成德A兰？（周三晚八）; 20260121开枝散叶，踏准节奏; 20250730重要的防卖飞策略（周三晚八）; 20251020枪林弹雨的十月该如何应对？（周日晚八）"
"M1"	"买点"	"B三"	"26"	"76"	"0"	"0"	"★缺失"	""	"20251221茶人小叙~; 20251208老主线的新叙事！; 20260415知行交易模块总结; 20260316 先破坏，再建设。（周日晚八）; 20260224展望节后行情如何演绎？; 20250924散户都给我删掉这五种思维！（周三晚八开）; 20250813内部交流; 20250601端午特训第二期; 20260422MACD; 20250914如何做一位斗牛士？（周日晚八点十分）; 20251201msfdc~; 20260412下阶段主线与支线; 20260426从产业资本看投资; 20250712加餐聊会儿; 20260404重要一课（周六晚八）; 20260301 10张难看图形绝不能碰！（周日晚八）; 20251110扯会儿淡~; 20260114  打窝结束！如何变阵？; 20251006三大高爆发力的B2买入法（10.6晚八）; 20260429三种常用战法摸底考; 20260220瑜伽裤战法; 20260219 进阶】如何大幅提高选股的成功率; 20260318砖型图的核心用法（周三晚八）; 20260311九篇心法精讲（十年后版） 周三晚九; 20260304 为什么又被炸成德A兰？（周三晚八）; 20260121开枝散叶，踏准节奏"
"M1"	"买点"	"单针下三十"	"6"	"84"	"1"	"1"	"薄弱"	"stock-glossary.md"	"20260415知行交易模块总结; 20260422MACD; 20260426从产业资本看投资; 20260114  打窝结束！如何变阵？; 20260429三种常用战法摸底考; 20260121开枝散叶，踏准节奏"
"M1"	"买点"	"单针下二十"	"21"	"79"	"1"	"2"	"薄弱"	"stock-glossary.md"	"20250611特训（周三晚八）; 20260415知行交易模块总结; 20260316 先破坏，再建设。（周日晚八）; 20251004双线战法的核心逻辑（10.4晚八开）; 20250601端午特训第二期; 20260422MACD; 20260426从产业资本看投资; 20250824牛市未来如何逃顶？（周日晚八）; 20250723麒麟会如何运作一个票？（周三晚八）; 20250712加餐聊会儿; 20260406; 20250625特训坑里起好货; 20260114  打窝结束！如何变阵？; 20260429三种常用战法摸底考; 20251022独门对称战法看透主力真实意图（周三晚八）; 20250716百战案例砸实基本功（晚八点半开）; 20260220瑜伽裤战法; 20250531端午特训第一期; 20260311九篇心法精讲（十年后版） 周三晚九; 20260121开枝散叶，踏准节奏; 20251020枪林弹雨的十月该如何应对？（周日晚八）"
"M1"	"买点"	"砖形图"	"9"	"85"	"3"	"9"	"已覆盖"	"trading-core.md; workflow.md; strategies\choppy-market-sop.md"	"20260415知行交易模块总结; 20260325 砖型图的三种定式（周三晚7点30）; 20260224展望节后行情如何演绎？; 20260422MACD; 20260412下阶段主线与支线; 20260406; 20260429三种常用战法摸底考; 20260318砖型图的核心用法（周三晚八）; 20260311九篇心法精讲（十年后版） 周三晚九"
"M1"	"买点"	"砖型图"	"4"	"4"	"6"	"7"	"已覆盖"	"life-decision.md; indicators.md; data_dictionary.md; signal_dictionary.md; life-decision-research.md; portfolio-management.md"	"20260415知行交易模块总结; 20260404 二楼补钟：重要一课; 20260330 全面推演美军若地面取胜概率（周日晚八）; 20260318砖型图的核心用法（周三晚八）"
"M1"	"买点"	"专精图"	"18"	"247"	"0"	"0"	"★缺失"	""	"20260322 砍柴，挑水，做饭; 20260415知行交易模块总结; 20260316 先破坏，再建设。（周日晚八）; 20260404 二楼补钟：重要一课; 20260325 砖型图的三种定式（周三晚7点30）; 20260419如何从产业视角看投资; 20250423; 20260422MACD; 20260412下阶段主线与支线; 20260426从产业资本看投资; 20260404重要一课（周六晚八）; 20260301 10张难看图形绝不能碰！（周日晚八）; 20260406; 20260330 全面推演美军若地面取胜概率（周日晚八）; 20260429三种常用战法摸底考; 20260220瑜伽裤战法; 20260318砖型图的核心用法（周三晚八）; 20260304 为什么又被炸成德A兰？（周三晚八）"
"M1"	"买点"	"SB1"	"5"	"14"	"4"	"7"	"已覆盖"	"trading-core.md; indicators.md; advanced-patterns.md; signal_dictionary.md"	"20250819如何买到当日最强？（周二晚八开）; 20260415知行交易模块总结; 20250924散户都给我删掉这五种思维！（周三晚八开）; 20250922全网独家解析大A暗战！; 20250730重要的防卖飞策略（周三晚八）"
"M1"	"买点"	"SB一"	"7"	"14"	"0"	"0"	"★缺失"	""	"20250813内部交流; 20250720闭门会bbb; 20251029沉舟千帆，步步为营。（周三晚八）; 20251110扯会儿淡~; 20250922全网独家解析大A暗战！; 20251022独门对称战法看透主力真实意图（周三晚八）; 20251020枪林弹雨的十月该如何应对？（周日晚八）"
"M1"	"买点"	"长安战法"	"7"	"13"	"3"	"5"	"已覆盖"	"trading-core.md; advanced-patterns.md; strategies\choppy-market-sop.md"	"20260415知行交易模块总结; 20250917主力出货的五种经典方式（周三晚八开）; 20250924散户都给我删掉这五种思维！（周三晚八开）; 20251229茶人小叙~; 20250914如何做一位斗牛士？（周日晚八点十分）; 20251110扯会儿淡~; 20251022独门对称战法看透主力真实意图（周三晚八）"
"M1"	"买点"	"长安图"	"5"	"9"	"0"	"0"	"★缺失"	""	"20260415知行交易模块总结; 20250917主力出货的五种经典方式（周三晚八开）; 20260429三种常用战法摸底考; 20250922全网独家解析大A暗战！; 20260304 为什么又被炸成德A兰？（周三晚八）"
"M1"	"买点"	"第三定式"	"1"	"2"	"0"	"0"	"★缺失"	""	"20260415知行交易模块总结"
"M1"	"买点"	"上车"	"49"	"119"	"2"	"2"	"薄弱"	"three-best-principles.md; indicators.md"	"20251112仓位管理如何大幅提升赚钱效率（周三晚8）; 20251221茶人小叙~; 20250611特训（周三晚八）; 20250819如何买到当日最强？（周二晚八开）; 20260415知行交易模块总结; 20260316 先破坏，再建设。（周日晚八）; 20260408筹码理论在当今A股的应用; 20250907九月锦囊+二楼（周日晚八开）; 20250423; 20250813内部交流; 20251004双线战法的核心逻辑（10.4晚八开）; 20250601端午特训第二期; 20251012川子又来搞事情了？（周日晚八）; 20260422MACD; 20250914如何做一位斗牛士？（周日晚八点十分）; 20251201msfdc~; 20260426从产业资本看投资; 20260105 中国消费：谁先变革谁早超生！（日晚八）; 20251126Z家军之每日5步极简工作流精讲（三晚8）; 20250824牛市未来如何逃顶？（周日晚八）; 20251214扯淡局~; 20251103下一个“比亚迪”在哪里？（周日晚八）; 20260107 B2买点案例精讲（周三晚八）; 20250712加餐聊会儿; 20251105期中考试（周三晚八）; 20251119为你的“知行合一账户”充值～（周三晚八）; 20260404重要一课（周六晚八）; 20250507; 20260301 10张难看图形绝不能碰！（周日晚八）; 20251110扯会儿淡~; 20250618创新药五大方向（周三晚九开; 20260406; 20250625特训坑里起好货; 20251224底部暴力K线擒大牛; 20260114  打窝结束！如何变阵？; 20250831神仙打架我散如何应对？（周日晚九点半开）; 20251006三大高爆发力的B2买入法（10.6晚八）; 20260429三种常用战法摸底考; 20250922全网独家解析大A暗战！; 20251210成交量与股价最真实的关系 （周三晚八）; 20250702（周三晚8）; 20250903今天才有点儿内个意思~（周三晚八开）; 20260219 进阶】如何大幅提高选股的成功率; 20251027牛市里的三大散户魔咒（周日晚九半）; 20260204  当前环境下最好的交易策略~; 20260121开枝散叶，踏准节奏; 20250730重要的防卖飞策略（周三晚八）; 20251123蛋比时间~; 20251020枪林弹雨的十月该如何应对？（周日晚八）"
"M2"	"止损与放飞"	"止损"	"89"	"2074"	"20"	"94"	"已覆盖"	"life-decision.md; trading-core.md; three-best-principles.md; indicators.md; advanced-patterns.md; position-management.md; signal_dictionary.md; heuristics.md; market-macro.md; four-rhythms.md; trading-psychology.md; life-decision-research.md; workflow.md; portfolio-management.md; sell-discipline.md; harness.md; reference\thresholds.md; strategies\choppy-market-sop.md; trend-lines.md; framework-extraction.md"	"20251112仓位管理如何大幅提升赚钱效率（周三晚8）; 20260209务必高度重视川子喊单10万点~; 20251116重点板块视察~; 20260211节前答疑时间; 20251221茶人小叙~; 20250611特训（周三晚八）; 20251208老主线的新叙事！; 20260322 砍柴，挑水，做饭; 20250819如何买到当日最强？（周二晚八开）; 20260415知行交易模块总结; 20260316 先破坏，再建设。（周日晚八）; 20260404 二楼补钟：重要一课; 20250806大盘调整期如何找到强壮宝宝（周三晚八开）; 20260408筹码理论在当今A股的应用; 20260325 砖型图的三种定式（周三晚7点30）; 20260224展望节后行情如何演绎？; 20250917主力出货的五种经典方式（周三晚八开）; 20250907九月锦囊+二楼（周日晚八开）; 20250924散户都给我删掉这五种思维！（周三晚八开）; 20260419如何从产业视角看投资; 20250423; 20250813内部交流; 20251004双线战法的核心逻辑（10.4晚八开）; 20251231最难一课之击穿对手盘！; 20250601端午特训第二期; 20251229茶人小叙~; 20260202 喝茶聊聊天~; 20251012川子又来搞事情了？（周日晚八）; 20260422MACD; 20250914如何做一位斗牛士？（周日晚八点十分）; 20250720闭门会bbb; 20251201msfdc~; 20260412下阶段主线与支线; 20260426从产业资本看投资; 20251029沉舟千帆，步步为营。（周三晚八）; 20250606充电直播; 20250910牛市偷懒法～（周三晚八开）; 20260105 中国消费：谁先变革谁早超生！（日晚八）; 20251126Z家军之每日5步极简工作流精讲（三晚8）; 20250824牛市未来如何逃顶？（周日晚八）; 20251214扯淡局~; 20260309补充两个重要技能点; 20250723麒麟会如何运作一个票？（周三晚八）; 20251103下一个“比亚迪”在哪里？（周日晚八）; 20250709大富翁之夜交易的节奏（晚八开）; 20260107 B2买点案例精讲（周三晚八）; 20250430; 20251015关键K的重要价值（周三晚八）; 20250712加餐聊会儿; 20251105期中考试（周三晚八）; 20251119为你的“知行合一账户”充值～（周三晚八）; 20260404重要一课（周六晚八）; 20250507; 20250626填坑补充; 20260301 10张难看图形绝不能碰！（周日晚八）; 20251110扯会儿淡~; 20250618创新药五大方向（周三晚九开; 20250827指数贡献策略防踏空（周三晚八）; 20260112 当前行情下5种散户常犯错误！（周日晚八）; 20260406; 20250625特训坑里起好货; 20250514; 20251224底部暴力K线擒大牛; 20260114  打窝结束！如何变阵？; 20250831神仙打架我散如何应对？（周日晚九点半开）; 20251006三大高爆发力的B2买入法（10.6晚八）; 20260330 全面推演美军若地面取胜概率（周日晚八）; 20251217为什么说散户输在没有交易节奏（周三晚八）; 20260429三种常用战法摸底考; 20250922全网独家解析大A暗战！; 20251022独门对称战法看透主力真实意图（周三晚八）; 20251210成交量与股价最真实的关系 （周三晚八）; 20250702（周三晚8）; 20250903今天才有点儿内个意思~（周三晚八开）; 20250716百战案例砸实基本功（晚八点半开）; 20260220瑜伽裤战法; 20250531端午特训第一期; 20251203交易中如何调整“手紧手松”？（周三晚八）; 20260219 进阶】如何大幅提高选股的成功率; 20251027牛市里的三大散户魔咒（周日晚九半）; 20260204  当前环境下最好的交易策略~; 20251009闲聊; 20260318砖型图的核心用法（周三晚八）; 20260311九篇心法精讲（十年后版） 周三晚九; 20260304 为什么又被炸成德A兰？（周三晚八）; 20260121开枝散叶，踏准节奏; 20250730重要的防卖飞策略（周三晚八）; 20251123蛋比时间~; 20251020枪林弹雨的十月该如何应对？（周日晚八）"
"M2"	"止损与放飞"	"放飞"	"65"	"681"	"5"	"17"	"已覆盖"	"trading-core.md; indicators.md; trading-psychology.md; strategies\choppy-market-sop.md; trend-lines.md"	"20251112仓位管理如何大幅提升赚钱效率（周三晚8）; 20251116重点板块视察~; 20260211节前答疑时间; 20251221茶人小叙~; 20260322 砍柴，挑水，做饭; 20250819如何买到当日最强？（周二晚八开）; 20260415知行交易模块总结; 20260316 先破坏，再建设。（周日晚八）; 20260404 二楼补钟：重要一课; 20260408筹码理论在当今A股的应用; 20260325 砖型图的三种定式（周三晚7点30）; 20250917主力出货的五种经典方式（周三晚八开）; 20250907九月锦囊+二楼（周日晚八开）; 20250924散户都给我删掉这五种思维！（周三晚八开）; 20260419如何从产业视角看投资; 20251004双线战法的核心逻辑（10.4晚八开）; 20251231最难一课之击穿对手盘！; 20250601端午特训第二期; 20251229茶人小叙~; 20251012川子又来搞事情了？（周日晚八）; 20260422MACD; 20250914如何做一位斗牛士？（周日晚八点十分）; 20251201msfdc~; 20251029沉舟千帆，步步为营。（周三晚八）; 20250910牛市偷懒法～（周三晚八开）; 20251126Z家军之每日5步极简工作流精讲（三晚8）; 20250824牛市未来如何逃顶？（周日晚八）; 20251214扯淡局~; 20260309补充两个重要技能点; 20251103下一个“比亚迪”在哪里？（周日晚八）; 20250709大富翁之夜交易的节奏（晚八开）; 20260107 B2买点案例精讲（周三晚八）; 20250430; 20251105期中考试（周三晚八）; 20251119为你的“知行合一账户”充值～（周三晚八）; 20260404重要一课（周六晚八）; 20250507; 20251110扯会儿淡~; 20250618创新药五大方向（周三晚九开; 20260406; 20250625特训坑里起好货; 20250514; 20251224底部暴力K线擒大牛; 20251006三大高爆发力的B2买入法（10.6晚八）; 20260330 全面推演美军若地面取胜概率（周日晚八）; 20251217为什么说散户输在没有交易节奏（周三晚八）; 20260429三种常用战法摸底考; 20250922全网独家解析大A暗战！; 20251022独门对称战法看透主力真实意图（周三晚八）; 20251210成交量与股价最真实的关系 （周三晚八）; 20250702（周三晚8）; 20250903今天才有点儿内个意思~（周三晚八开）; 20250716百战案例砸实基本功（晚八点半开）; 20260220瑜伽裤战法; 20250531端午特训第一期; 20251203交易中如何调整“手紧手松”？（周三晚八）; 20260219 进阶】如何大幅提高选股的成功率; 20251027牛市里的三大散户魔咒（周日晚九半）; 20251009闲聊; 20260318砖型图的核心用法（周三晚八）; 20260311九篇心法精讲（十年后版） 周三晚九; 20260121开枝散叶，踏准节奏; 20250730重要的防卖飞策略（周三晚八）; 20251123蛋比时间~; 20251020枪林弹雨的十月该如何应对？（周日晚八）"
"M2"	"止损与放飞"	"没涨"	"36"	"86"	"3"	"7"	"已覆盖"	"trading-core.md; portfolio-management.md; strategies\choppy-market-sop.md"	"20251112仓位管理如何大幅提升赚钱效率（周三晚8）; 20250611特训（周三晚八）; 20250819如何买到当日最强？（周二晚八开）; 20260415知行交易模块总结; 20260316 先破坏，再建设。（周日晚八）; 20260325 砖型图的三种定式（周三晚7点30）; 20250907九月锦囊+二楼（周日晚八开）; 20250924散户都给我删掉这五种思维！（周三晚八开）; 20260419如何从产业视角看投资; 20250813内部交流; 20251229茶人小叙~; 20250914如何做一位斗牛士？（周日晚八点十分）; 20250720闭门会bbb; 20260412下阶段主线与支线; 20250910牛市偷懒法～（周三晚八开）; 20250824牛市未来如何逃顶？（周日晚八）; 20251103下一个“比亚迪”在哪里？（周日晚八）; 20250709大富翁之夜交易的节奏（晚八开）; 20260107 B2买点案例精讲（周三晚八）; 20250712加餐聊会儿; 20251110扯会儿淡~; 20250618创新药五大方向（周三晚九开; 20260406; 20250514; 20260330 全面推演美军若地面取胜概率（周日晚八）; 20260429三种常用战法摸底考; 20250922全网独家解析大A暗战！; 20251022独门对称战法看透主力真实意图（周三晚八）; 20250716百战案例砸实基本功（晚八点半开）; 20260220瑜伽裤战法; 20250531端午特训第一期; 20251203交易中如何调整“手紧手松”？（周三晚八）; 20251027牛市里的三大散户魔咒（周日晚九半）; 20260318砖型图的核心用法（周三晚八）; 20260121开枝散叶，踏准节奏; 20251020枪林弹雨的十月该如何应对？（周日晚八）"
"M2"	"止损与放飞"	"赢转亏"	"13"	"37"	"0"	"0"	"★缺失"	""	"20251112仓位管理如何大幅提升赚钱效率（周三晚8）; 20260415知行交易模块总结; 20260404 二楼补钟：重要一课; 20260325 砖型图的三种定式（周三晚7点30）; 20250924散户都给我删掉这五种思维！（周三晚八开）; 20260422MACD; 20251126Z家军之每日5步极简工作流精讲（三晚8）; 20260404重要一课（周六晚八）; 20251110扯会儿淡~; 20251210成交量与股价最真实的关系 （周三晚八）; 20250716百战案例砸实基本功（晚八点半开）; 20260121开枝散叶，踏准节奏; 20251123蛋比时间~"
"M2"	"止损与放飞"	"盈转亏"	"11"	"24"	"5"	"11"	"已覆盖"	"trading-core.md; trading-psychology.md; sell-discipline.md; reference\thresholds.md; strategies\choppy-market-sop.md"	"20260415知行交易模块总结; 20260419如何从产业视角看投资; 20260422MACD; 20251126Z家军之每日5步极简工作流精讲（三晚8）; 20251103下一个“比亚迪”在哪里？（周日晚八）; 20250709大富翁之夜交易的节奏（晚八开）; 20250712加餐聊会儿; 20251110扯会儿淡~; 20250716百战案例砸实基本功（晚八点半开）; 20251203交易中如何调整“手紧手松”？（周三晚八）; 20260318砖型图的核心用法（周三晚八）"
"M2"	"止损与放飞"	"止盈"	"45"	"138"	"6"	"11"	"已覆盖"	"trading-core.md; indicators.md; four-rhythms.md; workflow.md; reference\thresholds.md; strategies\choppy-market-sop.md"	"20251112仓位管理如何大幅提升赚钱效率（周三晚8）; 20251116重点板块视察~; 20260211节前答疑时间; 20250611特训（周三晚八）; 20260322 砍柴，挑水，做饭; 20260415知行交易模块总结; 20260404 二楼补钟：重要一课; 20260408筹码理论在当今A股的应用; 20260325 砖型图的三种定式（周三晚7点30）; 20250917主力出货的五种经典方式（周三晚八开）; 20260419如何从产业视角看投资; 20251004双线战法的核心逻辑（10.4晚八开）; 20250601端午特训第二期; 20251012川子又来搞事情了？（周日晚八）; 20260422MACD; 20250914如何做一位斗牛士？（周日晚八点十分）; 20260412下阶段主线与支线; 20250910牛市偷懒法～（周三晚八开）; 20251126Z家军之每日5步极简工作流精讲（三晚8）; 20250824牛市未来如何逃顶？（周日晚八）; 20260309补充两个重要技能点; 20250709大富翁之夜交易的节奏（晚八开）; 20250430; 20260404重要一课（周六晚八）; 20250507; 20251110扯会儿淡~; 20250618创新药五大方向（周三晚九开; 20250625特训坑里起好货; 20250514; 20251224底部暴力K线擒大牛; 20251006三大高爆发力的B2买入法（10.6晚八）; 20251217为什么说散户输在没有交易节奏（周三晚八）; 20251210成交量与股价最真实的关系 （周三晚八）; 20250903今天才有点儿内个意思~（周三晚八开）; 20250716百战案例砸实基本功（晚八点半开）; 20260220瑜伽裤战法; 20250531端午特训第一期; 20251203交易中如何调整“手紧手松”？（周三晚八）; 20260219 进阶】如何大幅提高选股的成功率; 20251027牛市里的三大散户魔咒（周日晚九半）; 20260318砖型图的核心用法（周三晚八）; 20260311九篇心法精讲（十年后版） 周三晚九; 20260304 为什么又被炸成德A兰？（周三晚八）; 20251123蛋比时间~; 20251020枪林弹雨的十月该如何应对？（周日晚八）"
"M2"	"止损与放飞"	"破平台"	"12"	"20"	"1"	"2"	"薄弱"	"four-rhythms.md"	"20251221茶人小叙~; 20260415知行交易模块总结; 20250423; 20250720闭门会bbb; 20260412下阶段主线与支线; 20260309补充两个重要技能点; 20260107 B2买点案例精讲（周三晚八）; 20251015关键K的重要价值（周三晚八）; 20260404重要一课（周六晚八）; 20251110扯会儿淡~; 20260311九篇心法精讲（十年后版） 周三晚九; 20251123蛋比时间~"
"M2"	"止损与放飞"	"前低"	"49"	"209"	"4"	"7"	"已覆盖"	"trading-core.md; signal_dictionary.md; reference\thresholds.md; strategies\choppy-market-sop.md"	"20251112仓位管理如何大幅提升赚钱效率（周三晚8）; 20251116重点板块视察~; 20250611特训（周三晚八）; 20250819如何买到当日最强？（周二晚八开）; 20260415知行交易模块总结; 20250806大盘调整期如何找到强壮宝宝（周三晚八开）; 20260408筹码理论在当今A股的应用; 20260325 砖型图的三种定式（周三晚7点30）; 20250423; 20250813内部交流; 20251004双线战法的核心逻辑（10.4晚八开）; 20260422MACD; 20250720闭门会bbb; 20260412下阶段主线与支线; 20250910牛市偷懒法～（周三晚八开）; 20251126Z家军之每日5步极简工作流精讲（三晚8）; 20250824牛市未来如何逃顶？（周日晚八）; 20260309补充两个重要技能点; 20250723麒麟会如何运作一个票？（周三晚八）; 20251103下一个“比亚迪”在哪里？（周日晚八）; 20250709大富翁之夜交易的节奏（晚八开）; 20260107 B2买点案例精讲（周三晚八）; 20250430; 20250712加餐聊会儿; 20251105期中考试（周三晚八）; 20251119为你的“知行合一账户”充值～（周三晚八）; 20250507; 20250626填坑补充; 20251110扯会儿淡~; 20250618创新药五大方向（周三晚九开; 20260406; 20250625特训坑里起好货; 20250514; 20251224底部暴力K线擒大牛; 20250831神仙打架我散如何应对？（周日晚九点半开）; 20251006三大高爆发力的B2买入法（10.6晚八）; 20250922全网独家解析大A暗战！; 20251022独门对称战法看透主力真实意图（周三晚八）; 20251210成交量与股价最真实的关系 （周三晚八）; 20250702（周三晚8）; 20250716百战案例砸实基本功（晚八点半开）; 20250531端午特训第一期; 20251203交易中如何调整“手紧手松”？（周三晚八）; 20260219 进阶】如何大幅提高选股的成功率; 20251027牛市里的三大散户魔咒（周日晚九半）; 20260318砖型图的核心用法（周三晚八）; 20260304 为什么又被炸成德A兰？（周三晚八）; 20260121开枝散叶，踏准节奏; 20251020枪林弹雨的十月该如何应对？（周日晚八）"
"M2"	"止损与放飞"	"中长阳"	"17"	"42"	"3"	"3"	"已覆盖"	"trading-core.md; advanced-patterns.md; strategies\choppy-market-sop.md"	"20260211节前答疑时间; 20260415知行交易模块总结; 20250806大盘调整期如何找到强壮宝宝（周三晚八开）; 20250601端午特训第二期; 20250824牛市未来如何逃顶？（周日晚八）; 20251214扯淡局~; 20250723麒麟会如何运作一个票？（周三晚八）; 20260107 B2买点案例精讲（周三晚八）; 20260114  打窝结束！如何变阵？; 20251006三大高爆发力的B2买入法（10.6晚八）; 20251022独门对称战法看透主力真实意图（周三晚八）; 20251210成交量与股价最真实的关系 （周三晚八）; 20250716百战案例砸实基本功（晚八点半开）; 20250531端午特训第一期; 20251027牛市里的三大散户魔咒（周日晚九半）; 20260311九篇心法精讲（十年后版） 周三晚九; 20251020枪林弹雨的十月该如何应对？（周日晚八）"
"M2"	"止损与放飞"	"减仓"	"72"	"460"	"14"	"28"	"已覆盖"	"trading-core.md; advanced-patterns.md; exit-strategies.md; signal_dictionary.md; heuristics.md; market-macro.md; four-rhythms.md; macro\etf-strategy.md; workflow.md; portfolio-management.md; sell-discipline.md; reference\thresholds.md; six-tracks-2026.md; strategies\choppy-market-sop.md"	"20251112仓位管理如何大幅提升赚钱效率（周三晚8）; 20260209务必高度重视川子喊单10万点~; 20251116重点板块视察~; 20260211节前答疑时间; 20250611特训（周三晚八）; 20251208老主线的新叙事！; 20260322 砍柴，挑水，做饭; 20250819如何买到当日最强？（周二晚八开）; 20260415知行交易模块总结; 20260316 先破坏，再建设。（周日晚八）; 20250806大盘调整期如何找到强壮宝宝（周三晚八开）; 20260408筹码理论在当今A股的应用; 20260325 砖型图的三种定式（周三晚7点30）; 20250917主力出货的五种经典方式（周三晚八开）; 20250907九月锦囊+二楼（周日晚八开）; 20260419如何从产业视角看投资; 20250423; 20250813内部交流; 20251004双线战法的核心逻辑（10.4晚八开）; 20250601端午特训第二期; 20260202 喝茶聊聊天~; 20251012川子又来搞事情了？（周日晚八）; 20260422MACD; 20250906厦门二楼~; 20250914如何做一位斗牛士？（周日晚八点十分）; 20250720闭门会bbb; 20260412下阶段主线与支线; 20251029沉舟千帆，步步为营。（周三晚八）; 20250606充电直播; 20250910牛市偷懒法～（周三晚八开）; 20260105 中国消费：谁先变革谁早超生！（日晚八）; 20251126Z家军之每日5步极简工作流精讲（三晚8）; 20250824牛市未来如何逃顶？（周日晚八）; 20260309补充两个重要技能点; 20250723麒麟会如何运作一个票？（周三晚八）; 20251103下一个“比亚迪”在哪里？（周日晚八）; 20250709大富翁之夜交易的节奏（晚八开）; 20260107 B2买点案例精讲（周三晚八）; 20250430; 20251015关键K的重要价值（周三晚八）; 20250712加餐聊会儿; 20251105期中考试（周三晚八）; 20251119为你的“知行合一账户”充值～（周三晚八）; 20260404重要一课（周六晚八）; 20250507; 20260301 10张难看图形绝不能碰！（周日晚八）; 20251110扯会儿淡~; 20250618创新药五大方向（周三晚九开; 20250827指数贡献策略防踏空（周三晚八）; 20260406; 20250625特训坑里起好货; 20250514; 20260114  打窝结束！如何变阵？; 20250831神仙打架我散如何应对？（周日晚九点半开）; 20251217为什么说散户输在没有交易节奏（周三晚八）; 20260429三种常用战法摸底考; 20250922全网独家解析大A暗战！; 20251210成交量与股价最真实的关系 （周三晚八）; 20250702（周三晚8）; 20250903今天才有点儿内个意思~（周三晚八开）; 20250716百战案例砸实基本功（晚八点半开）; 20260220瑜伽裤战法; 20250531端午特训第一期; 20251203交易中如何调整“手紧手松”？（周三晚八）; 20260219 进阶】如何大幅提高选股的成功率; 20251027牛市里的三大散户魔咒（周日晚九半）; 20260204  当前环境下最好的交易策略~; 20260318砖型图的核心用法（周三晚八）; 20260121开枝散叶，踏准节奏; 20250730重要的防卖飞策略（周三晚八）; 20251123蛋比时间~; 20251020枪林弹雨的十月该如何应对？（周日晚八）"
"M3"	"卖点与破位"	"S1"	"38"	"379"	"13"	"58"	"已覆盖"	"trading-core.md; key-candles.md; indicators.md; exit-strategies.md; signal_dictionary.md; heuristics.md; market-macro.md; four-rhythms.md; macro\etf-strategy.md; sell-discipline.md; reference\thresholds.md; strategies\choppy-market-sop.md; framework-extraction.md"	"20251112仓位管理如何大幅提升赚钱效率（周三晚8）; 20260209务必高度重视川子喊单10万点~; 20260211节前答疑时间; 20260322 砍柴，挑水，做饭; 20260415知行交易模块总结; 20260404 二楼补钟：重要一课; 20260408筹码理论在当今A股的应用; 20260325 砖型图的三种定式（周三晚7点30）; 20250813内部交流; 20251004双线战法的核心逻辑（10.4晚八开）; 20251231最难一课之击穿对手盘！; 20260202 喝茶聊聊天~; 20251012川子又来搞事情了？（周日晚八）; 20260422MACD; 20260412下阶段主线与支线; 20250910牛市偷懒法～（周三晚八开）; 20260105 中国消费：谁先变革谁早超生！（日晚八）; 20251126Z家军之每日5步极简工作流精讲（三晚8）; 20250824牛市未来如何逃顶？（周日晚八）; 20260107 B2买点案例精讲（周三晚八）; 20251015关键K的重要价值（周三晚八）; 20251105期中考试（周三晚八）; 20251110扯会儿淡~; 20260406; 20251006三大高爆发力的B2买入法（10.6晚八）; 20251217为什么说散户输在没有交易节奏（周三晚八）; 20260429三种常用战法摸底考; 20250922全网独家解析大A暗战！; 20251022独门对称战法看透主力真实意图（周三晚八）; 20251210成交量与股价最真实的关系 （周三晚八）; 20260220瑜伽裤战法; 20251027牛市里的三大散户魔咒（周日晚九半）; 20260204  当前环境下最好的交易策略~; 20260318砖型图的核心用法（周三晚八）; 20260311九篇心法精讲（十年后版） 周三晚九; 20260121开枝散叶，踏准节奏; 20251123蛋比时间~; 20251020枪林弹雨的十月该如何应对？（周日晚八）"
"M3"	"卖点与破位"	"S一"	"39"	"311"	"0"	"0"	"★缺失"	""	"20251112仓位管理如何大幅提升赚钱效率（周三晚8）; 20251221茶人小叙~; 20260415知行交易模块总结; 20260316 先破坏，再建设。（周日晚八）; 20260408筹码理论在当今A股的应用; 20260325 砖型图的三种定式（周三晚7点30）; 20250917主力出货的五种经典方式（周三晚八开）; 20250907九月锦囊+二楼（周日晚八开）; 20251004双线战法的核心逻辑（10.4晚八开）; 20251231最难一课之击穿对手盘！; 20251012川子又来搞事情了？（周日晚八）; 20260422MACD; 20250914如何做一位斗牛士？（周日晚八点十分）; 20260412下阶段主线与支线; 20260426从产业资本看投资; 20251029沉舟千帆，步步为营。（周三晚八）; 20251126Z家军之每日5步极简工作流精讲（三晚8）; 20250824牛市未来如何逃顶？（周日晚八）; 20251214扯淡局~; 20260309补充两个重要技能点; 20260107 B2买点案例精讲（周三晚八）; 20251015关键K的重要价值（周三晚八）; 20251119为你的“知行合一账户”充值～（周三晚八）; 20260301 10张难看图形绝不能碰！（周日晚八）; 20251110扯会儿淡~; 20251224底部暴力K线擒大牛; 20260114  打窝结束！如何变阵？; 20260330 全面推演美军若地面取胜概率（周日晚八）; 20260429三种常用战法摸底考; 20250922全网独家解析大A暗战！; 20251022独门对称战法看透主力真实意图（周三晚八）; 20251210成交量与股价最真实的关系 （周三晚八）; 20260220瑜伽裤战法; 20260219 进阶】如何大幅提高选股的成功率; 20251027牛市里的三大散户魔咒（周日晚九半）; 20260318砖型图的核心用法（周三晚八）; 20260311九篇心法精讲（十年后版） 周三晚九; 20260121开枝散叶，踏准节奏; 20251020枪林弹雨的十月该如何应对？（周日晚八）"
"M3"	"卖点与破位"	"滴滴"	"25"	"100"	"5"	"15"	"已覆盖"	"trading-core.md; indicators.md; sell-discipline.md; reference\thresholds.md; strategies\choppy-market-sop.md"	"20251112仓位管理如何大幅提升赚钱效率（周三晚8）; 20260322 砍柴，挑水，做饭; 20260415知行交易模块总结; 20260316 先破坏，再建设。（周日晚八）; 20250917主力出货的五种经典方式（周三晚八开）; 20250924散户都给我删掉这五种思维！（周三晚八开）; 20251231最难一课之击穿对手盘！; 20251229茶人小叙~; 20260426从产业资本看投资; 20250606充电直播; 20251126Z家军之每日5步极简工作流精讲（三晚8）; 20251103下一个“比亚迪”在哪里？（周日晚八）; 20260107 B2买点案例精讲（周三晚八）; 20251119为你的“知行合一账户”充值～（周三晚八）; 20260404重要一课（周六晚八）; 20250618创新药五大方向（周三晚九开; 20260114  打窝结束！如何变阵？; 20250922全网独家解析大A暗战！; 20260220瑜伽裤战法; 20251203交易中如何调整“手紧手松”？（周三晚八）; 20260219 进阶】如何大幅提高选股的成功率; 20260318砖型图的核心用法（周三晚八）; 20260121开枝散叶，踏准节奏; 20251123蛋比时间~; 20251020枪林弹雨的十月该如何应对？（周日晚八）"
"M3"	"卖点与破位"	"阶梯量"	"34"	"173"	"1"	"1"	"薄弱"	"trading-core.md"	"20260209务必高度重视川子喊单10万点~; 20251116重点板块视察~; 20260211节前答疑时间; 20251208老主线的新叙事！; 20260322 砍柴，挑水，做饭; 20260415知行交易模块总结; 20260408筹码理论在当今A股的应用; 20260224展望节后行情如何演绎？; 20250917主力出货的五种经典方式（周三晚八开）; 20250924散户都给我删掉这五种思维！（周三晚八开）; 20250813内部交流; 20251004双线战法的核心逻辑（10.4晚八开）; 20251231最难一课之击穿对手盘！; 20251229茶人小叙~; 20260422MACD; 20260412下阶段主线与支线; 20251126Z家军之每日5步极简工作流精讲（三晚8）; 20250723麒麟会如何运作一个票？（周三晚八）; 20251103下一个“比亚迪”在哪里？（周日晚八）; 20260107 B2买点案例精讲（周三晚八）; 20251224底部暴力K线擒大牛; 20260114  打窝结束！如何变阵？; 20260429三种常用战法摸底考; 20250922全网独家解析大A暗战！; 20251022独门对称战法看透主力真实意图（周三晚八）; 20251210成交量与股价最真实的关系 （周三晚八）; 20250903今天才有点儿内个意思~（周三晚八开）; 20250716百战案例砸实基本功（晚八点半开）; 20251203交易中如何调整“手紧手松”？（周三晚八）; 20251009闲聊; 20260318砖型图的核心用法（周三晚八）; 20260304 为什么又被炸成德A兰？（周三晚八）; 20250730重要的防卖飞策略（周三晚八）; 20251020枪林弹雨的十月该如何应对？（周日晚八）"
"M3"	"卖点与破位"	"破白线"	"51"	"211"	"6"	"18"	"已覆盖"	"trading-core.md; heuristics.md; four-rhythms.md; reference\thresholds.md; strategies\choppy-market-sop.md; trend-lines.md"	"20251112仓位管理如何大幅提升赚钱效率（周三晚8）; 20260209务必高度重视川子喊单10万点~; 20251116重点板块视察~; 20260211节前答疑时间; 20251208老主线的新叙事！; 20260322 砍柴，挑水，做饭; 20260415知行交易模块总结; 20260316 先破坏，再建设。（周日晚八）; 20260408筹码理论在当今A股的应用; 20260325 砖型图的三种定式（周三晚7点30）; 20250917主力出货的五种经典方式（周三晚八开）; 20250907九月锦囊+二楼（周日晚八开）; 20250924散户都给我删掉这五种思维！（周三晚八开）; 20251004双线战法的核心逻辑（10.4晚八开）; 20251231最难一课之击穿对手盘！; 20251229茶人小叙~; 20260202 喝茶聊聊天~; 20251012川子又来搞事情了？（周日晚八）; 20260422MACD; 20250914如何做一位斗牛士？（周日晚八点十分）; 20251201msfdc~; 20260412下阶段主线与支线; 20251029沉舟千帆，步步为营。（周三晚八）; 20250910牛市偷懒法～（周三晚八开）; 20251126Z家军之每日5步极简工作流精讲（三晚8）; 20251103下一个“比亚迪”在哪里？（周日晚八）; 20260107 B2买点案例精讲（周三晚八）; 20251105期中考试（周三晚八）; 20251119为你的“知行合一账户”充值～（周三晚八）; 20260404重要一课（周六晚八）; 20250507; 20260301 10张难看图形绝不能碰！（周日晚八）; 20251110扯会儿淡~; 20250514; 20260114  打窝结束！如何变阵？; 20250831神仙打架我散如何应对？（周日晚九点半开）; 20251006三大高爆发力的B2买入法（10.6晚八）; 20260330 全面推演美军若地面取胜概率（周日晚八）; 20251217为什么说散户输在没有交易节奏（周三晚八）; 20260429三种常用战法摸底考; 20250922全网独家解析大A暗战！; 20251022独门对称战法看透主力真实意图（周三晚八）; 20251210成交量与股价最真实的关系 （周三晚八）; 20250903今天才有点儿内个意思~（周三晚八开）; 20260220瑜伽裤战法; 20251203交易中如何调整“手紧手松”？（周三晚八）; 20260219 进阶】如何大幅提高选股的成功率; 20251027牛市里的三大散户魔咒（周日晚九半）; 20260318砖型图的核心用法（周三晚八）; 20260311九篇心法精讲（十年后版） 周三晚九; 20251020枪林弹雨的十月该如何应对？（周日晚八）"
"M3"	"卖点与破位"	"白线"	"75"	"1568"	"17"	"91"	"已覆盖"	"trading-core.md; key-candles.md; indicators.md; data_dictionary.md; advanced-patterns.md; exit-strategies.md; signal_dictionary.md; heuristics.md; stock-glossary.md; four-rhythms.md; trading-psychology.md; iron-butterfly.md; sell-discipline.md; reference\thresholds.md; strategies\choppy-market-sop.md; trend-lines.md; framework-extraction.md"	"20251112仓位管理如何大幅提升赚钱效率（周三晚8）; 20260209务必高度重视川子喊单10万点~; 20251116重点板块视察~; 20260211节前答疑时间; 20251221茶人小叙~; 20250611特训（周三晚八）; 20251208老主线的新叙事！; 20260322 砍柴，挑水，做饭; 20260415知行交易模块总结; 20260316 先破坏，再建设。（周日晚八）; 20260404 二楼补钟：重要一课; 20260408筹码理论在当今A股的应用; 20260325 砖型图的三种定式（周三晚7点30）; 20260224展望节后行情如何演绎？; 20250917主力出货的五种经典方式（周三晚八开）; 20250907九月锦囊+二楼（周日晚八开）; 20250924散户都给我删掉这五种思维！（周三晚八开）; 20260419如何从产业视角看投资; 20250423; 20251004双线战法的核心逻辑（10.4晚八开）; 20251231最难一课之击穿对手盘！; 20250601端午特训第二期; 20251229茶人小叙~; 20260202 喝茶聊聊天~; 20251012川子又来搞事情了？（周日晚八）; 20260422MACD; 20250906厦门二楼~; 20250914如何做一位斗牛士？（周日晚八点十分）; 20251201msfdc~; 20260412下阶段主线与支线; 20251029沉舟千帆，步步为营。（周三晚八）; 20250910牛市偷懒法～（周三晚八开）; 20260105 中国消费：谁先变革谁早超生！（日晚八）; 20251126Z家军之每日5步极简工作流精讲（三晚8）; 20250824牛市未来如何逃顶？（周日晚八）; 20251214扯淡局~; 20260309补充两个重要技能点; 20251103下一个“比亚迪”在哪里？（周日晚八）; 20250709大富翁之夜交易的节奏（晚八开）; 20260107 B2买点案例精讲（周三晚八）; 20250430; 20251015关键K的重要价值（周三晚八）; 20251105期中考试（周三晚八）; 20251119为你的“知行合一账户”充值～（周三晚八）; 20260404重要一课（周六晚八）; 20250507; 20260301 10张难看图形绝不能碰！（周日晚八）; 20251110扯会儿淡~; 20260112 当前行情下5种散户常犯错误！（周日晚八）; 20250625特训坑里起好货; 20250514; 20251224底部暴力K线擒大牛; 20260114  打窝结束！如何变阵？; 20250831神仙打架我散如何应对？（周日晚九点半开）; 20251006三大高爆发力的B2买入法（10.6晚八）; 20260330 全面推演美军若地面取胜概率（周日晚八）; 20251217为什么说散户输在没有交易节奏（周三晚八）; 20260429三种常用战法摸底考; 20250922全网独家解析大A暗战！; 20251022独门对称战法看透主力真实意图（周三晚八）; 20251210成交量与股价最真实的关系 （周三晚八）; 20250903今天才有点儿内个意思~（周三晚八开）; 20250716百战案例砸实基本功（晚八点半开）; 20260220瑜伽裤战法; 20251203交易中如何调整“手紧手松”？（周三晚八）; 20260219 进阶】如何大幅提高选股的成功率; 20251027牛市里的三大散户魔咒（周日晚九半）; 20251009闲聊; 20260318砖型图的核心用法（周三晚八）; 20260311九篇心法精讲（十年后版） 周三晚九; 20260304 为什么又被炸成德A兰？（周三晚八）; 20260121开枝散叶，踏准节奏; 20250730重要的防卖飞策略（周三晚八）; 20251123蛋比时间~; 20251020枪林弹雨的十月该如何应对？（周日晚八）"
"M3"	"卖点与破位"	"黄线"	"77"	"1768"	"16"	"75"	"已覆盖"	"trading-core.md; indicators.md; advanced-patterns.md; position-management.md; signal_dictionary.md; heuristics.md; stock-glossary.md; four-rhythms.md; trading-psychology.md; iron-butterfly.md; sell-discipline.md; harness.md; reference\thresholds.md; strategies\choppy-market-sop.md; trend-lines.md; framework-extraction.md"	"20251112仓位管理如何大幅提升赚钱效率（周三晚8）; 20260209务必高度重视川子喊单10万点~; 20251116重点板块视察~; 20260211节前答疑时间; 20251221茶人小叙~; 20250611特训（周三晚八）; 20251208老主线的新叙事！; 20260322 砍柴，挑水，做饭; 20260415知行交易模块总结; 20260316 先破坏，再建设。（周日晚八）; 20260404 二楼补钟：重要一课; 20260408筹码理论在当今A股的应用; 20260325 砖型图的三种定式（周三晚7点30）; 20250917主力出货的五种经典方式（周三晚八开）; 20250907九月锦囊+二楼（周日晚八开）; 20250924散户都给我删掉这五种思维！（周三晚八开）; 20260419如何从产业视角看投资; 20250423; 20250813内部交流; 20251004双线战法的核心逻辑（10.4晚八开）; 20251231最难一课之击穿对手盘！; 20251229茶人小叙~; 20260202 喝茶聊聊天~; 20251012川子又来搞事情了？（周日晚八）; 20260422MACD; 20250906厦门二楼~; 20250914如何做一位斗牛士？（周日晚八点十分）; 20250720闭门会bbb; 20251201msfdc~; 20260412下阶段主线与支线; 20251029沉舟千帆，步步为营。（周三晚八）; 20250910牛市偷懒法～（周三晚八开）; 20260105 中国消费：谁先变革谁早超生！（日晚八）; 20251126Z家军之每日5步极简工作流精讲（三晚8）; 20250824牛市未来如何逃顶？（周日晚八）; 20251214扯淡局~; 20260309补充两个重要技能点; 20250723麒麟会如何运作一个票？（周三晚八）; 20251103下一个“比亚迪”在哪里？（周日晚八）; 20250709大富翁之夜交易的节奏（晚八开）; 20260107 B2买点案例精讲（周三晚八）; 20250430; 20251015关键K的重要价值（周三晚八）; 20251105期中考试（周三晚八）; 20251119为你的“知行合一账户”充值～（周三晚八）; 20260404重要一课（周六晚八）; 20250507; 20260301 10张难看图形绝不能碰！（周日晚八）; 20251110扯会儿淡~; 20260406; 20250625特训坑里起好货; 20251224底部暴力K线擒大牛; 20260114  打窝结束！如何变阵？; 20250831神仙打架我散如何应对？（周日晚九点半开）; 20251006三大高爆发力的B2买入法（10.6晚八）; 20260330 全面推演美军若地面取胜概率（周日晚八）; 20251217为什么说散户输在没有交易节奏（周三晚八）; 20260429三种常用战法摸底考; 20250922全网独家解析大A暗战！; 20251022独门对称战法看透主力真实意图（周三晚八）; 20251210成交量与股价最真实的关系 （周三晚八）; 20250702（周三晚8）; 20250903今天才有点儿内个意思~（周三晚八开）; 20250716百战案例砸实基本功（晚八点半开）; 20260220瑜伽裤战法; 20251203交易中如何调整“手紧手松”？（周三晚八）; 20260219 进阶】如何大幅提高选股的成功率; 20251027牛市里的三大散户魔咒（周日晚九半）; 20260204  当前环境下最好的交易策略~; 20251009闲聊; 20260318砖型图的核心用法（周三晚八）; 20260311九篇心法精讲（十年后版） 周三晚九; 20260304 为什么又被炸成德A兰？（周三晚八）; 20260121开枝散叶，踏准节奏; 20250730重要的防卖飞策略（周三晚八）; 20251123蛋比时间~; 20251020枪林弹雨的十月该如何应对？（周日晚八）"
"M3"	"卖点与破位"	"击穿对手盘"	"18"	"110"	"5"	"8"	"已覆盖"	"life-decision.md; trading-core.md; trading-psychology.md; life-decision-research.md; framework-extraction.md"	"20260211节前答疑时间; 20260415知行交易模块总结; 20260408筹码理论在当今A股的应用; 20260419如何从产业视角看投资; 20251231最难一课之击穿对手盘！; 20260202 喝茶聊聊天~; 20260422MACD; 20260412下阶段主线与支线; 20260105 中国消费：谁先变革谁早超生！（日晚八）; 20260107 B2买点案例精讲（周三晚八）; 20260301 10张难看图形绝不能碰！（周日晚八）; 20260112 当前行情下5种散户常犯错误！（周日晚八）; 20260219 进阶】如何大幅提高选股的成功率; 20260204  当前环境下最好的交易策略~; 20260318砖型图的核心用法（周三晚八）; 20260311九篇心法精讲（十年后版） 周三晚九; 20260304 为什么又被炸成德A兰？（周三晚八）; 20260121开枝散叶，踏准节奏"
"M3"	"卖点与破位"	"忍一根"	"9"	"24"	"1"	"1"	"薄弱"	"trading-core.md"	"20260415知行交易模块总结; 20260325 砖型图的三种定式（周三晚7点30）; 20260202 喝茶聊聊天~; 20260422MACD; 20260412下阶段主线与支线; 20260309补充两个重要技能点; 20260301 10张难看图形绝不能碰！（周日晚八）; 20260219 进阶】如何大幅提高选股的成功率; 20260311九篇心法精讲（十年后版） 周三晚九"
"M3"	"卖点与破位"	"死叉"	"35"	"238"	"8"	"33"	"已覆盖"	"trading-core.md; indicators.md; signal_dictionary.md; heuristics.md; sell-discipline.md; reference\thresholds.md; strategies\choppy-market-sop.md; trend-lines.md"	"20251112仓位管理如何大幅提升赚钱效率（周三晚8）; 20251221茶人小叙~; 20250611特训（周三晚八）; 20251208老主线的新叙事！; 20260415知行交易模块总结; 20260404 二楼补钟：重要一课; 20250806大盘调整期如何找到强壮宝宝（周三晚八开）; 20250907九月锦囊+二楼（周日晚八开）; 20250924散户都给我删掉这五种思维！（周三晚八开）; 20251004双线战法的核心逻辑（10.4晚八开）; 20251012川子又来搞事情了？（周日晚八）; 20260422MACD; 20250906厦门二楼~; 20250914如何做一位斗牛士？（周日晚八点十分）; 20251201msfdc~; 20250910牛市偷懒法～（周三晚八开）; 20250824牛市未来如何逃顶？（周日晚八）; 20251214扯淡局~; 20260107 B2买点案例精讲（周三晚八）; 20250430; 20251119为你的“知行合一账户”充值～（周三晚八）; 20260404重要一课（周六晚八）; 20250507; 20260112 当前行情下5种散户常犯错误！（周日晚八）; 20250514; 20260114  打窝结束！如何变阵？; 20250831神仙打架我散如何应对？（周日晚九点半开）; 20260429三种常用战法摸底考; 20250903今天才有点儿内个意思~（周三晚八开）; 20251203交易中如何调整“手紧手松”？（周三晚八）; 20260318砖型图的核心用法（周三晚八）; 20260304 为什么又被炸成德A兰？（周三晚八）; 20260121开枝散叶，踏准节奏; 20250730重要的防卖飞策略（周三晚八）; 20251020枪林弹雨的十月该如何应对？（周日晚八）"
"M3"	"卖点与破位"	"假零"	"1"	"2"	"0"	"0"	"★缺失"	""	"20260415知行交易模块总结"
"M3"	"卖点与破位"	"贾玲"	"4"	"11"	"0"	"0"	"★缺失"	""	"20260415知行交易模块总结; 20260325 砖型图的三种定式（周三晚7点30）; 20260419如何从产业视角看投资; 20260107 B2买点案例精讲（周三晚八）"
"M3"	"卖点与破位"	"出货"	"84"	"1439"	"17"	"73"	"已覆盖"	"trading-core.md; key-candles.md; indicators.md; advanced-patterns.md; exit-strategies.md; position-management.md; business-judgment.md; heuristics.md; market-macro.md; stock-glossary.md; four-rhythms.md; trading-psychology.md; workflow.md; iron-butterfly.md; sell-discipline.md; reference\thresholds.md; strategies\choppy-market-sop.md"	"20251112仓位管理如何大幅提升赚钱效率（周三晚8）; 20260209务必高度重视川子喊单10万点~; 20251116重点板块视察~; 20260211节前答疑时间; 20251221茶人小叙~; 20250611特训（周三晚八）; 20251208老主线的新叙事！; 20260322 砍柴，挑水，做饭; 20250819如何买到当日最强？（周二晚八开）; 20260415知行交易模块总结; 20260316 先破坏，再建设。（周日晚八）; 20260404 二楼补钟：重要一课; 20250806大盘调整期如何找到强壮宝宝（周三晚八开）; 20260408筹码理论在当今A股的应用; 20260325 砖型图的三种定式（周三晚7点30）; 20260224展望节后行情如何演绎？; 20250917主力出货的五种经典方式（周三晚八开）; 20250924散户都给我删掉这五种思维！（周三晚八开）; 20260419如何从产业视角看投资; 20250423; 20250813内部交流; 20251004双线战法的核心逻辑（10.4晚八开）; 20251231最难一课之击穿对手盘！; 20250601端午特训第二期; 20251229茶人小叙~; 20260202 喝茶聊聊天~; 20251012川子又来搞事情了？（周日晚八）; 20260422MACD; 20250906厦门二楼~; 20250914如何做一位斗牛士？（周日晚八点十分）; 20250720闭门会bbb; 20260412下阶段主线与支线; 20260426从产业资本看投资; 20251029沉舟千帆，步步为营。（周三晚八）; 20250910牛市偷懒法～（周三晚八开）; 20251126Z家军之每日5步极简工作流精讲（三晚8）; 20250824牛市未来如何逃顶？（周日晚八）; 20251214扯淡局~; 20260309补充两个重要技能点; 20250723麒麟会如何运作一个票？（周三晚八）; 20251103下一个“比亚迪”在哪里？（周日晚八）; 20250709大富翁之夜交易的节奏（晚八开）; 20260107 B2买点案例精讲（周三晚八）; 20250430; 20251015关键K的重要价值（周三晚八）; 20250712加餐聊会儿; 20251105期中考试（周三晚八）; 20251119为你的“知行合一账户”充值～（周三晚八）; 20260404重要一课（周六晚八）; 20250507; 20250626填坑补充; 20260301 10张难看图形绝不能碰！（周日晚八）; 20251110扯会儿淡~; 20250618创新药五大方向（周三晚九开; 20250827指数贡献策略防踏空（周三晚八）; 20260406; 20250625特训坑里起好货; 20250514; 20251224底部暴力K线擒大牛; 20260114  打窝结束！如何变阵？; 20250831神仙打架我散如何应对？（周日晚九点半开）; 20251006三大高爆发力的B2买入法（10.6晚八）; 20260330 全面推演美军若地面取胜概率（周日晚八）; 20251217为什么说散户输在没有交易节奏（周三晚八）; 20260429三种常用战法摸底考; 20250922全网独家解析大A暗战！; 20251022独门对称战法看透主力真实意图（周三晚八）; 20251210成交量与股价最真实的关系 （周三晚八）; 20250702（周三晚8）; 20250903今天才有点儿内个意思~（周三晚八开）; 20250716百战案例砸实基本功（晚八点半开）; 20250531端午特训第一期; 20251203交易中如何调整“手紧手松”？（周三晚八）; 20260219 进阶】如何大幅提高选股的成功率; 20251027牛市里的三大散户魔咒（周日晚九半）; 20260204  当前环境下最好的交易策略~; 20251009闲聊; 20260318砖型图的核心用法（周三晚八）; 20260311九篇心法精讲（十年后版） 周三晚九; 20260304 为什么又被炸成德A兰？（周三晚八）; 20260121开枝散叶，踏准节奏; 20250730重要的防卖飞策略（周三晚八）; 20251123蛋比时间~; 20251020枪林弹雨的十月该如何应对？（周日晚八）"
"M3"	"卖点与破位"	"逃顶"	"10"	"32"	"9"	"17"	"已覆盖"	"key-candles.md; advanced-patterns.md; exit-strategies.md; heuristics.md; market-macro.md; four-rhythms.md; sell-discipline.md; reference\thresholds.md; framework-extraction.md"	"20251112仓位管理如何大幅提升赚钱效率（周三晚8）; 20260408筹码理论在当今A股的应用; 20251012川子又来搞事情了？（周日晚八）; 20260422MACD; 20250914如何做一位斗牛士？（周日晚八点十分）; 20260426从产业资本看投资; 20250824牛市未来如何逃顶？（周日晚八）; 20260301 10张难看图形绝不能碰！（周日晚八）; 20251110扯会儿淡~; 20260204  当前环境下最好的交易策略~"
"M3"	"卖点与破位"	"卖飞"	"25"	"113"	"17"	"47"	"已覆盖"	"life-decision.md; trading-core.md; three-best-principles.md; indicators.md; exit-strategies.md; signal_dictionary.md; heuristics.md; stock-glossary.md; four-rhythms.md; trading-psychology.md; life-decision-research.md; workflow.md; portfolio-management.md; sell-discipline.md; reference\thresholds.md; strategies\choppy-market-sop.md; framework-extraction.md"	"20251112仓位管理如何大幅提升赚钱效率（周三晚8）; 20250819如何买到当日最强？（周二晚八开）; 20250806大盘调整期如何找到强壮宝宝（周三晚八开）; 20260325 砖型图的三种定式（周三晚7点30）; 20250907九月锦囊+二楼（周日晚八开）; 20250924散户都给我删掉这五种思维！（周三晚八开）; 20250813内部交流; 20251012川子又来搞事情了？（周日晚八）; 20250914如何做一位斗牛士？（周日晚八点十分）; 20250720闭门会bbb; 20250910牛市偷懒法～（周三晚八开）; 20250824牛市未来如何逃顶？（周日晚八）; 20250709大富翁之夜交易的节奏（晚八开）; 20260107 B2买点案例精讲（周三晚八）; 20251105期中考试（周三晚八）; 20250827指数贡献策略防踏空（周三晚八）; 20260112 当前行情下5种散户常犯错误！（周日晚八）; 20250625特训坑里起好货; 20260114  打窝结束！如何变阵？; 20250831神仙打架我散如何应对？（周日晚九点半开）; 20250922全网独家解析大A暗战！; 20250903今天才有点儿内个意思~（周三晚八开）; 20260220瑜伽裤战法; 20260121开枝散叶，踏准节奏; 20250730重要的防卖飞策略（周三晚八）"
"M3"	"卖点与破位"	"牵牛绳"	"34"	"153"	"3"	"4"	"已覆盖"	"stock-glossary.md; trading-psychology.md; trend-lines.md"	"20251112仓位管理如何大幅提升赚钱效率（周三晚8）; 20260209务必高度重视川子喊单10万点~; 20260211节前答疑时间; 20260415知行交易模块总结; 20260316 先破坏，再建设。（周日晚八）; 20250917主力出货的五种经典方式（周三晚八开）; 20251004双线战法的核心逻辑（10.4晚八开）; 20251229茶人小叙~; 20260202 喝茶聊聊天~; 20251012川子又来搞事情了？（周日晚八）; 20260422MACD; 20251029沉舟千帆，步步为营。（周三晚八）; 20251126Z家军之每日5步极简工作流精讲（三晚8）; 20251214扯淡局~; 20251103下一个“比亚迪”在哪里？（周日晚八）; 20260107 B2买点案例精讲（周三晚八）; 20251015关键K的重要价值（周三晚八）; 20251105期中考试（周三晚八）; 20251119为你的“知行合一账户”充值～（周三晚八）; 20251110扯会儿淡~; 20260114  打窝结束！如何变阵？; 20251006三大高爆发力的B2买入法（10.6晚八）; 20260330 全面推演美军若地面取胜概率（周日晚八）; 20260429三种常用战法摸底考; 20250922全网独家解析大A暗战！; 20251022独门对称战法看透主力真实意图（周三晚八）; 20251203交易中如何调整“手紧手松”？（周三晚八）; 20260219 进阶】如何大幅提高选股的成功率; 20251027牛市里的三大散户魔咒（周日晚九半）; 20260204  当前环境下最好的交易策略~; 20260311九篇心法精讲（十年后版） 周三晚九; 20260304 为什么又被炸成德A兰？（周三晚八）; 20251123蛋比时间~; 20251020枪林弹雨的十月该如何应对？（周日晚八）"
"M3"	"卖点与破位"	"五种出货"	"8"	"18"	"0"	"0"	"★缺失"	""	"20260209务必高度重视川子喊单10万点~; 20260415知行交易模块总结; 20250917主力出货的五种经典方式（周三晚八开）; 20260202 喝茶聊聊天~; 20251012川子又来搞事情了？（周日晚八）; 20251214扯淡局~; 20250922全网独家解析大A暗战！; 20251020枪林弹雨的十月该如何应对？（周日晚八）"
"M4"	"理论武器库"	"关键K"	"43"	"444"	"1"	"2"	"薄弱"	"signal_dictionary.md"	"20251112仓位管理如何大幅提升赚钱效率（周三晚8）; 20260209务必高度重视川子喊单10万点~; 20251116重点板块视察~; 20260211节前答疑时间; 20250611特训（周三晚八）; 20260415知行交易模块总结; 20260325 砖型图的三种定式（周三晚7点30）; 20260224展望节后行情如何演绎？; 20250423; 20251231最难一课之击穿对手盘！; 20250601端午特训第二期; 20251229茶人小叙~; 20260202 喝茶聊聊天~; 20250906厦门二楼~; 20251201msfdc~; 20251029沉舟千帆，步步为营。（周三晚八）; 20260105 中国消费：谁先变革谁早超生！（日晚八）; 20251126Z家军之每日5步极简工作流精讲（三晚8）; 20251214扯淡局~; 20250723麒麟会如何运作一个票？（周三晚八）; 20251103下一个“比亚迪”在哪里？（周日晚八）; 20250709大富翁之夜交易的节奏（晚八开）; 20260107 B2买点案例精讲（周三晚八）; 20251015关键K的重要价值（周三晚八）; 20251105期中考试（周三晚八）; 20250507; 20260301 10张难看图形绝不能碰！（周日晚八）; 20251110扯会儿淡~; 20250618创新药五大方向（周三晚九开; 20250625特训坑里起好货; 20250514; 20251224底部暴力K线擒大牛; 20260114  打窝结束！如何变阵？; 20251022独门对称战法看透主力真实意图（周三晚八）; 20250702（周三晚8）; 20250903今天才有点儿内个意思~（周三晚八开）; 20250716百战案例砸实基本功（晚八点半开）; 20260220瑜伽裤战法; 20251203交易中如何调整“手紧手松”？（周三晚八）; 20260219 进阶】如何大幅提高选股的成功率; 20251027牛市里的三大散户魔咒（周日晚九半）; 20260304 为什么又被炸成德A兰？（周三晚八）; 20251020枪林弹雨的十月该如何应对？（周日晚八）"
"M4"	"理论武器库"	"暴力K"	"20"	"138"	"1"	"2"	"薄弱"	"signal_dictionary.md"	"20260209务必高度重视川子喊单10万点~; 20260211节前答疑时间; 20260415知行交易模块总结; 20260325 砖型图的三种定式（周三晚7点30）; 20260224展望节后行情如何演绎？; 20250917主力出货的五种经典方式（周三晚八开）; 20251231最难一课之击穿对手盘！; 20250601端午特训第二期; 20251229茶人小叙~; 20260105 中国消费：谁先变革谁早超生！（日晚八）; 20251126Z家军之每日5步极简工作流精讲（三晚8）; 20250709大富翁之夜交易的节奏（晚八开）; 20260107 B2买点案例精讲（周三晚八）; 20250514; 20251224底部暴力K线擒大牛; 20260114  打窝结束！如何变阵？; 20260220瑜伽裤战法; 20260219 进阶】如何大幅提高选股的成功率; 20260204  当前环境下最好的交易策略~; 20260304 为什么又被炸成德A兰？（周三晚八）"
"M4"	"理论武器库"	"倍量柱"	"12"	"129"	"1"	"2"	"薄弱"	"trading-core.md"	"20260415知行交易模块总结; 20251231最难一课之击穿对手盘！; 20260422MACD; 20250824牛市未来如何逃顶？（周日晚八）; 20260107 B2买点案例精讲（周三晚八）; 20251224底部暴力K线擒大牛; 20260429三种常用战法摸底考; 20251210成交量与股价最真实的关系 （周三晚八）; 20260220瑜伽裤战法; 20251009闲聊; 20260318砖型图的核心用法（周三晚八）; 20260304 为什么又被炸成德A兰？（周三晚八）"
"M4"	"理论武器库"	"异动"	"54"	"315"	"7"	"21"	"已覆盖"	"trading-core.md; indicators.md; data_dictionary.md; advanced-patterns.md; signal_dictionary.md; heuristics.md; strategies\choppy-market-sop.md"	"20260209务必高度重视川子喊单10万点~; 20250611特训（周三晚八）; 20251208老主线的新叙事！; 20250819如何买到当日最强？（周二晚八开）; 20260415知行交易模块总结; 20260224展望节后行情如何演绎？; 20250917主力出货的五种经典方式（周三晚八开）; 20250924散户都给我删掉这五种思维！（周三晚八开）; 20250813内部交流; 20251004双线战法的核心逻辑（10.4晚八开）; 20251231最难一课之击穿对手盘！; 20250601端午特训第二期; 20251229茶人小叙~; 20251012川子又来搞事情了？（周日晚八）; 20250906厦门二楼~; 20250720闭门会bbb; 20251201msfdc~; 20260412下阶段主线与支线; 20260426从产业资本看投资; 20250606充电直播; 20260105 中国消费：谁先变革谁早超生！（日晚八）; 20251126Z家军之每日5步极简工作流精讲（三晚8）; 20250824牛市未来如何逃顶？（周日晚八）; 20251214扯淡局~; 20260309补充两个重要技能点; 20250723麒麟会如何运作一个票？（周三晚八）; 20251103下一个“比亚迪”在哪里？（周日晚八）; 20260107 B2买点案例精讲（周三晚八）; 20250430; 20251015关键K的重要价值（周三晚八）; 20251105期中考试（周三晚八）; 20251119为你的“知行合一账户”充值～（周三晚八）; 20260301 10张难看图形绝不能碰！（周日晚八）; 20251110扯会儿淡~; 20250618创新药五大方向（周三晚九开; 20260406; 20251224底部暴力K线擒大牛; 20260114  打窝结束！如何变阵？; 20251006三大高爆发力的B2买入法（10.6晚八）; 20260330 全面推演美军若地面取胜概率（周日晚八）; 20251217为什么说散户输在没有交易节奏（周三晚八）; 20260429三种常用战法摸底考; 20250922全网独家解析大A暗战！; 20251022独门对称战法看透主力真实意图（周三晚八）; 20251210成交量与股价最真实的关系 （周三晚八）; 20250716百战案例砸实基本功（晚八点半开）; 20251203交易中如何调整“手紧手松”？（周三晚八）; 20260219 进阶】如何大幅提高选股的成功率; 20251027牛市里的三大散户魔咒（周日晚九半）; 20260204  当前环境下最好的交易策略~; 20260318砖型图的核心用法（周三晚八）; 20260304 为什么又被炸成德A兰？（周三晚八）; 20250730重要的防卖飞策略（周三晚八）; 20251020枪林弹雨的十月该如何应对？（周日晚八）"
"M4"	"理论武器库"	"四分之一量线"	"12"	"32"	"0"	"0"	"★缺失"	""	"20250611特训（周三晚八）; 20260415知行交易模块总结; 20250813内部交流; 20250824牛市未来如何逃顶？（周日晚八）; 20250723麒麟会如何运作一个票？（周三晚八）; 20251103下一个“比亚迪”在哪里？（周日晚八）; 20260107 B2买点案例精讲（周三晚八）; 20251015关键K的重要价值（周三晚八）; 20250507; 20250625特训坑里起好货; 20250922全网独家解析大A暗战！; 20250730重要的防卖飞策略（周三晚八）"
"M4"	"理论武器库"	"筹码"	"81"	"1452"	"15"	"62"	"已覆盖"	"life-decision.md; trading-core.md; key-candles.md; indicators.md; position-management.md; breathing-theory.md; market-macro.md; stock-glossary.md; four-rhythms.md; trading-psychology.md; career-development.md; iron-butterfly.md; sell-discipline.md; reference\thresholds.md; framework-extraction.md"	"20251112仓位管理如何大幅提升赚钱效率（周三晚8）; 20251116重点板块视察~; 20260211节前答疑时间; 20251221茶人小叙~; 20250611特训（周三晚八）; 20251208老主线的新叙事！; 20260322 砍柴，挑水，做饭; 20250819如何买到当日最强？（周二晚八开）; 20260415知行交易模块总结; 20260316 先破坏，再建设。（周日晚八）; 20260404 二楼补钟：重要一课; 20250806大盘调整期如何找到强壮宝宝（周三晚八开）; 20260408筹码理论在当今A股的应用; 20260325 砖型图的三种定式（周三晚7点30）; 20250917主力出货的五种经典方式（周三晚八开）; 20250907九月锦囊+二楼（周日晚八开）; 20250924散户都给我删掉这五种思维！（周三晚八开）; 20260419如何从产业视角看投资; 20250423; 20250813内部交流; 20251004双线战法的核心逻辑（10.4晚八开）; 20251231最难一课之击穿对手盘！; 20250601端午特训第二期; 20251229茶人小叙~; 20260202 喝茶聊聊天~; 20251012川子又来搞事情了？（周日晚八）; 20260422MACD; 20250906厦门二楼~; 20250914如何做一位斗牛士？（周日晚八点十分）; 20250720闭门会bbb; 20251201msfdc~; 20260412下阶段主线与支线; 20260426从产业资本看投资; 20251029沉舟千帆，步步为营。（周三晚八）; 20250910牛市偷懒法～（周三晚八开）; 20260105 中国消费：谁先变革谁早超生！（日晚八）; 20251126Z家军之每日5步极简工作流精讲（三晚8）; 20250824牛市未来如何逃顶？（周日晚八）; 20251214扯淡局~; 20260309补充两个重要技能点; 20250723麒麟会如何运作一个票？（周三晚八）; 20251103下一个“比亚迪”在哪里？（周日晚八）; 20250709大富翁之夜交易的节奏（晚八开）; 20260107 B2买点案例精讲（周三晚八）; 20250430; 20251015关键K的重要价值（周三晚八）; 20250712加餐聊会儿; 20251105期中考试（周三晚八）; 20251119为你的“知行合一账户”充值～（周三晚八）; 20260404重要一课（周六晚八）; 20250507; 20260301 10张难看图形绝不能碰！（周日晚八）; 20251110扯会儿淡~; 20250618创新药五大方向（周三晚九开; 20260112 当前行情下5种散户常犯错误！（周日晚八）; 20260406; 20250514; 20251224底部暴力K线擒大牛; 20260114  打窝结束！如何变阵？; 20251006三大高爆发力的B2买入法（10.6晚八）; 20251217为什么说散户输在没有交易节奏（周三晚八）; 20260429三种常用战法摸底考; 20250922全网独家解析大A暗战！; 20251022独门对称战法看透主力真实意图（周三晚八）; 20251210成交量与股价最真实的关系 （周三晚八）; 20250702（周三晚8）; 20250903今天才有点儿内个意思~（周三晚八开）; 20250716百战案例砸实基本功（晚八点半开）; 20250531端午特训第一期; 20251203交易中如何调整“手紧手松”？（周三晚八）; 20260219 进阶】如何大幅提高选股的成功率; 20251027牛市里的三大散户魔咒（周日晚九半）; 20260204  当前环境下最好的交易策略~; 20251009闲聊; 20260318砖型图的核心用法（周三晚八）; 20260311九篇心法精讲（十年后版） 周三晚九; 20260304 为什么又被炸成德A兰？（周三晚八）; 20260121开枝散叶，踏准节奏; 20250730重要的防卖飞策略（周三晚八）; 20251123蛋比时间~; 20251020枪林弹雨的十月该如何应对？（周日晚八）"
"M4"	"理论武器库"	"ABC"	"7"	"21"	"4"	"6"	"已覆盖"	"trading-core.md; data_dictionary.md; position-management.md; portfolio-management.md"	"20260415知行交易模块总结; 20251229茶人小叙~; 20260412下阶段主线与支线; 20260406; 20260114  打窝结束！如何变阵？; 20260429三种常用战法摸底考; 20260304 为什么又被炸成德A兰？（周三晚八）"
"M4"	"理论武器库"	"N型"	"70"	"514"	"4"	"5"	"已覆盖"	"trading-core.md; indicators.md; signal_dictionary.md; reference\thresholds.md"	"20251112仓位管理如何大幅提升赚钱效率（周三晚8）; 20250611特训（周三晚八）; 20251208老主线的新叙事！; 20250819如何买到当日最强？（周二晚八开）; 20260415知行交易模块总结; 20250806大盘调整期如何找到强壮宝宝（周三晚八开）; 20260408筹码理论在当今A股的应用; 20260325 砖型图的三种定式（周三晚7点30）; 20260224展望节后行情如何演绎？; 20250917主力出货的五种经典方式（周三晚八开）; 20250907九月锦囊+二楼（周日晚八开）; 20260419如何从产业视角看投资; 20250423; 20250813内部交流; 20251004双线战法的核心逻辑（10.4晚八开）; 20251231最难一课之击穿对手盘！; 20250601端午特训第二期; 20251229茶人小叙~; 20260202 喝茶聊聊天~; 20260422MACD; 20250914如何做一位斗牛士？（周日晚八点十分）; 20250720闭门会bbb; 20251201msfdc~; 20251029沉舟千帆，步步为营。（周三晚八）; 20250910牛市偷懒法～（周三晚八开）; 20251126Z家军之每日5步极简工作流精讲（三晚8）; 20250824牛市未来如何逃顶？（周日晚八）; 20251214扯淡局~; 20250723麒麟会如何运作一个票？（周三晚八）; 20251103下一个“比亚迪”在哪里？（周日晚八）; 20250709大富翁之夜交易的节奏（晚八开）; 20260107 B2买点案例精讲（周三晚八）; 20250430; 20250712加餐聊会儿; 20251105期中考试（周三晚八）; 20251119为你的“知行合一账户”充值～（周三晚八）; 20260404重要一课（周六晚八）; 20250626填坑补充; 20260301 10张难看图形绝不能碰！（周日晚八）; 20251110扯会儿淡~; 20250618创新药五大方向（周三晚九开; 20250827指数贡献策略防踏空（周三晚八）; 20260406; 20250625特训坑里起好货; 20250514; 20251224底部暴力K线擒大牛; 20260114  打窝结束！如何变阵？; 20251006三大高爆发力的B2买入法（10.6晚八）; 20260330 全面推演美军若地面取胜概率（周日晚八）; 20251217为什么说散户输在没有交易节奏（周三晚八）; 20260429三种常用战法摸底考; 20250922全网独家解析大A暗战！; 20251022独门对称战法看透主力真实意图（周三晚八）; 20251210成交量与股价最真实的关系 （周三晚八）; 20250702（周三晚8）; 20250903今天才有点儿内个意思~（周三晚八开）; 20250716百战案例砸实基本功（晚八点半开）; 20260220瑜伽裤战法; 20250531端午特训第一期; 20251203交易中如何调整“手紧手松”？（周三晚八）; 20260219 进阶】如何大幅提高选股的成功率; 20251027牛市里的三大散户魔咒（周日晚九半）; 20260204  当前环境下最好的交易策略~; 20251009闲聊; 20260318砖型图的核心用法（周三晚八）; 20260304 为什么又被炸成德A兰？（周三晚八）; 20260121开枝散叶，踏准节奏; 20250730重要的防卖飞策略（周三晚八）; 20251123蛋比时间~; 20251020枪林弹雨的十月该如何应对？（周日晚八）"
"M4"	"理论武器库"	"对称"	"28"	"527"	"6"	"34"	"已覆盖"	"trading-core.md; key-candles.md; advanced-patterns.md; heuristics.md; stock-glossary.md; strategies\choppy-market-sop.md"	"20251112仓位管理如何大幅提升赚钱效率（周三晚8）; 20251116重点板块视察~; 20250611特训（周三晚八）; 20260415知行交易模块总结; 20250806大盘调整期如何找到强壮宝宝（周三晚八开）; 20250924散户都给我删掉这五种思维！（周三晚八开）; 20250813内部交流; 20260422MACD; 20251201msfdc~; 20260412下阶段主线与支线; 20251029沉舟千帆，步步为营。（周三晚八）; 20251214扯淡局~; 20250723麒麟会如何运作一个票？（周三晚八）; 20251103下一个“比亚迪”在哪里？（周日晚八）; 20260107 B2买点案例精讲（周三晚八）; 20251105期中考试（周三晚八）; 20251119为你的“知行合一账户”充值～（周三晚八）; 20260404重要一课（周六晚八）; 20260301 10张难看图形绝不能碰！（周日晚八）; 20251110扯会儿淡~; 20251217为什么说散户输在没有交易节奏（周三晚八）; 20251022独门对称战法看透主力真实意图（周三晚八）; 20251210成交量与股价最真实的关系 （周三晚八）; 20260220瑜伽裤战法; 20251203交易中如何调整“手紧手松”？（周三晚八）; 20260219 进阶】如何大幅提高选股的成功率; 20251027牛市里的三大散户魔咒（周日晚九半）; 20260121开枝散叶，踏准节奏"
"M4"	"理论武器库"	"建仓波"	"16"	"168"	"4"	"6"	"已覆盖"	"trading-core.md; indicators.md; signal_dictionary.md; heuristics.md"	"20260415知行交易模块总结; 20250813内部交流; 20260422MACD; 20250720闭门会bbb; 20250910牛市偷懒法～（周三晚八开）; 20250824牛市未来如何逃顶？（周日晚八）; 20260309补充两个重要技能点; 20250723麒麟会如何运作一个票？（周三晚八）; 20260114  打窝结束！如何变阵？; 20250831神仙打架我散如何应对？（周日晚九点半开）; 20251006三大高爆发力的B2买入法（10.6晚八）; 20251217为什么说散户输在没有交易节奏（周三晚八）; 20260429三种常用战法摸底考; 20250903今天才有点儿内个意思~（周三晚八开）; 20250716百战案例砸实基本功（晚八点半开）; 20260219 进阶】如何大幅提高选股的成功率"
"M4"	"理论武器库"	"拉升波"	"15"	"121"	"5"	"6"	"已覆盖"	"indicators.md; position-management.md; heuristics.md; stock-glossary.md; iron-butterfly.md"	"20260415知行交易模块总结; 20250917主力出货的五种经典方式（周三晚八开）; 20250813内部交流; 20260422MACD; 20250720闭门会bbb; 20250910牛市偷懒法～（周三晚八开）; 20250824牛市未来如何逃顶？（周日晚八）; 20250723麒麟会如何运作一个票？（周三晚八）; 20260406; 20250831神仙打架我散如何应对？（周日晚九点半开）; 20251217为什么说散户输在没有交易节奏（周三晚八）; 20250716百战案例砸实基本功（晚八点半开）; 20260220瑜伽裤战法; 20260219 进阶】如何大幅提高选股的成功率; 20250730重要的防卖飞策略（周三晚八）"
"M4"	"理论武器库"	"冲刺波"	"12"	"87"	"2"	"2"	"薄弱"	"trading-core.md; indicators.md"	"20260415知行交易模块总结; 20250813内部交流; 20250720闭门会bbb; 20250910牛市偷懒法～（周三晚八开）; 20250824牛市未来如何逃顶？（周日晚八）; 20250723麒麟会如何运作一个票？（周三晚八）; 20251217为什么说散户输在没有交易节奏（周三晚八）; 20260429三种常用战法摸底考; 20250716百战案例砸实基本功（晚八点半开）; 20260220瑜伽裤战法; 20260219 进阶】如何大幅提高选股的成功率; 20250730重要的防卖飞策略（周三晚八）"
"M4"	"理论武器库"	"四块砖"	"11"	"66"	"11"	"19"	"已覆盖"	"trading-core.md; breathing-theory.md; signal_dictionary.md; trading-psychology.md; life-decision-research.md; workflow.md; sell-discipline.md; harness.md; reference\thresholds.md; strategies\choppy-market-sop.md; framework-extraction.md"	"20260322 砍柴，挑水，做饭; 20260415知行交易模块总结; 20260404 二楼补钟：重要一课; 20260325 砖型图的三种定式（周三晚7点30）; 20260422MACD; 20260412下阶段主线与支线; 20260426从产业资本看投资; 20260404重要一课（周六晚八）; 20260330 全面推演美军若地面取胜概率（周日晚八）; 20260429三种常用战法摸底考; 20260318砖型图的核心用法（周三晚八）"
"M4"	"理论武器库"	"填坑"	"23"	"117"	"2"	"3"	"薄弱"	"trading-core.md; advanced-patterns.md"	"20250611特训（周三晚八）; 20260415知行交易模块总结; 20251231最难一课之击穿对手盘！; 20260202 喝茶聊聊天~; 20251012川子又来搞事情了？（周日晚八）; 20251201msfdc~; 20251029沉舟千帆，步步为营。（周三晚八）; 20251126Z家军之每日5步极简工作流精讲（三晚8）; 20251214扯淡局~; 20251103下一个“比亚迪”在哪里？（周日晚八）; 20250709大富翁之夜交易的节奏（晚八开）; 20250712加餐聊会儿; 20250626填坑补充; 20250618创新药五大方向（周三晚九开; 20250625特训坑里起好货; 20251217为什么说散户输在没有交易节奏（周三晚八）; 20250702（周三晚8）; 20260220瑜伽裤战法; 20260219 进阶】如何大幅提高选股的成功率; 20251027牛市里的三大散户魔咒（周日晚九半）; 20260121开枝散叶，踏准节奏; 20250730重要的防卖飞策略（周三晚八）; 20251123蛋比时间~"
"M4"	"理论武器库"	"出坑"	"13"	"88"	"1"	"1"	"薄弱"	"trading-core.md"	"20251112仓位管理如何大幅提升赚钱效率（周三晚8）; 20250611特训（周三晚八）; 20260415知行交易模块总结; 20250806大盘调整期如何找到强壮宝宝（周三晚八开）; 20251012川子又来搞事情了？（周日晚八）; 20251119为你的“知行合一账户”充值～（周三晚八）; 20250626填坑补充; 20250618创新药五大方向（周三晚九开; 20250625特训坑里起好货; 20250702（周三晚8）; 20260220瑜伽裤战法; 20260219 进阶】如何大幅提高选股的成功率; 20251020枪林弹雨的十月该如何应对？（周日晚八）"
"M5"	"交易框架元认知"	"框架"	"28"	"130"	"16"	"46"	"已覆盖"	"life-decision.md; indicators.md; exit-strategies.md; business-judgment-research.md; business-judgment.md; market-macro.md; four-rhythms.md; macro\etf-strategy.md; trading-psychology.md; life-decision-research.md; workflow.md; portfolio-management.md; career-development.md; harness.md; six-tracks-2026.md; framework-extraction.md"	"20260415知行交易模块总结; 20260404 二楼补钟：重要一课; 20250907九月锦囊+二楼（周日晚八开）; 20260419如何从产业视角看投资; 20250423; 20250813内部交流; 20260422MACD; 20260426从产业资本看投资; 20250824牛市未来如何逃顶？（周日晚八）; 20250723麒麟会如何运作一个票？（周三晚八）; 20251103下一个“比亚迪”在哪里？（周日晚八）; 20250709大富翁之夜交易的节奏（晚八开）; 20260404重要一课（周六晚八）; 20251110扯会儿淡~; 20250618创新药五大方向（周三晚九开; 20250625特训坑里起好货; 20250514; 20251224底部暴力K线擒大牛; 20251217为什么说散户输在没有交易节奏（周三晚八）; 20260429三种常用战法摸底考; 20250922全网独家解析大A暗战！; 20251022独门对称战法看透主力真实意图（周三晚八）; 20251210成交量与股价最真实的关系 （周三晚八）; 20250702（周三晚8）; 20250716百战案例砸实基本功（晚八点半开）; 20250531端午特训第一期; 20251203交易中如何调整“手紧手松”？（周三晚八）; 20260318砖型图的核心用法（周三晚八）"
"M5"	"交易框架元认知"	"模块化"	"2"	"8"	"3"	"3"	"已覆盖"	"trading-core.md; indicators.md; harness.md"	"20260415知行交易模块总结; 20260426从产业资本看投资"
"M5"	"交易框架元认知"	"简单化"	"3"	"5"	"0"	"0"	"★缺失"	""	"20251112仓位管理如何大幅提升赚钱效率（周三晚8）; 20260415知行交易模块总结; 20251103下一个“比亚迪”在哪里？（周日晚八）"
"M5"	"交易框架元认知"	"一把一结"	"1"	"2"	"0"	"0"	"★缺失"	""	"20260415知行交易模块总结"
"M5"	"交易框架元认知"	"动态仓"	"12"	"89"	"4"	"8"	"已覆盖"	"position-management.md; market-macro.md; portfolio-management.md; reference\thresholds.md"	"20260211节前答疑时间; 20251221茶人小叙~; 20260415知行交易模块总结; 20260408筹码理论在当今A股的应用; 20260224展望节后行情如何演绎？; 20260202 喝茶聊聊天~; 20251217为什么说散户输在没有交易节奏（周三晚八）; 20260204  当前环境下最好的交易策略~; 20260318砖型图的核心用法（周三晚八）; 20260311九篇心法精讲（十年后版） 周三晚九; 20260304 为什么又被炸成德A兰？（周三晚八）; 20260121开枝散叶，踏准节奏"
"M5"	"交易框架元认知"	"底仓"	"59"	"274"	"6"	"11"	"已覆盖"	"indicators.md; position-management.md; market-macro.md; portfolio-management.md; sell-discipline.md; reference\thresholds.md"	"20260209务必高度重视川子喊单10万点~; 20251116重点板块视察~; 20260211节前答疑时间; 20251221茶人小叙~; 20250611特训（周三晚八）; 20251208老主线的新叙事！; 20260415知行交易模块总结; 20260316 先破坏，再建设。（周日晚八）; 20260404 二楼补钟：重要一课; 20260408筹码理论在当今A股的应用; 20260224展望节后行情如何演绎？; 20250917主力出货的五种经典方式（周三晚八开）; 20250907九月锦囊+二楼（周日晚八开）; 20250423; 20250813内部交流; 20250601端午特训第二期; 20251229茶人小叙~; 20260202 喝茶聊聊天~; 20251012川子又来搞事情了？（周日晚八）; 20260422MACD; 20250914如何做一位斗牛士？（周日晚八点十分）; 20260412下阶段主线与支线; 20260426从产业资本看投资; 20251029沉舟千帆，步步为营。（周三晚八）; 20250910牛市偷懒法～（周三晚八开）; 20260105 中国消费：谁先变革谁早超生！（日晚八）; 20251126Z家军之每日5步极简工作流精讲（三晚8）; 20250824牛市未来如何逃顶？（周日晚八）; 20260309补充两个重要技能点; 20250723麒麟会如何运作一个票？（周三晚八）; 20251103下一个“比亚迪”在哪里？（周日晚八）; 20250430; 20251015关键K的重要价值（周三晚八）; 20251119为你的“知行合一账户”充值～（周三晚八）; 20260404重要一课（周六晚八）; 20251110扯会儿淡~; 20250618创新药五大方向（周三晚九开; 20250827指数贡献策略防踏空（周三晚八）; 20260406; 20250514; 20251224底部暴力K线擒大牛; 20260114  打窝结束！如何变阵？; 20251006三大高爆发力的B2买入法（10.6晚八）; 20251217为什么说散户输在没有交易节奏（周三晚八）; 20260429三种常用战法摸底考; 20250922全网独家解析大A暗战！; 20251210成交量与股价最真实的关系 （周三晚八）; 20250702（周三晚8）; 20250716百战案例砸实基本功（晚八点半开）; 20260220瑜伽裤战法; 20250531端午特训第一期; 20251203交易中如何调整“手紧手松”？（周三晚八）; 20251027牛市里的三大散户魔咒（周日晚九半）; 20260204  当前环境下最好的交易策略~; 20260318砖型图的核心用法（周三晚八）; 20260311九篇心法精讲（十年后版） 周三晚九; 20260304 为什么又被炸成德A兰？（周三晚八）; 20260121开枝散叶，踏准节奏; 20251020枪林弹雨的十月该如何应对？（周日晚八）"
"M5"	"交易框架元认知"	"二元对立"	"2"	"6"	"0"	"0"	"★缺失"	""	"20260415知行交易模块总结; 20260406"
"M5"	"交易框架元认知"	"知行合一"	"30"	"118"	"5"	"5"	"已覆盖"	"life-decision.md; trading-core.md; indicators.md; trading-psychology.md; life-decision-research.md"	"20251112仓位管理如何大幅提升赚钱效率（周三晚8）; 20251208老主线的新叙事！; 20260404 二楼补钟：重要一课; 20260325 砖型图的三种定式（周三晚7点30）; 20250924散户都给我删掉这五种思维！（周三晚八开）; 20250423; 20250813内部交流; 20251004双线战法的核心逻辑（10.4晚八开）; 20251231最难一课之击穿对手盘！; 20250601端午特训第二期; 20251229茶人小叙~; 20251012川子又来搞事情了？（周日晚八）; 20250914如何做一位斗牛士？（周日晚八点十分）; 20260412下阶段主线与支线; 20250723麒麟会如何运作一个票？（周三晚八）; 20251103下一个“比亚迪”在哪里？（周日晚八）; 20250430; 20250712加餐聊会儿; 20251105期中考试（周三晚八）; 20251119为你的“知行合一账户”充值～（周三晚八）; 20260404重要一课（周六晚八）; 20251110扯会儿淡~; 20260406; 20250625特训坑里起好货; 20260429三种常用战法摸底考; 20251210成交量与股价最真实的关系 （周三晚八）; 20250702（周三晚8）; 20251203交易中如何调整“手紧手松”？（周三晚八）; 20260318砖型图的核心用法（周三晚八）; 20251020枪林弹雨的十月该如何应对？（周日晚八）"
"M5"	"交易框架元认知"	"交作业"	"10"	"13"	"1"	"1"	"薄弱"	"workflow.md"	"20250611特训（周三晚八）; 20260415知行交易模块总结; 20260316 先破坏，再建设。（周日晚八）; 20250601端午特训第二期; 20260422MACD; 20250723麒麟会如何运作一个票？（周三晚八）; 20260301 10张难看图形绝不能碰！（周日晚八）; 20260429三种常用战法摸底考; 20251203交易中如何调整“手紧手松”？（周三晚八）; 20251027牛市里的三大散户魔咒（周日晚九半）"
"M5"	"交易框架元认知"	"肌肉记忆"	"13"	"19"	"0"	"0"	"★缺失"	""	"20260415知行交易模块总结; 20260316 先破坏，再建设。（周日晚八）; 20260408筹码理论在当今A股的应用; 20251231最难一课之击穿对手盘！; 20250601端午特训第二期; 20260422MACD; 20260105 中国消费：谁先变革谁早超生！（日晚八）; 20251103下一个“比亚迪”在哪里？（周日晚八）; 20251119为你的“知行合一账户”充值～（周三晚八）; 20251210成交量与股价最真实的关系 （周三晚八）; 20250531端午特训第一期; 20260219 进阶】如何大幅提高选股的成功率; 20251027牛市里的三大散户魔咒（周日晚九半）"
"M5"	"交易框架元认知"	"纪律"	"76"	"749"	"20"	"55"	"已覆盖"	"life-decision.md; trading-core.md; three-best-principles.md; indicators.md; advanced-patterns.md; position-management.md; business-judgment-research.md; business-judgment.md; heuristics.md; four-rhythms.md; trading-psychology.md; life-decision-research.md; workflow.md; portfolio-management.md; career-development.md; sell-discipline.md; harness.md; reference\thresholds.md; strategies\choppy-market-sop.md; framework-extraction.md"	"20251112仓位管理如何大幅提升赚钱效率（周三晚8）; 20260209务必高度重视川子喊单10万点~; 20251116重点板块视察~; 20260211节前答疑时间; 20251221茶人小叙~; 20250611特训（周三晚八）; 20251208老主线的新叙事！; 20260322 砍柴，挑水，做饭; 20250819如何买到当日最强？（周二晚八开）; 20260415知行交易模块总结; 20260316 先破坏，再建设。（周日晚八）; 20260404 二楼补钟：重要一课; 20250806大盘调整期如何找到强壮宝宝（周三晚八开）; 20260408筹码理论在当今A股的应用; 20260325 砖型图的三种定式（周三晚7点30）; 20250917主力出货的五种经典方式（周三晚八开）; 20250924散户都给我删掉这五种思维！（周三晚八开）; 20260419如何从产业视角看投资; 20250423; 20250813内部交流; 20251004双线战法的核心逻辑（10.4晚八开）; 20251231最难一课之击穿对手盘！; 20250601端午特训第二期; 20251012川子又来搞事情了？（周日晚八）; 20260422MACD; 20250906厦门二楼~; 20250914如何做一位斗牛士？（周日晚八点十分）; 20250720闭门会bbb; 20260412下阶段主线与支线; 20250606充电直播; 20250910牛市偷懒法～（周三晚八开）; 20251126Z家军之每日5步极简工作流精讲（三晚8）; 20250824牛市未来如何逃顶？（周日晚八）; 20251214扯淡局~; 20260309补充两个重要技能点; 20250723麒麟会如何运作一个票？（周三晚八）; 20251103下一个“比亚迪”在哪里？（周日晚八）; 20250709大富翁之夜交易的节奏（晚八开）; 20260107 B2买点案例精讲（周三晚八）; 20250430; 20251015关键K的重要价值（周三晚八）; 20250712加餐聊会儿; 20251105期中考试（周三晚八）; 20251119为你的“知行合一账户”充值～（周三晚八）; 20260404重要一课（周六晚八）; 20250507; 20260301 10张难看图形绝不能碰！（周日晚八）; 20251110扯会儿淡~; 20250618创新药五大方向（周三晚九开; 20250827指数贡献策略防踏空（周三晚八）; 20260406; 20250625特训坑里起好货; 20250514; 20251224底部暴力K线擒大牛; 20260114  打窝结束！如何变阵？; 20251006三大高爆发力的B2买入法（10.6晚八）; 20260330 全面推演美军若地面取胜概率（周日晚八）; 20251217为什么说散户输在没有交易节奏（周三晚八）; 20260429三种常用战法摸底考; 20250922全网独家解析大A暗战！; 20251210成交量与股价最真实的关系 （周三晚八）; 20250702（周三晚8）; 20250716百战案例砸实基本功（晚八点半开）; 20260220瑜伽裤战法; 20250531端午特训第一期; 20251203交易中如何调整“手紧手松”？（周三晚八）; 20260219 进阶】如何大幅提高选股的成功率; 20251027牛市里的三大散户魔咒（周日晚九半）; 20260204  当前环境下最好的交易策略~; 20260318砖型图的核心用法（周三晚八）; 20260311九篇心法精讲（十年后版） 周三晚九; 20260304 为什么又被炸成德A兰？（周三晚八）; 20260121开枝散叶，踏准节奏; 20250730重要的防卖飞策略（周三晚八）; 20251123蛋比时间~; 20251020枪林弹雨的十月该如何应对？（周日晚八）"
"M6"	"心态与人性"	"心态"	"79"	"491"	"9"	"23"	"已覆盖"	"life-decision.md; trading-core.md; position-management.md; trading-psychology.md; life-decision-research.md; workflow.md; reference\thresholds.md; strategies\choppy-market-sop.md; framework-extraction.md"	"20251112仓位管理如何大幅提升赚钱效率（周三晚8）; 20260209务必高度重视川子喊单10万点~; 20251116重点板块视察~; 20260211节前答疑时间; 20251221茶人小叙~; 20250611特训（周三晚八）; 20260322 砍柴，挑水，做饭; 20250819如何买到当日最强？（周二晚八开）; 20260415知行交易模块总结; 20260316 先破坏，再建设。（周日晚八）; 20260404 二楼补钟：重要一课; 20250806大盘调整期如何找到强壮宝宝（周三晚八开）; 20260408筹码理论在当今A股的应用; 20260325 砖型图的三种定式（周三晚7点30）; 20250917主力出货的五种经典方式（周三晚八开）; 20250907九月锦囊+二楼（周日晚八开）; 20250924散户都给我删掉这五种思维！（周三晚八开）; 20260419如何从产业视角看投资; 20250423; 20250813内部交流; 20251004双线战法的核心逻辑（10.4晚八开）; 20251231最难一课之击穿对手盘！; 20250601端午特训第二期; 20260202 喝茶聊聊天~; 20251012川子又来搞事情了？（周日晚八）; 20260422MACD; 20250906厦门二楼~; 20250914如何做一位斗牛士？（周日晚八点十分）; 20250720闭门会bbb; 20260412下阶段主线与支线; 20260426从产业资本看投资; 20251029沉舟千帆，步步为营。（周三晚八）; 20250606充电直播; 20250910牛市偷懒法～（周三晚八开）; 20260105 中国消费：谁先变革谁早超生！（日晚八）; 20251126Z家军之每日5步极简工作流精讲（三晚8）; 20250824牛市未来如何逃顶？（周日晚八）; 20250723麒麟会如何运作一个票？（周三晚八）; 20251103下一个“比亚迪”在哪里？（周日晚八）; 20250709大富翁之夜交易的节奏（晚八开）; 20260107 B2买点案例精讲（周三晚八）; 20250430; 20251015关键K的重要价值（周三晚八）; 20250712加餐聊会儿; 20251105期中考试（周三晚八）; 20251119为你的“知行合一账户”充值～（周三晚八）; 20260404重要一课（周六晚八）; 20250507; 20250626填坑补充; 20251110扯会儿淡~; 20250618创新药五大方向（周三晚九开; 20250827指数贡献策略防踏空（周三晚八）; 20260112 当前行情下5种散户常犯错误！（周日晚八）; 20260406; 20250625特训坑里起好货; 20250514; 20251224底部暴力K线擒大牛; 20260114  打窝结束！如何变阵？; 20251006三大高爆发力的B2买入法（10.6晚八）; 20260330 全面推演美军若地面取胜概率（周日晚八）; 20251217为什么说散户输在没有交易节奏（周三晚八）; 20260429三种常用战法摸底考; 20250922全网独家解析大A暗战！; 20251022独门对称战法看透主力真实意图（周三晚八）; 20251210成交量与股价最真实的关系 （周三晚八）; 20250702（周三晚8）; 20250903今天才有点儿内个意思~（周三晚八开）; 20250716百战案例砸实基本功（晚八点半开）; 20260220瑜伽裤战法; 20250531端午特训第一期; 20251203交易中如何调整“手紧手松”？（周三晚八）; 20260219 进阶】如何大幅提高选股的成功率; 20251027牛市里的三大散户魔咒（周日晚九半）; 20260204  当前环境下最好的交易策略~; 20260318砖型图的核心用法（周三晚八）; 20260311九篇心法精讲（十年后版） 周三晚九; 20260121开枝散叶，踏准节奏; 20250730重要的防卖飞策略（周三晚八）; 20251020枪林弹雨的十月该如何应对？（周日晚八）"
"M6"	"心态与人性"	"情绪"	"72"	"333"	"5"	"8"	"已覆盖"	"trading-core.md; stock-glossary.md; trading-psychology.md; life-decision-research.md; workflow.md"	"20251112仓位管理如何大幅提升赚钱效率（周三晚8）; 20251116重点板块视察~; 20260211节前答疑时间; 20251221茶人小叙~; 20250611特训（周三晚八）; 20251208老主线的新叙事！; 20260322 砍柴，挑水，做饭; 20250819如何买到当日最强？（周二晚八开）; 20260415知行交易模块总结; 20260316 先破坏，再建设。（周日晚八）; 20260404 二楼补钟：重要一课; 20260408筹码理论在当今A股的应用; 20260325 砖型图的三种定式（周三晚7点30）; 20250907九月锦囊+二楼（周日晚八开）; 20250924散户都给我删掉这五种思维！（周三晚八开）; 20260419如何从产业视角看投资; 20250813内部交流; 20251004双线战法的核心逻辑（10.4晚八开）; 20251231最难一课之击穿对手盘！; 20250601端午特训第二期; 20251229茶人小叙~; 20251012川子又来搞事情了？（周日晚八）; 20260422MACD; 20250914如何做一位斗牛士？（周日晚八点十分）; 20251201msfdc~; 20260412下阶段主线与支线; 20260426从产业资本看投资; 20251029沉舟千帆，步步为营。（周三晚八）; 20250606充电直播; 20250910牛市偷懒法～（周三晚八开）; 20251126Z家军之每日5步极简工作流精讲（三晚8）; 20250824牛市未来如何逃顶？（周日晚八）; 20251214扯淡局~; 20260309补充两个重要技能点; 20250723麒麟会如何运作一个票？（周三晚八）; 20251103下一个“比亚迪”在哪里？（周日晚八）; 20250709大富翁之夜交易的节奏（晚八开）; 20250430; 20251015关键K的重要价值（周三晚八）; 20250712加餐聊会儿; 20251105期中考试（周三晚八）; 20251119为你的“知行合一账户”充值～（周三晚八）; 20260404重要一课（周六晚八）; 20250507; 20251110扯会儿淡~; 20250618创新药五大方向（周三晚九开; 20250827指数贡献策略防踏空（周三晚八）; 20260406; 20250625特训坑里起好货; 20250514; 20251224底部暴力K线擒大牛; 20251006三大高爆发力的B2买入法（10.6晚八）; 20260429三种常用战法摸底考; 20250922全网独家解析大A暗战！; 20251022独门对称战法看透主力真实意图（周三晚八）; 20251210成交量与股价最真实的关系 （周三晚八）; 20250702（周三晚8）; 20250903今天才有点儿内个意思~（周三晚八开）; 20250716百战案例砸实基本功（晚八点半开）; 20260220瑜伽裤战法; 20250531端午特训第一期; 20251203交易中如何调整“手紧手松”？（周三晚八）; 20260219 进阶】如何大幅提高选股的成功率; 20251027牛市里的三大散户魔咒（周日晚九半）; 20260204  当前环境下最好的交易策略~; 20251009闲聊; 20260318砖型图的核心用法（周三晚八）; 20260304 为什么又被炸成德A兰？（周三晚八）; 20260121开枝散叶，踏准节奏; 20250730重要的防卖飞策略（周三晚八）; 20251123蛋比时间~; 20251020枪林弹雨的十月该如何应对？（周日晚八）"
"M6"	"心态与人性"	"人性"	"37"	"70"	"6"	"11"	"已覆盖"	"life-decision.md; key-candles.md; business-judgment-research.md; business-judgment.md; trading-psychology.md; life-decision-research.md"	"20250611特训（周三晚八）; 20260322 砍柴，挑水，做饭; 20250819如何买到当日最强？（周二晚八开）; 20260415知行交易模块总结; 20260404 二楼补钟：重要一课; 20250806大盘调整期如何找到强壮宝宝（周三晚八开）; 20260325 砖型图的三种定式（周三晚7点30）; 20250917主力出货的五种经典方式（周三晚八开）; 20260419如何从产业视角看投资; 20250423; 20250813内部交流; 20251231最难一课之击穿对手盘！; 20250906厦门二楼~; 20250914如何做一位斗牛士？（周日晚八点十分）; 20260412下阶段主线与支线; 20250606充电直播; 20250910牛市偷懒法～（周三晚八开）; 20250824牛市未来如何逃顶？（周日晚八）; 20250723麒麟会如何运作一个票？（周三晚八）; 20260107 B2买点案例精讲（周三晚八）; 20250712加餐聊会儿; 20260404重要一课（周六晚八）; 20250618创新药五大方向（周三晚九开; 20260406; 20250514; 20251224底部暴力K线擒大牛; 20260330 全面推演美军若地面取胜概率（周日晚八）; 20250922全网独家解析大A暗战！; 20251022独门对称战法看透主力真实意图（周三晚八）; 20250702（周三晚8）; 20260220瑜伽裤战法; 20250531端午特训第一期; 20251203交易中如何调整“手紧手松”？（周三晚八）; 20260204  当前环境下最好的交易策略~; 20260304 为什么又被炸成德A兰？（周三晚八）; 20250730重要的防卖飞策略（周三晚八）; 20251020枪林弹雨的十月该如何应对？（周日晚八）"
"M6"	"心态与人性"	"散户"	"84"	"1109"	"12"	"28"	"已覆盖"	"trading-core.md; indicators.md; position-management.md; breathing-theory.md; market-macro.md; stock-glossary.md; four-rhythms.md; trading-psychology.md; workflow.md; iron-butterfly.md; trend-lines.md; framework-extraction.md"	"20251112仓位管理如何大幅提升赚钱效率（周三晚8）; 20260209务必高度重视川子喊单10万点~; 20251116重点板块视察~; 20260211节前答疑时间; 20251221茶人小叙~; 20250611特训（周三晚八）; 20251208老主线的新叙事！; 20260322 砍柴，挑水，做饭; 20250819如何买到当日最强？（周二晚八开）; 20260415知行交易模块总结; 20260316 先破坏，再建设。（周日晚八）; 20260404 二楼补钟：重要一课; 20250806大盘调整期如何找到强壮宝宝（周三晚八开）; 20260408筹码理论在当今A股的应用; 20250917主力出货的五种经典方式（周三晚八开）; 20250907九月锦囊+二楼（周日晚八开）; 20250924散户都给我删掉这五种思维！（周三晚八开）; 20260419如何从产业视角看投资; 20250423; 20250813内部交流; 20251004双线战法的核心逻辑（10.4晚八开）; 20251231最难一课之击穿对手盘！; 20250601端午特训第二期; 20251229茶人小叙~; 20260202 喝茶聊聊天~; 20251012川子又来搞事情了？（周日晚八）; 20260422MACD; 20250906厦门二楼~; 20250914如何做一位斗牛士？（周日晚八点十分）; 20250720闭门会bbb; 20260412下阶段主线与支线; 20260426从产业资本看投资; 20251029沉舟千帆，步步为营。（周三晚八）; 20250606充电直播; 20250910牛市偷懒法～（周三晚八开）; 20260105 中国消费：谁先变革谁早超生！（日晚八）; 20251126Z家军之每日5步极简工作流精讲（三晚8）; 20250824牛市未来如何逃顶？（周日晚八）; 20260309补充两个重要技能点; 20250723麒麟会如何运作一个票？（周三晚八）; 20251103下一个“比亚迪”在哪里？（周日晚八）; 20250709大富翁之夜交易的节奏（晚八开）; 20260107 B2买点案例精讲（周三晚八）; 20250430; 20251015关键K的重要价值（周三晚八）; 20250712加餐聊会儿; 20251105期中考试（周三晚八）; 20251119为你的“知行合一账户”充值～（周三晚八）; 20260404重要一课（周六晚八）; 20250507; 20250626填坑补充; 20260301 10张难看图形绝不能碰！（周日晚八）; 20251110扯会儿淡~; 20250618创新药五大方向（周三晚九开; 20250827指数贡献策略防踏空（周三晚八）; 20260406; 20250625特训坑里起好货; 20250514; 20251224底部暴力K线擒大牛; 20260114  打窝结束！如何变阵？; 20250831神仙打架我散如何应对？（周日晚九点半开）; 20251006三大高爆发力的B2买入法（10.6晚八）; 20260330 全面推演美军若地面取胜概率（周日晚八）; 20251217为什么说散户输在没有交易节奏（周三晚八）; 20260429三种常用战法摸底考; 20250922全网独家解析大A暗战！; 20251022独门对称战法看透主力真实意图（周三晚八）; 20251210成交量与股价最真实的关系 （周三晚八）; 20250702（周三晚8）; 20250903今天才有点儿内个意思~（周三晚八开）; 20250716百战案例砸实基本功（晚八点半开）; 20260220瑜伽裤战法; 20250531端午特训第一期; 20251203交易中如何调整“手紧手松”？（周三晚八）; 20260219 进阶】如何大幅提高选股的成功率; 20251027牛市里的三大散户魔咒（周日晚九半）; 20260204  当前环境下最好的交易策略~; 20260318砖型图的核心用法（周三晚八）; 20260311九篇心法精讲（十年后版） 周三晚九; 20260304 为什么又被炸成德A兰？（周三晚八）; 20260121开枝散叶，踏准节奏; 20250730重要的防卖飞策略（周三晚八）; 20251123蛋比时间~; 20251020枪林弹雨的十月该如何应对？（周日晚八）"
"M6"	"心态与人性"	"魔咒"	"1"	"21"	"1"	"3"	"薄弱"	"trading-psychology.md"	"20251027牛市里的三大散户魔咒（周日晚九半）"
"M6"	"心态与人性"	"思维"	"56"	"263"	"15"	"32"	"已覆盖"	"life-decision.md; indicators.md; position-management.md; business-judgment.md; market-macro.md; stock-glossary.md; trading-psychology.md; life-decision-research.md; workflow.md; career-development.md; iron-butterfly.md; sell-discipline.md; harness.md; trend-lines.md; framework-extraction.md"	"20260211节前答疑时间; 20250611特训（周三晚八）; 20260322 砍柴，挑水，做饭; 20250819如何买到当日最强？（周二晚八开）; 20260415知行交易模块总结; 20260316 先破坏，再建设。（周日晚八）; 20260404 二楼补钟：重要一课; 20260408筹码理论在当今A股的应用; 20260325 砖型图的三种定式（周三晚7点30）; 20250917主力出货的五种经典方式（周三晚八开）; 20250907九月锦囊+二楼（周日晚八开）; 20250924散户都给我删掉这五种思维！（周三晚八开）; 20260419如何从产业视角看投资; 20250423; 20250813内部交流; 20251004双线战法的核心逻辑（10.4晚八开）; 20251231最难一课之击穿对手盘！; 20250601端午特训第二期; 20251012川子又来搞事情了？（周日晚八）; 20260422MACD; 20250906厦门二楼~; 20250720闭门会bbb; 20260412下阶段主线与支线; 20250606充电直播; 20250910牛市偷懒法～（周三晚八开）; 20251126Z家军之每日5步极简工作流精讲（三晚8）; 20250824牛市未来如何逃顶？（周日晚八）; 20260309补充两个重要技能点; 20251103下一个“比亚迪”在哪里？（周日晚八）; 20250709大富翁之夜交易的节奏（晚八开）; 20260107 B2买点案例精讲（周三晚八）; 20250430; 20250712加餐聊会儿; 20260404重要一课（周六晚八）; 20251110扯会儿淡~; 20260406; 20250625特训坑里起好货; 20250514; 20251224底部暴力K线擒大牛; 20260114  打窝结束！如何变阵？; 20251006三大高爆发力的B2买入法（10.6晚八）; 20250922全网独家解析大A暗战！; 20251022独门对称战法看透主力真实意图（周三晚八）; 20250702（周三晚8）; 20250903今天才有点儿内个意思~（周三晚八开）; 20250716百战案例砸实基本功（晚八点半开）; 20260220瑜伽裤战法; 20250531端午特训第一期; 20251203交易中如何调整“手紧手松”？（周三晚八）; 20260219 进阶】如何大幅提高选股的成功率; 20251027牛市里的三大散户魔咒（周日晚九半）; 20260204  当前环境下最好的交易策略~; 20260318砖型图的核心用法（周三晚八）; 20260121开枝散叶，踏准节奏; 20250730重要的防卖飞策略（周三晚八）; 20251020枪林弹雨的十月该如何应对？（周日晚八）"
"M6"	"心态与人性"	"恐惧"	"27"	"49"	"0"	"0"	"★缺失"	""	"20250611特训（周三晚八）; 20250819如何买到当日最强？（周二晚八开）; 20260415知行交易模块总结; 20260316 先破坏，再建设。（周日晚八）; 20250806大盘调整期如何找到强壮宝宝（周三晚八开）; 20260408筹码理论在当今A股的应用; 20250917主力出货的五种经典方式（周三晚八开）; 20260419如何从产业视角看投资; 20250813内部交流; 20250914如何做一位斗牛士？（周日晚八点十分）; 20260426从产业资本看投资; 20260105 中国消费：谁先变革谁早超生！（日晚八）; 20251126Z家军之每日5步极简工作流精讲（三晚8）; 20251105期中考试（周三晚八）; 20251110扯会儿淡~; 20260406; 20250514; 20250922全网独家解析大A暗战！; 20250702（周三晚8）; 20250716百战案例砸实基本功（晚八点半开）; 20251203交易中如何调整“手紧手松”？（周三晚八）; 20251027牛市里的三大散户魔咒（周日晚九半）; 20260204  当前环境下最好的交易策略~; 20260311九篇心法精讲（十年后版） 周三晚九; 20250730重要的防卖飞策略（周三晚八）; 20251123蛋比时间~; 20251020枪林弹雨的十月该如何应对？（周日晚八）"
"M6"	"心态与人性"	"贪婪"	"14"	"17"	"1"	"1"	"薄弱"	"trading-core.md"	"20250819如何买到当日最强？（周二晚八开）; 20260415知行交易模块总结; 20250806大盘调整期如何找到强壮宝宝（周三晚八开）; 20260419如何从产业视角看投资; 20250824牛市未来如何逃顶？（周日晚八）; 20250723麒麟会如何运作一个票？（周三晚八）; 20251105期中考试（周三晚八）; 20260406; 20250716百战案例砸实基本功（晚八点半开）; 20260220瑜伽裤战法; 20251203交易中如何调整“手紧手松”？（周三晚八）; 20251027牛市里的三大散户魔咒（周日晚九半）; 20260204  当前环境下最好的交易策略~; 20251020枪林弹雨的十月该如何应对？（周日晚八）"
"M6"	"心态与人性"	"承受力"	"11"	"25"	"1"	"1"	"薄弱"	"stock-glossary.md"	"20251112仓位管理如何大幅提升赚钱效率（周三晚8）; 20260322 砍柴，挑水，做饭; 20260415知行交易模块总结; 20260325 砖型图的三种定式（周三晚7点30）; 20251004双线战法的核心逻辑（10.4晚八开）; 20251103下一个“比亚迪”在哪里？（周日晚八）; 20250430; 20251105期中考试（周三晚八）; 20260429三种常用战法摸底考; 20250922全网独家解析大A暗战！; 20250716百战案例砸实基本功（晚八点半开）"
"M7"	"宏观产业板块"	"产业"	"40"	"200"	"7"	"24"	"已覆盖"	"business-judgment-research.md; business-judgment.md; market-macro.md; stock-glossary.md; six-tracks-2026.md; strategies\choppy-market-sop.md; framework-extraction.md"	"20251112仓位管理如何大幅提升赚钱效率（周三晚8）; 20251116重点板块视察~; 20251221茶人小叙~; 20250611特训（周三晚八）; 20260415知行交易模块总结; 20260404 二楼补钟：重要一课; 20260408筹码理论在当今A股的应用; 20250907九月锦囊+二楼（周日晚八开）; 20260419如何从产业视角看投资; 20250423; 20251004双线战法的核心逻辑（10.4晚八开）; 20251231最难一课之击穿对手盘！; 20251012川子又来搞事情了？（周日晚八）; 20260422MACD; 20250906厦门二楼~; 20260426从产业资本看投资; 20251029沉舟千帆，步步为营。（周三晚八）; 20250606充电直播; 20251126Z家军之每日5步极简工作流精讲（三晚8）; 20250824牛市未来如何逃顶？（周日晚八）; 20251214扯淡局~; 20251103下一个“比亚迪”在哪里？（周日晚八）; 20250430; 20250712加餐聊会儿; 20260404重要一课（周六晚八）; 20251110扯会儿淡~; 20250618创新药五大方向（周三晚九开; 20260406; 20250514; 20251006三大高爆发力的B2买入法（10.6晚八）; 20250922全网独家解析大A暗战！; 20251022独门对称战法看透主力真实意图（周三晚八）; 20251210成交量与股价最真实的关系 （周三晚八）; 20251203交易中如何调整“手紧手松”？（周三晚八）; 20251027牛市里的三大散户魔咒（周日晚九半）; 20260204  当前环境下最好的交易策略~; 20251009闲聊; 20260311九篇心法精讲（十年后版） 周三晚九; 20260304 为什么又被炸成德A兰？（周三晚八）; 20251020枪林弹雨的十月该如何应对？（周日晚八）"
"M7"	"宏观产业板块"	"宏观"	"36"	"102"	"12"	"14"	"已覆盖"	"life-decision.md; position-management.md; business-judgment.md; heuristics.md; market-macro.md; stock-glossary.md; macro\etf-strategy.md; life-decision-research.md; workflow.md; portfolio-management.md; reference\thresholds.md; framework-extraction.md"	"20251112仓位管理如何大幅提升赚钱效率（周三晚8）; 20250611特训（周三晚八）; 20260322 砍柴，挑水，做饭; 20250819如何买到当日最强？（周二晚八开）; 20260415知行交易模块总结; 20260404 二楼补钟：重要一课; 20250806大盘调整期如何找到强壮宝宝（周三晚八开）; 20260419如何从产业视角看投资; 20250423; 20251231最难一课之击穿对手盘！; 20251012川子又来搞事情了？（周日晚八）; 20260422MACD; 20250906厦门二楼~; 20250910牛市偷懒法～（周三晚八开）; 20251126Z家军之每日5步极简工作流精讲（三晚8）; 20250824牛市未来如何逃顶？（周日晚八）; 20251103下一个“比亚迪”在哪里？（周日晚八）; 20250430; 20250712加餐聊会儿; 20260404重要一课（周六晚八）; 20250626填坑补充; 20251110扯会儿淡~; 20250618创新药五大方向（周三晚九开; 20260112 当前行情下5种散户常犯错误！（周日晚八）; 20260406; 20250514; 20251006三大高爆发力的B2买入法（10.6晚八）; 20260429三种常用战法摸底考; 20251022独门对称战法看透主力真实意图（周三晚八）; 20251210成交量与股价最真实的关系 （周三晚八）; 20250702（周三晚8）; 20260220瑜伽裤战法; 20250531端午特训第一期; 20251009闲聊; 20251123蛋比时间~; 20251020枪林弹雨的十月该如何应对？（周日晚八）"
"M7"	"宏观产业板块"	"政策"	"66"	"392"	"8"	"13"	"已覆盖"	"trading-core.md; position-management.md; market-macro.md; macro\etf-strategy.md; trading-psychology.md; workflow.md; portfolio-management.md; six-tracks-2026.md"	"20251112仓位管理如何大幅提升赚钱效率（周三晚8）; 20250611特训（周三晚八）; 20251208老主线的新叙事！; 20260322 砍柴，挑水，做饭; 20250819如何买到当日最强？（周二晚八开）; 20260415知行交易模块总结; 20260316 先破坏，再建设。（周日晚八）; 20260404 二楼补钟：重要一课; 20250806大盘调整期如何找到强壮宝宝（周三晚八开）; 20260408筹码理论在当今A股的应用; 20250917主力出货的五种经典方式（周三晚八开）; 20250907九月锦囊+二楼（周日晚八开）; 20250924散户都给我删掉这五种思维！（周三晚八开）; 20260419如何从产业视角看投资; 20250423; 20250813内部交流; 20251004双线战法的核心逻辑（10.4晚八开）; 20250601端午特训第二期; 20251229茶人小叙~; 20251012川子又来搞事情了？（周日晚八）; 20260422MACD; 20250906厦门二楼~; 20250914如何做一位斗牛士？（周日晚八点十分）; 20250720闭门会bbb; 20260426从产业资本看投资; 20251029沉舟千帆，步步为营。（周三晚八）; 20250606充电直播; 20250910牛市偷懒法～（周三晚八开）; 20251126Z家军之每日5步极简工作流精讲（三晚8）; 20250824牛市未来如何逃顶？（周日晚八）; 20251214扯淡局~; 20250723麒麟会如何运作一个票？（周三晚八）; 20251103下一个“比亚迪”在哪里？（周日晚八）; 20250709大富翁之夜交易的节奏（晚八开）; 20260107 B2买点案例精讲（周三晚八）; 20250430; 20251015关键K的重要价值（周三晚八）; 20250712加餐聊会儿; 20251105期中考试（周三晚八）; 20260404重要一课（周六晚八）; 20250507; 20251110扯会儿淡~; 20250618创新药五大方向（周三晚九开; 20250827指数贡献策略防踏空（周三晚八）; 20260112 当前行情下5种散户常犯错误！（周日晚八）; 20260406; 20250625特训坑里起好货; 20250514; 20251224底部暴力K线擒大牛; 20251006三大高爆发力的B2买入法（10.6晚八）; 20251217为什么说散户输在没有交易节奏（周三晚八）; 20250922全网独家解析大A暗战！; 20251022独门对称战法看透主力真实意图（周三晚八）; 20251210成交量与股价最真实的关系 （周三晚八）; 20250702（周三晚8）; 20260220瑜伽裤战法; 20250531端午特训第一期; 20251203交易中如何调整“手紧手松”？（周三晚八）; 20260219 进阶】如何大幅提高选股的成功率; 20251027牛市里的三大散户魔咒（周日晚九半）; 20260204  当前环境下最好的交易策略~; 20251009闲聊; 20260311九篇心法精讲（十年后版） 周三晚九; 20260304 为什么又被炸成德A兰？（周三晚八）; 20251123蛋比时间~; 20251020枪林弹雨的十月该如何应对？（周日晚八）"
"M7"	"宏观产业板块"	"创新药"	"43"	"342"	"5"	"17"	"已覆盖"	"market-macro.md; stock-glossary.md; macro\etf-strategy.md; portfolio-management.md; six-tracks-2026.md"	"20251112仓位管理如何大幅提升赚钱效率（周三晚8）; 20251221茶人小叙~; 20250611特训（周三晚八）; 20251208老主线的新叙事！; 20260415知行交易模块总结; 20260404 二楼补钟：重要一课; 20250806大盘调整期如何找到强壮宝宝（周三晚八开）; 20250917主力出货的五种经典方式（周三晚八开）; 20250907九月锦囊+二楼（周日晚八开）; 20250924散户都给我删掉这五种思维！（周三晚八开）; 20250813内部交流; 20250601端午特训第二期; 20251229茶人小叙~; 20250914如何做一位斗牛士？（周日晚八点十分）; 20250720闭门会bbb; 20260412下阶段主线与支线; 20251029沉舟千帆，步步为营。（周三晚八）; 20250910牛市偷懒法～（周三晚八开）; 20250824牛市未来如何逃顶？（周日晚八）; 20250723麒麟会如何运作一个票？（周三晚八）; 20251103下一个“比亚迪”在哪里？（周日晚八）; 20250709大富翁之夜交易的节奏（晚八开）; 20260107 B2买点案例精讲（周三晚八）; 20250430; 20250712加餐聊会儿; 20251105期中考试（周三晚八）; 20250626填坑补充; 20251110扯会儿淡~; 20250618创新药五大方向（周三晚九开; 20250827指数贡献策略防踏空（周三晚八）; 20260406; 20250625特训坑里起好货; 20251006三大高爆发力的B2买入法（10.6晚八）; 20260330 全面推演美军若地面取胜概率（周日晚八）; 20250922全网独家解析大A暗战！; 20251022独门对称战法看透主力真实意图（周三晚八）; 20251210成交量与股价最真实的关系 （周三晚八）; 20250702（周三晚8）; 20250716百战案例砸实基本功（晚八点半开）; 20250531端午特训第一期; 20260219 进阶】如何大幅提高选股的成功率; 20251009闲聊; 20260121开枝散叶，踏准节奏"
"M7"	"宏观产业板块"	"消费"	"62"	"276"	"10"	"49"	"已覆盖"	"business-judgment-research.md; business-judgment.md; heuristics.md; market-macro.md; stock-glossary.md; macro\etf-strategy.md; workflow.md; career-development.md; six-tracks-2026.md; framework-extraction.md"	"20251112仓位管理如何大幅提升赚钱效率（周三晚8）; 20260209务必高度重视川子喊单10万点~; 20260211节前答疑时间; 20250611特训（周三晚八）; 20250819如何买到当日最强？（周二晚八开）; 20260415知行交易模块总结; 20260404 二楼补钟：重要一课; 20250806大盘调整期如何找到强壮宝宝（周三晚八开）; 20260408筹码理论在当今A股的应用; 20250917主力出货的五种经典方式（周三晚八开）; 20250907九月锦囊+二楼（周日晚八开）; 20250924散户都给我删掉这五种思维！（周三晚八开）; 20260419如何从产业视角看投资; 20250423; 20251004双线战法的核心逻辑（10.4晚八开）; 20251231最难一课之击穿对手盘！; 20250601端午特训第二期; 20251229茶人小叙~; 20260202 喝茶聊聊天~; 20260422MACD; 20250906厦门二楼~; 20250914如何做一位斗牛士？（周日晚八点十分）; 20251201msfdc~; 20260426从产业资本看投资; 20251029沉舟千帆，步步为营。（周三晚八）; 20251126Z家军之每日5步极简工作流精讲（三晚8）; 20250824牛市未来如何逃顶？（周日晚八）; 20251214扯淡局~; 20251103下一个“比亚迪”在哪里？（周日晚八）; 20250709大富翁之夜交易的节奏（晚八开）; 20260107 B2买点案例精讲（周三晚八）; 20250430; 20251015关键K的重要价值（周三晚八）; 20251105期中考试（周三晚八）; 20251119为你的“知行合一账户”充值～（周三晚八）; 20260404重要一课（周六晚八）; 20250507; 20250626填坑补充; 20260301 10张难看图形绝不能碰！（周日晚八）; 20251110扯会儿淡~; 20250618创新药五大方向（周三晚九开; 20250827指数贡献策略防踏空（周三晚八）; 20260112 当前行情下5种散户常犯错误！（周日晚八）; 20260406; 20250625特训坑里起好货; 20250514; 20251006三大高爆发力的B2买入法（10.6晚八）; 20260330 全面推演美军若地面取胜概率（周日晚八）; 20251217为什么说散户输在没有交易节奏（周三晚八）; 20250922全网独家解析大A暗战！; 20251210成交量与股价最真实的关系 （周三晚八）; 20250702（周三晚8）; 20250903今天才有点儿内个意思~（周三晚八开）; 20250716百战案例砸实基本功（晚八点半开）; 20250531端午特训第一期; 20251203交易中如何调整“手紧手松”？（周三晚八）; 20251027牛市里的三大散户魔咒（周日晚九半）; 20260204  当前环境下最好的交易策略~; 20260311九篇心法精讲（十年后版） 周三晚九; 20260304 为什么又被炸成德A兰？（周三晚八）; 20260121开枝散叶，踏准节奏; 20251020枪林弹雨的十月该如何应对？（周日晚八）"
"M7"	"宏观产业板块"	"芯片"	"35"	"97"	"3"	"5"	"已覆盖"	"stock-glossary.md; macro\etf-strategy.md; portfolio-management.md"	"20260209务必高度重视川子喊单10万点~; 20251116重点板块视察~; 20251221茶人小叙~; 20251208老主线的新叙事！; 20260415知行交易模块总结; 20250806大盘调整期如何找到强壮宝宝（周三晚八开）; 20250917主力出货的五种经典方式（周三晚八开）; 20250924散户都给我删掉这五种思维！（周三晚八开）; 20250423; 20250813内部交流; 20251012川子又来搞事情了？（周日晚八）; 20250914如何做一位斗牛士？（周日晚八点十分）; 20250720闭门会bbb; 20260412下阶段主线与支线; 20260426从产业资本看投资; 20251029沉舟千帆，步步为营。（周三晚八）; 20250606充电直播; 20250910牛市偷懒法～（周三晚八开）; 20251126Z家军之每日5步极简工作流精讲（三晚8）; 20250824牛市未来如何逃顶？（周日晚八）; 20251103下一个“比亚迪”在哪里？（周日晚八）; 20250709大富翁之夜交易的节奏（晚八开）; 20260107 B2买点案例精讲（周三晚八）; 20250618创新药五大方向（周三晚九开; 20250514; 20251224底部暴力K线擒大牛; 20251217为什么说散户输在没有交易节奏（周三晚八）; 20250922全网独家解析大A暗战！; 20251022独门对称战法看透主力真实意图（周三晚八）; 20251210成交量与股价最真实的关系 （周三晚八）; 20250716百战案例砸实基本功（晚八点半开）; 20251027牛市里的三大散户魔咒（周日晚九半）; 20260204  当前环境下最好的交易策略~; 20260311九篇心法精讲（十年后版） 周三晚九; 20251020枪林弹雨的十月该如何应对？（周日晚八）"
"M7"	"宏观产业板块"	"AIDC"	"13"	"42"	"0"	"0"	"★缺失"	""	"20260415知行交易模块总结; 20250806大盘调整期如何找到强壮宝宝（周三晚八开）; 20250907九月锦囊+二楼（周日晚八开）; 20250924散户都给我删掉这五种思维！（周三晚八开）; 20251229茶人小叙~; 20260422MACD; 20251201msfdc~; 20260412下阶段主线与支线; 20250709大富翁之夜交易的节奏（晚八开）; 20260114  打窝结束！如何变阵？; 20250922全网独家解析大A暗战！; 20250702（周三晚8）; 20250716百战案例砸实基本功（晚八点半开）"
"M7"	"宏观产业板块"	"算力"	"32"	"86"	"3"	"5"	"已覆盖"	"business-judgment.md; stock-glossary.md; six-tracks-2026.md"	"20260209务必高度重视川子喊单10万点~; 20251116重点板块视察~; 20251221茶人小叙~; 20260415知行交易模块总结; 20260316 先破坏，再建设。（周日晚八）; 20260404 二楼补钟：重要一课; 20250806大盘调整期如何找到强壮宝宝（周三晚八开）; 20250917主力出货的五种经典方式（周三晚八开）; 20250423; 20250813内部交流; 20251004双线战法的核心逻辑（10.4晚八开）; 20250601端午特训第二期; 20250914如何做一位斗牛士？（周日晚八点十分）; 20251201msfdc~; 20260412下阶段主线与支线; 20251029沉舟千帆，步步为营。（周三晚八）; 20250606充电直播; 20250910牛市偷懒法～（周三晚八开）; 20250824牛市未来如何逃顶？（周日晚八）; 20251103下一个“比亚迪”在哪里？（周日晚八）; 20251119为你的“知行合一账户”充值～（周三晚八）; 20260404重要一课（周六晚八）; 20250618创新药五大方向（周三晚九开; 20250827指数贡献策略防踏空（周三晚八）; 20260406; 20251006三大高爆发力的B2买入法（10.6晚八）; 20250922全网独家解析大A暗战！; 20250531端午特训第一期; 20251203交易中如何调整“手紧手松”？（周三晚八）; 20260311九篇心法精讲（十年后版） 周三晚九; 20260304 为什么又被炸成德A兰？（周三晚八）; 20251020枪林弹雨的十月该如何应对？（周日晚八）"
"M7"	"宏观产业板块"	"新能源"	"46"	"135"	"9"	"18"	"已覆盖"	"position-management.md; business-judgment-research.md; business-judgment.md; market-macro.md; stock-glossary.md; macro\etf-strategy.md; portfolio-management.md; six-tracks-2026.md; framework-extraction.md"	"20251112仓位管理如何大幅提升赚钱效率（周三晚8）; 20260209务必高度重视川子喊单10万点~; 20251116重点板块视察~; 20251208老主线的新叙事！; 20260415知行交易模块总结; 20260404 二楼补钟：重要一课; 20260408筹码理论在当今A股的应用; 20250917主力出货的五种经典方式（周三晚八开）; 20250924散户都给我删掉这五种思维！（周三晚八开）; 20251004双线战法的核心逻辑（10.4晚八开）; 20251231最难一课之击穿对手盘！; 20250601端午特训第二期; 20251229茶人小叙~; 20260422MACD; 20250906厦门二楼~; 20250914如何做一位斗牛士？（周日晚八点十分）; 20260412下阶段主线与支线; 20260426从产业资本看投资; 20251029沉舟千帆，步步为营。（周三晚八）; 20250910牛市偷懒法～（周三晚八开）; 20250824牛市未来如何逃顶？（周日晚八）; 20251103下一个“比亚迪”在哪里？（周日晚八）; 20250709大富翁之夜交易的节奏（晚八开）; 20250430; 20250712加餐聊会儿; 20251119为你的“知行合一账户”充值～（周三晚八）; 20260404重要一课（周六晚八）; 20250507; 20251110扯会儿淡~; 20250618创新药五大方向（周三晚九开; 20250827指数贡献策略防踏空（周三晚八）; 20260406; 20250514; 20251224底部暴力K线擒大牛; 20251006三大高爆发力的B2买入法（10.6晚八）; 20251217为什么说散户输在没有交易节奏（周三晚八）; 20260429三种常用战法摸底考; 20250702（周三晚8）; 20250903今天才有点儿内个意思~（周三晚八开）; 20250531端午特训第一期; 20251203交易中如何调整“手紧手松”？（周三晚八）; 20260204  当前环境下最好的交易策略~; 20260311九篇心法精讲（十年后版） 周三晚九; 20260304 为什么又被炸成德A兰？（周三晚八）; 20260121开枝散叶，踏准节奏; 20251123蛋比时间~"
"M7"	"宏观产业板块"	"有色"	"43"	"192"	"4"	"5"	"已覆盖"	"business-judgment-research.md; business-judgment.md; market-macro.md; six-tracks-2026.md"	"20251112仓位管理如何大幅提升赚钱效率（周三晚8）; 20251116重点板块视察~; 20251221茶人小叙~; 20251208老主线的新叙事！; 20260415知行交易模块总结; 20260404 二楼补钟：重要一课; 20250806大盘调整期如何找到强壮宝宝（周三晚八开）; 20250917主力出货的五种经典方式（周三晚八开）; 20250907九月锦囊+二楼（周日晚八开）; 20250924散户都给我删掉这五种思维！（周三晚八开）; 20251231最难一课之击穿对手盘！; 20250601端午特训第二期; 20251012川子又来搞事情了？（周日晚八）; 20250906厦门二楼~; 20250914如何做一位斗牛士？（周日晚八点十分）; 20260412下阶段主线与支线; 20260426从产业资本看投资; 20251029沉舟千帆，步步为营。（周三晚八）; 20250910牛市偷懒法～（周三晚八开）; 20260105 中国消费：谁先变革谁早超生！（日晚八）; 20250824牛市未来如何逃顶？（周日晚八）; 20251214扯淡局~; 20251103下一个“比亚迪”在哪里？（周日晚八）; 20260107 B2买点案例精讲（周三晚八）; 20250712加餐聊会儿; 20251105期中考试（周三晚八）; 20251119为你的“知行合一账户”充值～（周三晚八）; 20260404重要一课（周六晚八）; 20251110扯会儿淡~; 20250618创新药五大方向（周三晚九开; 20260406; 20250625特训坑里起好货; 20251006三大高爆发力的B2买入法（10.6晚八）; 20260330 全面推演美军若地面取胜概率（周日晚八）; 20251217为什么说散户输在没有交易节奏（周三晚八）; 20251210成交量与股价最真实的关系 （周三晚八）; 20250903今天才有点儿内个意思~（周三晚八开）; 20250716百战案例砸实基本功（晚八点半开）; 20251203交易中如何调整“手紧手松”？（周三晚八）; 20251027牛市里的三大散户魔咒（周日晚九半）; 20260204  当前环境下最好的交易策略~; 20260121开枝散叶，踏准节奏; 20251020枪林弹雨的十月该如何应对？（周日晚八）"
"M7"	"宏观产业板块"	"券商"	"81"	"747"	"4"	"13"	"已覆盖"	"market-macro.md; stock-glossary.md; macro\etf-strategy.md; portfolio-management.md"	"20251112仓位管理如何大幅提升赚钱效率（周三晚8）; 20260209务必高度重视川子喊单10万点~; 20251116重点板块视察~; 20251221茶人小叙~; 20250611特训（周三晚八）; 20251208老主线的新叙事！; 20260322 砍柴，挑水，做饭; 20250819如何买到当日最强？（周二晚八开）; 20260415知行交易模块总结; 20260316 先破坏，再建设。（周日晚八）; 20260404 二楼补钟：重要一课; 20250806大盘调整期如何找到强壮宝宝（周三晚八开）; 20260408筹码理论在当今A股的应用; 20260325 砖型图的三种定式（周三晚7点30）; 20250917主力出货的五种经典方式（周三晚八开）; 20250907九月锦囊+二楼（周日晚八开）; 20250924散户都给我删掉这五种思维！（周三晚八开）; 20260419如何从产业视角看投资; 20250423; 20250813内部交流; 20251004双线战法的核心逻辑（10.4晚八开）; 20251231最难一课之击穿对手盘！; 20250601端午特训第二期; 20251229茶人小叙~; 20260202 喝茶聊聊天~; 20251012川子又来搞事情了？（周日晚八）; 20260422MACD; 20250906厦门二楼~; 20250914如何做一位斗牛士？（周日晚八点十分）; 20250720闭门会bbb; 20251201msfdc~; 20260412下阶段主线与支线; 20260426从产业资本看投资; 20251029沉舟千帆，步步为营。（周三晚八）; 20250910牛市偷懒法～（周三晚八开）; 20260105 中国消费：谁先变革谁早超生！（日晚八）; 20250824牛市未来如何逃顶？（周日晚八）; 20251214扯淡局~; 20250723麒麟会如何运作一个票？（周三晚八）; 20251103下一个“比亚迪”在哪里？（周日晚八）; 20250709大富翁之夜交易的节奏（晚八开）; 20260107 B2买点案例精讲（周三晚八）; 20250430; 20251015关键K的重要价值（周三晚八）; 20250712加餐聊会儿; 20251105期中考试（周三晚八）; 20251119为你的“知行合一账户”充值～（周三晚八）; 20260404重要一课（周六晚八）; 20250507; 20250626填坑补充; 20251110扯会儿淡~; 20250618创新药五大方向（周三晚九开; 20250827指数贡献策略防踏空（周三晚八）; 20260112 当前行情下5种散户常犯错误！（周日晚八）; 20260406; 20250625特训坑里起好货; 20250514; 20251224底部暴力K线擒大牛; 20260114  打窝结束！如何变阵？; 20250831神仙打架我散如何应对？（周日晚九点半开）; 20251006三大高爆发力的B2买入法（10.6晚八）; 20260330 全面推演美军若地面取胜概率（周日晚八）; 20251217为什么说散户输在没有交易节奏（周三晚八）; 20250922全网独家解析大A暗战！; 20251022独门对称战法看透主力真实意图（周三晚八）; 20251210成交量与股价最真实的关系 （周三晚八）; 20250702（周三晚8）; 20250903今天才有点儿内个意思~（周三晚八开）; 20250716百战案例砸实基本功（晚八点半开）; 20260220瑜伽裤战法; 20250531端午特训第一期; 20251203交易中如何调整“手紧手松”？（周三晚八）; 20251027牛市里的三大散户魔咒（周日晚九半）; 20260204  当前环境下最好的交易策略~; 20251009闲聊; 20260311九篇心法精讲（十年后版） 周三晚九; 20260304 为什么又被炸成德A兰？（周三晚八）; 20260121开枝散叶，踏准节奏; 20250730重要的防卖飞策略（周三晚八）; 20251123蛋比时间~; 20251020枪林弹雨的十月该如何应对？（周日晚八）"
"M7"	"宏观产业板块"	"医药"	"23"	"69"	"2"	"5"	"薄弱"	"stock-glossary.md; six-tracks-2026.md"	"20251112仓位管理如何大幅提升赚钱效率（周三晚8）; 20260415知行交易模块总结; 20250806大盘调整期如何找到强壮宝宝（周三晚八开）; 20250907九月锦囊+二楼（周日晚八开）; 20250924散户都给我删掉这五种思维！（周三晚八开）; 20250423; 20250813内部交流; 20250601端午特训第二期; 20260412下阶段主线与支线; 20260426从产业资本看投资; 20250910牛市偷懒法～（周三晚八开）; 20250824牛市未来如何逃顶？（周日晚八）; 20251214扯淡局~; 20251103下一个“比亚迪”在哪里？（周日晚八）; 20250709大富翁之夜交易的节奏（晚八开）; 20250430; 20251119为你的“知行合一账户”充值～（周三晚八）; 20250507; 20250618创新药五大方向（周三晚九开; 20250827指数贡献策略防踏空（周三晚八）; 20260330 全面推演美军若地面取胜概率（周日晚八）; 20250922全网独家解析大A暗战！; 20250903今天才有点儿内个意思~（周三晚八开）"
"M7"	"宏观产业板块"	"PPI"	"7"	"25"	"0"	"0"	"★缺失"	""	"20260415知行交易模块总结; 20251012川子又来搞事情了？（周日晚八）; 20250906厦门二楼~; 20251029沉舟千帆，步步为营。（周三晚八）; 20251110扯会儿淡~; 20250922全网独家解析大A暗战！; 20260311九篇心法精讲（十年后版） 周三晚九"
"M7"	"宏观产业板块"	"关税"	"17"	"34"	"0"	"0"	"★缺失"	""	"20250611特训（周三晚八）; 20251208老主线的新叙事！; 20260322 砍柴，挑水，做饭; 20260404 二楼补钟：重要一课; 20250806大盘调整期如何找到强壮宝宝（周三晚八开）; 20250423; 20251012川子又来搞事情了？（周日晚八）; 20250910牛市偷懒法～（周三晚八开）; 20251103下一个“比亚迪”在哪里？（周日晚八）; 20250507; 20260406; 20250514; 20250702（周三晚8）; 20250531端午特训第一期; 20251027牛市里的三大散户魔咒（周日晚九半）; 20260304 为什么又被炸成德A兰？（周三晚八）; 20251123蛋比时间~"
"M8"	"复盘考试验收"	"考试"	"21"	"78"	"0"	"0"	"★缺失"	""	"20260325 砖型图的三种定式（周三晚7点30）; 20260419如何从产业视角看投资; 20251231最难一课之击穿对手盘！; 20250601端午特训第二期; 20260426从产业资本看投资; 20250824牛市未来如何逃顶？（周日晚八）; 20251103下一个“比亚迪”在哪里？（周日晚八）; 20260107 B2买点案例精讲（周三晚八）; 20251015关键K的重要价值（周三晚八）; 20251105期中考试（周三晚八）; 20251119为你的“知行合一账户”充值～（周三晚八）; 20260404重要一课（周六晚八）; 20250626填坑补充; 20251110扯会儿淡~; 20260406; 20260429三种常用战法摸底考; 20250922全网独家解析大A暗战！; 20250716百战案例砸实基本功（晚八点半开）; 20251203交易中如何调整“手紧手松”？（周三晚八）; 20260318砖型图的核心用法（周三晚八）; 20251123蛋比时间~"
"M8"	"复盘考试验收"	"摸底"	"1"	"1"	"0"	"0"	"★缺失"	""	"20251006三大高爆发力的B2买入法（10.6晚八）"
"M8"	"复盘考试验收"	"复盘"	"58"	"215"	"17"	"99"	"已覆盖"	"life-decision.md; improvement-system.md; key-candles.md; indicators.md; advanced-patterns.md; exit-strategies.md; position-management.md; market-macro.md; stock-glossary.md; trading-psychology.md; life-decision-research.md; workflow.md; portfolio-management.md; career-development.md; sell-discipline.md; six-tracks-2026.md; framework-extraction.md"	"20251112仓位管理如何大幅提升赚钱效率（周三晚8）; 20260211节前答疑时间; 20250611特训（周三晚八）; 20251208老主线的新叙事！; 20250819如何买到当日最强？（周二晚八开）; 20260415知行交易模块总结; 20260404 二楼补钟：重要一课; 20250806大盘调整期如何找到强壮宝宝（周三晚八开）; 20260408筹码理论在当今A股的应用; 20260325 砖型图的三种定式（周三晚7点30）; 20250924散户都给我删掉这五种思维！（周三晚八开）; 20260419如何从产业视角看投资; 20250423; 20250813内部交流; 20251004双线战法的核心逻辑（10.4晚八开）; 20250601端午特训第二期; 20251229茶人小叙~; 20251012川子又来搞事情了？（周日晚八）; 20260422MACD; 20250914如何做一位斗牛士？（周日晚八点十分）; 20251201msfdc~; 20260412下阶段主线与支线; 20251029沉舟千帆，步步为营。（周三晚八）; 20260105 中国消费：谁先变革谁早超生！（日晚八）; 20251126Z家军之每日5步极简工作流精讲（三晚8）; 20260309补充两个重要技能点; 20251103下一个“比亚迪”在哪里？（周日晚八）; 20250709大富翁之夜交易的节奏（晚八开）; 20260107 B2买点案例精讲（周三晚八）; 20251015关键K的重要价值（周三晚八）; 20250712加餐聊会儿; 20251105期中考试（周三晚八）; 20251119为你的“知行合一账户”充值～（周三晚八）; 20260404重要一课（周六晚八）; 20250507; 20260301 10张难看图形绝不能碰！（周日晚八）; 20251110扯会儿淡~; 20250618创新药五大方向（周三晚九开; 20260406; 20250514; 20250831神仙打架我散如何应对？（周日晚九点半开）; 20251006三大高爆发力的B2买入法（10.6晚八）; 20260429三种常用战法摸底考; 20250922全网独家解析大A暗战！; 20251022独门对称战法看透主力真实意图（周三晚八）; 20251210成交量与股价最真实的关系 （周三晚八）; 20250702（周三晚8）; 20250716百战案例砸实基本功（晚八点半开）; 20260220瑜伽裤战法; 20250531端午特训第一期; 20251203交易中如何调整“手紧手松”？（周三晚八）; 20251027牛市里的三大散户魔咒（周日晚九半）; 20260204  当前环境下最好的交易策略~; 20260311九篇心法精讲（十年后版） 周三晚九; 20260304 为什么又被炸成德A兰？（周三晚八）; 20260121开枝散叶，踏准节奏; 20250730重要的防卖飞策略（周三晚八）; 20251020枪林弹雨的十月该如何应对？（周日晚八）"
"M8"	"复盘考试验收"	"作业"	"32"	"81"	"1"	"1"	"薄弱"	"workflow.md"	"20251112仓位管理如何大幅提升赚钱效率（周三晚8）; 20260211节前答疑时间; 20250611特训（周三晚八）; 20250819如何买到当日最强？（周二晚八开）; 20260415知行交易模块总结; 20260316 先破坏，再建设。（周日晚八）; 20250806大盘调整期如何找到强壮宝宝（周三晚八开）; 20260408筹码理论在当今A股的应用; 20250917主力出货的五种经典方式（周三晚八开）; 20250813内部交流; 20251231最难一课之击穿对手盘！; 20250601端午特训第二期; 20251012川子又来搞事情了？（周日晚八）; 20260422MACD; 20250914如何做一位斗牛士？（周日晚八点十分）; 20260412下阶段主线与支线; 20260426从产业资本看投资; 20260105 中国消费：谁先变革谁早超生！（日晚八）; 20250824牛市未来如何逃顶？（周日晚八）; 20250723麒麟会如何运作一个票？（周三晚八）; 20250709大富翁之夜交易的节奏（晚八开）; 20260107 B2买点案例精讲（周三晚八）; 20251015关键K的重要价值（周三晚八）; 20260301 10张难看图形绝不能碰！（周日晚八）; 20260406; 20250625特训坑里起好货; 20251217为什么说散户输在没有交易节奏（周三晚八）; 20260429三种常用战法摸底考; 20250702（周三晚8）; 20250716百战案例砸实基本功（晚八点半开）; 20251203交易中如何调整“手紧手松”？（周三晚八）; 20251027牛市里的三大散户魔咒（周日晚九半）"
"M8"	"复盘考试验收"	"验收"	"0"	"0"	"0"	"0"	"语料无"	""	""
"M8"	"复盘考试验收"	"补课"	"18"	"27"	"0"	"0"	"★缺失"	""	"20251112仓位管理如何大幅提升赚钱效率（周三晚8）; 20260211节前答疑时间; 20260415知行交易模块总结; 20260404 二楼补钟：重要一课; 20260408筹码理论在当今A股的应用; 20250907九月锦囊+二楼（周日晚八开）; 20251012川子又来搞事情了？（周日晚八）; 20250914如何做一位斗牛士？（周日晚八点十分）; 20260105 中国消费：谁先变革谁早超生！（日晚八）; 20251103下一个“比亚迪”在哪里？（周日晚八）; 20250430; 20260404重要一课（周六晚八）; 20250626填坑补充; 20260301 10张难看图形绝不能碰！（周日晚八）; 20251006三大高爆发力的B2买入法（10.6晚八）; 20260330 全面推演美军若地面取胜概率（周日晚八）; 20251203交易中如何调整“手紧手松”？（周三晚八）; 20260318砖型图的核心用法（周三晚八）"
"M8"	"复盘考试验收"	"案例"	"83"	"1434"	"19"	"97"	"已覆盖"	"life-decision.md; improvement-system.md; three-best-principles.md; key-candles.md; indicators.md; exit-strategies.md; position-management.md; breathing-theory.md; business-judgment-research.md; business-judgment.md; four-rhythms.md; macro\etf-strategy.md; life-decision-research.md; workflow.md; career-development.md; iron-butterfly.md; sell-discipline.md; harness.md; framework-extraction.md"	"20251112仓位管理如何大幅提升赚钱效率（周三晚8）; 20260211节前答疑时间; 20251221茶人小叙~; 20250611特训（周三晚八）; 20251208老主线的新叙事！; 20260322 砍柴，挑水，做饭; 20250819如何买到当日最强？（周二晚八开）; 20260415知行交易模块总结; 20260316 先破坏，再建设。（周日晚八）; 20260404 二楼补钟：重要一课; 20250806大盘调整期如何找到强壮宝宝（周三晚八开）; 20260408筹码理论在当今A股的应用; 20260325 砖型图的三种定式（周三晚7点30）; 20260224展望节后行情如何演绎？; 20250917主力出货的五种经典方式（周三晚八开）; 20250907九月锦囊+二楼（周日晚八开）; 20250924散户都给我删掉这五种思维！（周三晚八开）; 20260419如何从产业视角看投资; 20250423; 20250813内部交流; 20251004双线战法的核心逻辑（10.4晚八开）; 20251231最难一课之击穿对手盘！; 20250601端午特训第二期; 20251229茶人小叙~; 20260202 喝茶聊聊天~; 20251012川子又来搞事情了？（周日晚八）; 20260422MACD; 20250906厦门二楼~; 20250914如何做一位斗牛士？（周日晚八点十分）; 20250720闭门会bbb; 20260412下阶段主线与支线; 20260426从产业资本看投资; 20250606充电直播; 20250910牛市偷懒法～（周三晚八开）; 20260105 中国消费：谁先变革谁早超生！（日晚八）; 20251126Z家军之每日5步极简工作流精讲（三晚8）; 20250824牛市未来如何逃顶？（周日晚八）; 20260309补充两个重要技能点; 20250723麒麟会如何运作一个票？（周三晚八）; 20251103下一个“比亚迪”在哪里？（周日晚八）; 20250709大富翁之夜交易的节奏（晚八开）; 20260107 B2买点案例精讲（周三晚八）; 20250430; 20251015关键K的重要价值（周三晚八）; 20250712加餐聊会儿; 20251105期中考试（周三晚八）; 20251119为你的“知行合一账户”充值～（周三晚八）; 20260404重要一课（周六晚八）; 20250507; 20260301 10张难看图形绝不能碰！（周日晚八）; 20251110扯会儿淡~; 20250618创新药五大方向（周三晚九开; 20260112 当前行情下5种散户常犯错误！（周日晚八）; 20260406; 20250625特训坑里起好货; 20250514; 20251224底部暴力K线擒大牛; 20260114  打窝结束！如何变阵？; 20250831神仙打架我散如何应对？（周日晚九点半开）; 20251006三大高爆发力的B2买入法（10.6晚八）; 20260330 全面推演美军若地面取胜概率（周日晚八）; 20251217为什么说散户输在没有交易节奏（周三晚八）; 20260429三种常用战法摸底考; 20250922全网独家解析大A暗战！; 20251022独门对称战法看透主力真实意图（周三晚八）; 20251210成交量与股价最真实的关系 （周三晚八）; 20250702（周三晚8）; 20250903今天才有点儿内个意思~（周三晚八开）; 20250716百战案例砸实基本功（晚八点半开）; 20260220瑜伽裤战法; 20250531端午特训第一期; 20251203交易中如何调整“手紧手松”？（周三晚八）; 20260219 进阶】如何大幅提高选股的成功率; 20251027牛市里的三大散户魔咒（周日晚九半）; 20260204  当前环境下最好的交易策略~; 20251009闲聊; 20260318砖型图的核心用法（周三晚八）; 20260311九篇心法精讲（十年后版） 周三晚九; 20260304 为什么又被炸成德A兰？（周三晚八）; 20260121开枝散叶，踏准节奏; 20250730重要的防卖飞策略（周三晚八）; 20251123蛋比时间~; 20251020枪林弹雨的十月该如何应对？（周日晚八）"
"M9"	"人设与闲聊"	"闲聊"	"67"	"183"	"0"	"0"	"★缺失"	""	"20251112仓位管理如何大幅提升赚钱效率（周三晚8）; 20260209务必高度重视川子喊单10万点~; 20251116重点板块视察~; 20260211节前答疑时间; 20251221茶人小叙~; 20250611特训（周三晚八）; 20251208老主线的新叙事！; 20260322 砍柴，挑水，做饭; 20250819如何买到当日最强？（周二晚八开）; 20260415知行交易模块总结; 20260404 二楼补钟：重要一课; 20250806大盘调整期如何找到强壮宝宝（周三晚八开）; 20260408筹码理论在当今A股的应用; 20260325 砖型图的三种定式（周三晚7点30）; 20260224展望节后行情如何演绎？; 20250917主力出货的五种经典方式（周三晚八开）; 20250907九月锦囊+二楼（周日晚八开）; 20250924散户都给我删掉这五种思维！（周三晚八开）; 20260419如何从产业视角看投资; 20250813内部交流; 20251004双线战法的核心逻辑（10.4晚八开）; 20251231最难一课之击穿对手盘！; 20250601端午特训第二期; 20251229茶人小叙~; 20260202 喝茶聊聊天~; 20251012川子又来搞事情了？（周日晚八）; 20250914如何做一位斗牛士？（周日晚八点十分）; 20250720闭门会bbb; 20260412下阶段主线与支线; 20260426从产业资本看投资; 20251029沉舟千帆，步步为营。（周三晚八）; 20250910牛市偷懒法～（周三晚八开）; 20251126Z家军之每日5步极简工作流精讲（三晚8）; 20251214扯淡局~; 20251103下一个“比亚迪”在哪里？（周日晚八）; 20250709大富翁之夜交易的节奏（晚八开）; 20260107 B2买点案例精讲（周三晚八）; 20250430; 20251015关键K的重要价值（周三晚八）; 20250712加餐聊会儿; 20251105期中考试（周三晚八）; 20260404重要一课（周六晚八）; 20250507; 20250626填坑补充; 20251110扯会儿淡~; 20260406; 20250514; 20251224底部暴力K线擒大牛; 20260114  打窝结束！如何变阵？; 20250831神仙打架我散如何应对？（周日晚九点半开）; 20251006三大高爆发力的B2买入法（10.6晚八）; 20251217为什么说散户输在没有交易节奏（周三晚八）; 20260429三种常用战法摸底考; 20250922全网独家解析大A暗战！; 20251022独门对称战法看透主力真实意图（周三晚八）; 20251210成交量与股价最真实的关系 （周三晚八）; 20250702（周三晚8）; 20260220瑜伽裤战法; 20250531端午特训第一期; 20260219 进阶】如何大幅提高选股的成功率; 20260204  当前环境下最好的交易策略~; 20251009闲聊; 20260318砖型图的核心用法（周三晚八）; 20260304 为什么又被炸成德A兰？（周三晚八）; 20260121开枝散叶，踏准节奏; 20251123蛋比时间~; 20251020枪林弹雨的十月该如何应对？（周日晚八）"
"M9"	"人设与闲聊"	"扯淡"	"6"	"10"	"0"	"0"	"★缺失"	""	"20251004双线战法的核心逻辑（10.4晚八开）; 20251229茶人小叙~; 20251012川子又来搞事情了？（周日晚八）; 20251105期中考试（周三晚八）; 20251110扯会儿淡~; 20260406"
"M9"	"人设与闲聊"	"茶人"	"0"	"0"	"0"	"0"	"语料无"	""	""
"M9"	"人设与闲聊"	"加餐"	"12"	"22"	"5"	"11"	"已覆盖"	"trading-core.md; breathing-theory.md; market-macro.md; trading-psychology.md; portfolio-management.md"	"20260209务必高度重视川子喊单10万点~; 20251221茶人小叙~; 20250423; 20251012川子又来搞事情了？（周日晚八）; 20250906厦门二楼~; 20250914如何做一位斗牛士？（周日晚八点十分）; 20250712加餐聊会儿; 20260404重要一课（周六晚八）; 20250507; 20250702（周三晚8）; 20260220瑜伽裤战法; 20260204  当前环境下最好的交易策略~"
"M9"	"人设与闲聊"	"聊天"	"11"	"18"	"2"	"5"	"薄弱"	"life-decision-research.md; harness.md"	"20260419如何从产业视角看投资; 20251004双线战法的核心逻辑（10.4晚八开）; 20250601端午特训第二期; 20260202 喝茶聊聊天~; 20260426从产业资本看投资; 20260404重要一课（周六晚八）; 20250625特训坑里起好货; 20251006三大高爆发力的B2买入法（10.6晚八）; 20251210成交量与股价最真实的关系 （周三晚八）; 20251027牛市里的三大散户魔咒（周日晚九半）; 20251020枪林弹雨的十月该如何应对？（周日晚八）"
"M9"	"人设与闲聊"	"高尔夫"	"12"	"67"	"3"	"6"	"已覆盖"	"trading-psychology.md; life-decision-research.md; framework-extraction.md"	"20260415知行交易模块总结; 20260408筹码理论在当今A股的应用; 20260419如何从产业视角看投资; 20251201msfdc~; 20260426从产业资本看投资; 20251126Z家军之每日5步极简工作流精讲（三晚8）; 20260404重要一课（周六晚八）; 20260406; 20260330 全面推演美军若地面取胜概率（周日晚八）; 20260429三种常用战法摸底考; 20251210成交量与股价最真实的关系 （周三晚八）; 20251027牛市里的三大散户魔咒（周日晚九半）"
"M9"	"人设与闲聊"	"足球"	"38"	"121"	"0"	"0"	"★缺失"	""	"20251112仓位管理如何大幅提升赚钱效率（周三晚8）; 20260209务必高度重视川子喊单10万点~; 20260211节前答疑时间; 20250819如何买到当日最强？（周二晚八开）; 20260415知行交易模块总结; 20260408筹码理论在当今A股的应用; 20250423; 20251004双线战法的核心逻辑（10.4晚八开）; 20250601端午特训第二期; 20251012川子又来搞事情了？（周日晚八）; 20250914如何做一位斗牛士？（周日晚八点十分）; 20250720闭门会bbb; 20260412下阶段主线与支线; 20260426从产业资本看投资; 20251029沉舟千帆，步步为营。（周三晚八）; 20250824牛市未来如何逃顶？（周日晚八）; 20251103下一个“比亚迪”在哪里？（周日晚八）; 20250709大富翁之夜交易的节奏（晚八开）; 20250430; 20250712加餐聊会儿; 20251105期中考试（周三晚八）; 20250507; 20251110扯会儿淡~; 20250618创新药五大方向（周三晚九开; 20260112 当前行情下5种散户常犯错误！（周日晚八）; 20260406; 20250831神仙打架我散如何应对？（周日晚九点半开）; 20251006三大高爆发力的B2买入法（10.6晚八）; 20260429三种常用战法摸底考; 20250922全网独家解析大A暗战！; 20251022独门对称战法看透主力真实意图（周三晚八）; 20250702（周三晚8）; 20250903今天才有点儿内个意思~（周三晚八开）; 20250531端午特训第一期; 20251203交易中如何调整“手紧手松”？（周三晚八）; 20251027牛市里的三大散户魔咒（周日晚九半）; 20260121开枝散叶，踏准节奏; 20250730重要的防卖飞策略（周三晚八）"
"M10"	"人生职业商业"	"职业"	"38"	"108"	"8"	"57"	"已覆盖"	"life-decision.md; business-judgment.md; heuristics.md; life-decision-research.md; workflow.md; career-development.md; harness.md; framework-extraction.md"	"20260209务必高度重视川子喊单10万点~; 20260211节前答疑时间; 20250611特训（周三晚八）; 20260415知行交易模块总结; 20260316 先破坏，再建设。（周日晚八）; 20260404 二楼补钟：重要一课; 20260408筹码理论在当今A股的应用; 20250907九月锦囊+二楼（周日晚八开）; 20250423; 20250601端午特训第二期; 20260202 喝茶聊聊天~; 20251012川子又来搞事情了？（周日晚八）; 20250914如何做一位斗牛士？（周日晚八点十分）; 20251029沉舟千帆，步步为营。（周三晚八）; 20250910牛市偷懒法～（周三晚八开）; 20251126Z家军之每日5步极简工作流精讲（三晚8）; 20251214扯淡局~; 20250723麒麟会如何运作一个票？（周三晚八）; 20251103下一个“比亚迪”在哪里？（周日晚八）; 20260107 B2买点案例精讲（周三晚八）; 20250430; 20251105期中考试（周三晚八）; 20251119为你的“知行合一账户”充值～（周三晚八）; 20260404重要一课（周六晚八）; 20250507; 20251110扯会儿淡~; 20250618创新药五大方向（周三晚九开; 20260112 当前行情下5种散户常犯错误！（周日晚八）; 20260406; 20250625特训坑里起好货; 20250514; 20251217为什么说散户输在没有交易节奏（周三晚八）; 20250702（周三晚8）; 20250716百战案例砸实基本功（晚八点半开）; 20250531端午特训第一期; 20251203交易中如何调整“手紧手松”？（周三晚八）; 20260219 进阶】如何大幅提高选股的成功率; 20251027牛市里的三大散户魔咒（周日晚九半）"
"M10"	"人生职业商业"	"人生"	"39"	"91"	"9"	"62"	"已覆盖"	"life-decision.md; business-judgment.md; heuristics.md; trading-psychology.md; life-decision-research.md; workflow.md; career-development.md; harness.md; framework-extraction.md"	"20250611特训（周三晚八）; 20260404 二楼补钟：重要一课; 20250806大盘调整期如何找到强壮宝宝（周三晚八开）; 20260325 砖型图的三种定式（周三晚7点30）; 20250924散户都给我删掉这五种思维！（周三晚八开）; 20250423; 20251004双线战法的核心逻辑（10.4晚八开）; 20260202 喝茶聊聊天~; 20251012川子又来搞事情了？（周日晚八）; 20260422MACD; 20250720闭门会bbb; 20251201msfdc~; 20260412下阶段主线与支线; 20260426从产业资本看投资; 20250606充电直播; 20250910牛市偷懒法～（周三晚八开）; 20251103下一个“比亚迪”在哪里？（周日晚八）; 20260107 B2买点案例精讲（周三晚八）; 20251015关键K的重要价值（周三晚八）; 20251105期中考试（周三晚八）; 20260404重要一课（周六晚八）; 20251110扯会儿淡~; 20260112 当前行情下5种散户常犯错误！（周日晚八）; 20260406; 20250625特训坑里起好货; 20251224底部暴力K线擒大牛; 20260114  打窝结束！如何变阵？; 20251006三大高爆发力的B2买入法（10.6晚八）; 20251217为什么说散户输在没有交易节奏（周三晚八）; 20260429三种常用战法摸底考; 20251210成交量与股价最真实的关系 （周三晚八）; 20250702（周三晚8）; 20251203交易中如何调整“手紧手松”？（周三晚八）; 20260219 进阶】如何大幅提高选股的成功率; 20251027牛市里的三大散户魔咒（周日晚九半）; 20260204  当前环境下最好的交易策略~; 20260318砖型图的核心用法（周三晚八）; 20260311九篇心法精讲（十年后版） 周三晚九; 20251020枪林弹雨的十月该如何应对？（周日晚八）"
"M10"	"人生职业商业"	"商业"	"31"	"74"	"11"	"22"	"已覆盖"	"life-decision.md; business-judgment-research.md; business-judgment.md; heuristics.md; market-macro.md; stock-glossary.md; workflow.md; career-development.md; harness.md; six-tracks-2026.md; framework-extraction.md"	"20251208老主线的新叙事！; 20260322 砍柴，挑水，做饭; 20260404 二楼补钟：重要一课; 20250806大盘调整期如何找到强壮宝宝（周三晚八开）; 20250907九月锦囊+二楼（周日晚八开）; 20260419如何从产业视角看投资; 20250423; 20260412下阶段主线与支线; 20260426从产业资本看投资; 20250910牛市偷懒法～（周三晚八开）; 20260105 中国消费：谁先变革谁早超生！（日晚八）; 20251214扯淡局~; 20251103下一个“比亚迪”在哪里？（周日晚八）; 20250709大富翁之夜交易的节奏（晚八开）; 20260107 B2买点案例精讲（周三晚八）; 20251119为你的“知行合一账户”充值～（周三晚八）; 20251110扯会儿淡~; 20250618创新药五大方向（周三晚九开; 20250827指数贡献策略防踏空（周三晚八）; 20260406; 20251224底部暴力K线擒大牛; 20260114  打窝结束！如何变阵？; 20251006三大高爆发力的B2买入法（10.6晚八）; 20251217为什么说散户输在没有交易节奏（周三晚八）; 20250922全网独家解析大A暗战！; 20250531端午特训第一期; 20251203交易中如何调整“手紧手松”？（周三晚八）; 20260219 进阶】如何大幅提高选股的成功率; 20260311九篇心法精讲（十年后版） 周三晚九; 20260121开枝散叶，踏准节奏; 20251020枪林弹雨的十月该如何应对？（周日晚八）"
"M10"	"人生职业商业"	"生意"	"16"	"26"	"0"	"0"	"★缺失"	""	"20260211节前答疑时间; 20250819如何买到当日最强？（周二晚八开）; 20260408筹码理论在当今A股的应用; 20260325 砖型图的三种定式（周三晚7点30）; 20250917主力出货的五种经典方式（周三晚八开）; 20250907九月锦囊+二楼（周日晚八开）; 20260419如何从产业视角看投资; 20250910牛市偷懒法～（周三晚八开）; 20250430; 20260404重要一课（周六晚八）; 20260406; 20250531端午特训第一期; 20260311九篇心法精讲（十年后版） 周三晚九; 20260304 为什么又被炸成德A兰？（周三晚八）; 20251123蛋比时间~; 20251020枪林弹雨的十月该如何应对？（周日晚八）"
"M10"	"人生职业商业"	"职场"	"11"	"20"	"1"	"2"	"薄弱"	"career-development.md"	"20260415知行交易模块总结; 20260404 二楼补钟：重要一课; 20260325 砖型图的三种定式（周三晚7点30）; 20260426从产业资本看投资; 20251103下一个“比亚迪”在哪里？（周日晚八）; 20250709大富翁之夜交易的节奏（晚八开）; 20250430; 20260404重要一课（周六晚八）; 20260429三种常用战法摸底考; 20250702（周三晚8）; 20251020枪林弹雨的十月该如何应对？（周日晚八）"
"M10"	"人生职业商业"	"领导"	"32"	"94"	"0"	"0"	"★缺失"	""	"20250611特训（周三晚八）; 20260322 砍柴，挑水，做饭; 20260415知行交易模块总结; 20260404 二楼补钟：重要一课; 20260408筹码理论在当今A股的应用; 20250917主力出货的五种经典方式（周三晚八开）; 20250907九月锦囊+二楼（周日晚八开）; 20251231最难一课之击穿对手盘！; 20251012川子又来搞事情了？（周日晚八）; 20250914如何做一位斗牛士？（周日晚八点十分）; 20260412下阶段主线与支线; 20260426从产业资本看投资; 20251029沉舟千帆，步步为营。（周三晚八）; 20250910牛市偷懒法～（周三晚八开）; 20250824牛市未来如何逃顶？（周日晚八）; 20251103下一个“比亚迪”在哪里？（周日晚八）; 20260107 B2买点案例精讲（周三晚八）; 20250430; 20251105期中考试（周三晚八）; 20260404重要一课（周六晚八）; 20251110扯会儿淡~; 20260406; 20251006三大高爆发力的B2买入法（10.6晚八）; 20251217为什么说散户输在没有交易节奏（周三晚八）; 20260429三种常用战法摸底考; 20250922全网独家解析大A暗战！; 20251022独门对称战法看透主力真实意图（周三晚八）; 20251203交易中如何调整“手紧手松”？（周三晚八）; 20251027牛市里的三大散户魔咒（周日晚九半）; 20260304 为什么又被炸成德A兰？（周三晚八）; 20260121开枝散叶，踏准节奏; 20251020枪林弹雨的十月该如何应对？（周日晚八）"
"M10"	"人生职业商业"	"管理"	"67"	"289"	"15"	"29"	"已覆盖"	"life-decision.md; improvement-system.md; key-candles.md; position-management.md; business-judgment.md; heuristics.md; market-macro.md; stock-glossary.md; trading-psychology.md; portfolio-management.md; career-development.md; harness.md; reference\thresholds.md; strategies\choppy-market-sop.md; framework-extraction.md"	"20251112仓位管理如何大幅提升赚钱效率（周三晚8）; 20251116重点板块视察~; 20251221茶人小叙~; 20250611特训（周三晚八）; 20251208老主线的新叙事！; 20260415知行交易模块总结; 20260316 先破坏，再建设。（周日晚八）; 20260404 二楼补钟：重要一课; 20250806大盘调整期如何找到强壮宝宝（周三晚八开）; 20260408筹码理论在当今A股的应用; 20260325 砖型图的三种定式（周三晚7点30）; 20250917主力出货的五种经典方式（周三晚八开）; 20250907九月锦囊+二楼（周日晚八开）; 20260419如何从产业视角看投资; 20250423; 20250813内部交流; 20251004双线战法的核心逻辑（10.4晚八开）; 20251231最难一课之击穿对手盘！; 20250601端午特训第二期; 20251229茶人小叙~; 20251012川子又来搞事情了？（周日晚八）; 20260422MACD; 20250720闭门会bbb; 20260412下阶段主线与支线; 20260426从产业资本看投资; 20251029沉舟千帆，步步为营。（周三晚八）; 20250606充电直播; 20250910牛市偷懒法～（周三晚八开）; 20251126Z家军之每日5步极简工作流精讲（三晚8）; 20250824牛市未来如何逃顶？（周日晚八）; 20250723麒麟会如何运作一个票？（周三晚八）; 20251103下一个“比亚迪”在哪里？（周日晚八）; 20250709大富翁之夜交易的节奏（晚八开）; 20260107 B2买点案例精讲（周三晚八）; 20250430; 20251015关键K的重要价值（周三晚八）; 20250712加餐聊会儿; 20251105期中考试（周三晚八）; 20251119为你的“知行合一账户”充值～（周三晚八）; 20260404重要一课（周六晚八）; 20250507; 20251110扯会儿淡~; 20250618创新药五大方向（周三晚九开; 20250827指数贡献策略防踏空（周三晚八）; 20260406; 20250514; 20251224底部暴力K线擒大牛; 20260114  打窝结束！如何变阵？; 20251006三大高爆发力的B2买入法（10.6晚八）; 20251217为什么说散户输在没有交易节奏（周三晚八）; 20260429三种常用战法摸底考; 20250922全网独家解析大A暗战！; 20251022独门对称战法看透主力真实意图（周三晚八）; 20251210成交量与股价最真实的关系 （周三晚八）; 20250702（周三晚8）; 20250716百战案例砸实基本功（晚八点半开）; 20260220瑜伽裤战法; 20250531端午特训第一期; 20251203交易中如何调整“手紧手松”？（周三晚八）; 20260219 进阶】如何大幅提高选股的成功率; 20251027牛市里的三大散户魔咒（周日晚九半）; 20251009闲聊; 20260318砖型图的核心用法（周三晚八）; 20260311九篇心法精讲（十年后版） 周三晚九; 20260304 为什么又被炸成德A兰？（周三晚八）; 20250730重要的防卖飞策略（周三晚八）; 20251020枪林弹雨的十月该如何应对？（周日晚八）"
"M10"	"人生职业商业"	"决策"	"43"	"122"	"14"	"41"	"已覆盖"	"life-decision.md; trading-core.md; exit-strategies.md; business-judgment-research.md; signal_dictionary.md; business-judgment.md; heuristics.md; life-decision-research.md; workflow.md; career-development.md; sell-discipline.md; harness.md; strategies\choppy-market-sop.md; framework-extraction.md"	"20260211节前答疑时间; 20250611特训（周三晚八）; 20260322 砍柴，挑水，做饭; 20250819如何买到当日最强？（周二晚八开）; 20260415知行交易模块总结; 20260316 先破坏，再建设。（周日晚八）; 20260404 二楼补钟：重要一课; 20260408筹码理论在当今A股的应用; 20250924散户都给我删掉这五种思维！（周三晚八开）; 20260419如何从产业视角看投资; 20250423; 20251004双线战法的核心逻辑（10.4晚八开）; 20260202 喝茶聊聊天~; 20251012川子又来搞事情了？（周日晚八）; 20260422MACD; 20250906厦门二楼~; 20250720闭门会bbb; 20260412下阶段主线与支线; 20260426从产业资本看投资; 20251126Z家军之每日5步极简工作流精讲（三晚8）; 20250824牛市未来如何逃顶？（周日晚八）; 20250723麒麟会如何运作一个票？（周三晚八）; 20251103下一个“比亚迪”在哪里？（周日晚八）; 20250430; 20251105期中考试（周三晚八）; 20260404重要一课（周六晚八）; 20250507; 20251110扯会儿淡~; 20250618创新药五大方向（周三晚九开; 20260406; 20250514; 20251006三大高爆发力的B2买入法（10.6晚八）; 20260429三种常用战法摸底考; 20250922全网独家解析大A暗战！; 20251022独门对称战法看透主力真实意图（周三晚八）; 20251210成交量与股价最真实的关系 （周三晚八）; 20250716百战案例砸实基本功（晚八点半开）; 20260220瑜伽裤战法; 20250531端午特训第一期; 20260219 进阶】如何大幅提高选股的成功率; 20260318砖型图的核心用法（周三晚八）; 20250730重要的防卖飞策略（周三晚八）; 20251123蛋比时间~"
