"Session"	"Module"	"Keyword"	"Count"
"20250423"	"M0"	"活跃市值"	"2"
"20250423"	"M0"	"择时"	"54"
"20250423"	"M0"	"空仓"	"29"
"20250423"	"M1"	"(?<!S)B1(?![0-9])"	"6"
"20250423"	"M1"	"专精图"	"6"
"20250423"	"M1"	"买点"	"3"
"20250423"	"M1"	"上车"	"1"
"20250423"	"M2"	"止损"	"75"
"20250423"	"M2"	"破平台"	"1"
"20250423"	"M2"	"前低"	"10"
"20250423"	"M2"	"减仓"	"3"
"20250423"	"M2"	"大阳线"	"23"
"20250423"	"M3"	"白线"	"1"
"20250423"	"M3"	"黄线"	"2"
"20250423"	"M3"	"出货"	"15"
"20250423"	"M4"	"关键K"	"3"
"20250423"	"M4"	"筹码"	"17"
"20250423"	"M4"	"N型"	"8"
"20250423"	"M4"	"大风车"	"11"
"20250423"	"M5"	"框架"	"4"
"20250423"	"M5"	"底仓"	"9"
"20250423"	"M5"	"知行合一"	"3"
"20250423"	"M5"	"纪律"	"15"
"20250423"	"M6"	"心态"	"6"
"20250423"	"M6"	"人性"	"1"
"20250423"	"M6"	"散户"	"9"
"20250423"	"M6"	"思维"	"4"
"20250423"	"M6"	"耐心"	"7"
"20250423"	"M7"	"产业"	"1"
"20250423"	"M7"	"宏观"	"19"
"20250423"	"M7"	"政策"	"8"
"20250423"	"M7"	"消费"	"8"
"20250423"	"M7"	"芯片"	"2"
"20250423"	"M7"	"算力"	"2"
"20250423"	"M7"	"券商"	"16"
"20250423"	"M7"	"医药"	"1"
"20250423"	"M7"	"关税"	"1"
"20250423"	"M8"	"复盘"	"4"
"20250423"	"M8"	"案例"	"30"
"20250423"	"M9"	"加餐"	"4"
"20250423"	"M9"	"生活"	"1"
"20250423"	"M9"	"足球"	"2"
"20250423"	"M10"	"职业"	"3"
"20250423"	"M10"	"人生"	"3"
"20250423"	"M10"	"商业"	"2"
"20250423"	"M10"	"管理"	"8"
"20250423"	"M10"	"决策"	"5"
"20250430"	"M0"	"择时"	"1"
"20250430"	"M0"	"池子"	"1"
"20250430"	"M1"	"(?<!S)B1(?![0-9])"	"10"
"20250430"	"M1"	"(?<!S)B2(?![0-9])"	"6"
"20250430"	"M1"	"(?<!S)B3(?![0-9])"	"4"
"20250430"	"M1"	"B一"	"3"
"20250430"	"M1"	"买点"	"16"
"20250430"	"M2"	"止损"	"73"
"20250430"	"M2"	"放飞"	"1"
"20250430"	"M2"	"止盈"	"1"
"20250430"	"M2"	"前低"	"12"
"20250430"	"M2"	"减仓"	"13"
"20250430"	"M2"	"大阳线"	"3"
"20250430"	"M3"	"白线"	"7"
"20250430"	"M3"	"黄线"	"2"
"20250430"	"M3"	"死叉"	"14"
"20250430"	"M3"	"出货"	"12"
"20250430"	"M4"	"异动"	"4"
"20250430"	"M4"	"筹码"	"29"
"20250430"	"M4"	"N型"	"12"
"20250430"	"M4"	"大风车"	"5"
"20250430"	"M5"	"底仓"	"3"
"20250430"	"M5"	"知行合一"	"1"
"20250430"	"M5"	"纪律"	"11"
"20250430"	"M6"	"心态"	"20"
"20250430"	"M6"	"情绪"	"16"
"20250430"	"M6"	"散户"	"45"
"20250430"	"M6"	"思维"	"32"
"20250430"	"M6"	"承受力"	"12"
"20250430"	"M6"	"耐心"	"1"
"20250430"	"M7"	"产业"	"6"
"20250430"	"M7"	"宏观"	"5"
"20250430"	"M7"	"政策"	"4"
"20250430"	"M7"	"创新药"	"12"
"20250430"	"M7"	"消费"	"16"
"20250430"	"M7"	"新能源"	"3"
"20250430"	"M7"	"券商"	"4"
"20250430"	"M7"	"医药"	"2"
"20250430"	"M8"	"补课"	"1"
"20250430"	"M8"	"案例"	"36"
"20250430"	"M9"	"闲聊"	"3"
"20250430"	"M9"	"生活"	"3"
"20250430"	"M9"	"足球"	"8"
"20250430"	"M10"	"职业"	"3"
"20250430"	"M10"	"生意"	"4"
"20250430"	"M10"	"职场"	"2"
"20250430"	"M10"	"领导"	"4"
"20250430"	"M10"	"管理"	"8"
"20250430"	"M10"	"决策"	"1"
"20250507"	"M0"	"空仓"	"1"
"20250507"	"M1"	"B一"	"57"
"20250507"	"M1"	"买点"	"30"
"20250507"	"M1"	"上车"	"1"
"20250507"	"M2"	"止损"	"91"
"20250507"	"M2"	"放飞"	"1"
"20250507"	"M2"	"止盈"	"2"
"20250507"	"M2"	"前低"	"28"
"20250507"	"M2"	"减仓"	"25"
"20250507"	"M2"	"中阳线"	"5"
"20250507"	"M2"	"大阳线"	"2"
"20250507"	"M3"	"破白线"	"6"
"20250507"	"M3"	"白线"	"26"
"20250507"	"M3"	"黄线"	"3"
"20250507"	"M3"	"死叉"	"1"
"20250507"	"M3"	"出货"	"1"
"20250507"	"M4"	"关键K"	"7"
"20250507"	"M4"	"四分之一量线"	"5"
"20250507"	"M4"	"筹码"	"2"
"20250507"	"M4"	"大风车"	"1"
"20250507"	"M5"	"纪律"	"20"
"20250507"	"M6"	"心态"	"5"
"20250507"	"M6"	"情绪"	"6"
"20250507"	"M6"	"散户"	"2"
"20250507"	"M6"	"耐心"	"2"
"20250507"	"M7"	"政策"	"8"
"20250507"	"M7"	"消费"	"11"
"20250507"	"M7"	"新能源"	"1"
"20250507"	"M7"	"券商"	"16"
"20250507"	"M7"	"医药"	"2"
"20250507"	"M7"	"关税"	"1"
"20250507"	"M7"	"美联储"	"7"
"20250507"	"M8"	"复盘"	"2"
"20250507"	"M8"	"案例"	"31"
"20250507"	"M9"	"闲聊"	"7"
"20250507"	"M9"	"加餐"	"2"
"20250507"	"M9"	"足球"	"1"
"20250507"	"M10"	"职业"	"1"
"20250507"	"M10"	"管理"	"2"
"20250507"	"M10"	"决策"	"5"
"20250514"	"M0"	"择时"	"5"
"20250514"	"M0"	"池子"	"1"
"20250514"	"M0"	"主线"	"5"
"20250514"	"M0"	"空仓"	"1"
"20250514"	"M1"	"(?<!S)B1(?![0-9])"	"11"
"20250514"	"M1"	"(?<!S)B2(?![0-9])"	"1"
"20250514"	"M1"	"B一"	"21"
"20250514"	"M1"	"买点"	"23"
"20250514"	"M2"	"止损"	"68"
"20250514"	"M2"	"放飞"	"18"
"20250514"	"M2"	"没涨"	"1"
"20250514"	"M2"	"止盈"	"6"
"20250514"	"M2"	"前低"	"9"
"20250514"	"M2"	"减仓"	"8"
"20250514"	"M2"	"中阳线"	"2"
"20250514"	"M2"	"大阳线"	"8"
"20250514"	"M3"	"破白线"	"3"
"20250514"	"M3"	"白线"	"33"
"20250514"	"M3"	"死叉"	"5"
"20250514"	"M3"	"出货"	"30"
"20250514"	"M4"	"关键K"	"1"
"20250514"	"M4"	"暴力K"	"6"
"20250514"	"M4"	"筹码"	"10"
"20250514"	"M4"	"N型"	"1"
"20250514"	"M4"	"大风车"	"2"
"20250514"	"M5"	"框架"	"1"
"20250514"	"M5"	"底仓"	"1"
"20250514"	"M5"	"纪律"	"13"
"20250514"	"M6"	"心态"	"5"
"20250514"	"M6"	"情绪"	"8"
"20250514"	"M6"	"人性"	"3"
"20250514"	"M6"	"散户"	"19"
"20250514"	"M6"	"思维"	"1"
"20250514"	"M6"	"恐惧"	"1"
"20250514"	"M6"	"耐心"	"1"
"20250514"	"M7"	"产业"	"2"
"20250514"	"M7"	"宏观"	"2"
"20250514"	"M7"	"政策"	"10"
"20250514"	"M7"	"消费"	"2"
"20250514"	"M7"	"芯片"	"2"
"20250514"	"M7"	"新能源"	"3"
"20250514"	"M7"	"券商"	"14"
"20250514"	"M7"	"关税"	"3"
"20250514"	"M8"	"复盘"	"4"
"20250514"	"M8"	"案例"	"20"
"20250514"	"M9"	"闲聊"	"1"
"20250514"	"M10"	"职业"	"3"
"20250514"	"M10"	"管理"	"9"
"20250514"	"M10"	"决策"	"1"
"20250531端午特训第一期"	"M0"	"择时"	"14"
"20250531端午特训第一期"	"M0"	"容错"	"1"
"20250531端午特训第一期"	"M0"	"主线"	"18"
"20250531端午特训第一期"	"M0"	"休息"	"3"
"20250531端午特训第一期"	"M1"	"(?<!S)B1(?![0-9])"	"10"
"20250531端午特训第一期"	"M1"	"(?<!S)B2(?![0-9])"	"2"
"20250531端午特训第一期"	"M1"	"(?<!S)B3(?![0-9])"	"2"
"20250531端午特训第一期"	"M1"	"B一"	"12"
"20250531端午特训第一期"	"M1"	"单针下二十"	"3"
"20250531端午特训第一期"	"M1"	"买点"	"8"
"20250531端午特训第一期"	"M2"	"止损"	"56"
"20250531端午特训第一期"	"M2"	"放飞"	"11"
"20250531端午特训第一期"	"M2"	"没涨"	"2"
"20250531端午特训第一期"	"M2"	"止盈"	"24"
"20250531端午特训第一期"	"M2"	"前低"	"2"
"20250531端午特训第一期"	"M2"	"中长阳"	"1"
"20250531端午特训第一期"	"M2"	"减仓"	"21"
"20250531端午特训第一期"	"M2"	"中阳线"	"2"
"20250531端午特训第一期"	"M2"	"大阳线"	"9"
"20250531端午特训第一期"	"M3"	"出货"	"7"
"20250531端午特训第一期"	"M4"	"筹码"	"12"
"20250531端午特训第一期"	"M4"	"N型"	"12"
"20250531端午特训第一期"	"M4"	"大风车"	"1"
"20250531端午特训第一期"	"M5"	"框架"	"1"
"20250531端午特训第一期"	"M5"	"底仓"	"1"
"20250531端午特训第一期"	"M5"	"肌肉记忆"	"1"
"20250531端午特训第一期"	"M5"	"纪律"	"29"
"20250531端午特训第一期"	"M6"	"心态"	"2"
"20250531端午特训第一期"	"M6"	"情绪"	"3"
"20250531端午特训第一期"	"M6"	"人性"	"1"
"20250531端午特训第一期"	"M6"	"散户"	"7"
"20250531端午特训第一期"	"M6"	"思维"	"4"
"20250531端午特训第一期"	"M6"	"耐心"	"1"
"20250531端午特训第一期"	"M7"	"宏观"	"5"
"20250531端午特训第一期"	"M7"	"政策"	"14"
"20250531端午特训第一期"	"M7"	"创新药"	"9"
"20250531端午特训第一期"	"M7"	"消费"	"8"
"20250531端午特训第一期"	"M7"	"算力"	"1"
"20250531端午特训第一期"	"M7"	"新能源"	"3"
"20250531端午特训第一期"	"M7"	"券商"	"3"
"20250531端午特训第一期"	"M7"	"关税"	"1"
"20250531端午特训第一期"	"M7"	"美联储"	"1"
"20250531端午特训第一期"	"M8"	"复盘"	"7"
"20250531端午特训第一期"	"M8"	"案例"	"17"
"20250531端午特训第一期"	"M9"	"闲聊"	"1"
"20250531端午特训第一期"	"M9"	"足球"	"3"
"20250531端午特训第一期"	"M10"	"职业"	"1"
"20250531端午特训第一期"	"M10"	"商业"	"3"
"20250531端午特训第一期"	"M10"	"生意"	"1"
"20250531端午特训第一期"	"M10"	"管理"	"1"
"20250531端午特训第一期"	"M10"	"决策"	"1"
"20250601端午特训第二期"	"M0"	"择时"	"6"
"20250601端午特训第二期"	"M0"	"主线"	"12"
"20250601端午特训第二期"	"M0"	"答应"	"1"
"20250601端午特训第二期"	"M0"	"休息"	"4"
"20250601端午特训第二期"	"M1"	"(?<!S)B1(?![0-9])"	"9"
"20250601端午特训第二期"	"M1"	"B一"	"14"
"20250601端午特训第二期"	"M1"	"B二"	"1"
"20250601端午特训第二期"	"M1"	"B三"	"1"
"20250601端午特训第二期"	"M1"	"单针下二十"	"21"
"20250601端午特训第二期"	"M1"	"买点"	"16"
"20250601端午特训第二期"	"M1"	"上车"	"8"
"20250601端午特训第二期"	"M2"	"止损"	"20"
"20250601端午特训第二期"	"M2"	"放飞"	"6"
"20250601端午特训第二期"	"M2"	"止盈"	"4"
"20250601端午特训第二期"	"M2"	"中长阳"	"1"
"20250601端午特训第二期"	"M2"	"减仓"	"8"
"20250601端午特训第二期"	"M2"	"中阳线"	"1"
"20250601端午特训第二期"	"M2"	"大阳线"	"1"
"20250601端午特训第二期"	"M3"	"白线"	"11"
"20250601端午特训第二期"	"M3"	"出货"	"10"
"20250601端午特训第二期"	"M4"	"关键K"	"4"
"20250601端午特训第二期"	"M4"	"暴力K"	"1"
"20250601端午特训第二期"	"M4"	"异动"	"2"
"20250601端午特训第二期"	"M4"	"筹码"	"3"
"20250601端午特训第二期"	"M4"	"N型"	"8"
"20250601端午特训第二期"	"M4"	"大风车"	"1"
"20250601端午特训第二期"	"M5"	"底仓"	"5"
"20250601端午特训第二期"	"M5"	"知行合一"	"3"
"20250601端午特训第二期"	"M5"	"交作业"	"2"
"20250601端午特训第二期"	"M5"	"肌肉记忆"	"1"
"20250601端午特训第二期"	"M5"	"纪律"	"25"
"20250601端午特训第二期"	"M6"	"心态"	"2"
"20250601端午特训第二期"	"M6"	"情绪"	"1"
"20250601端午特训第二期"	"M6"	"散户"	"43"
"20250601端午特训第二期"	"M6"	"思维"	"1"
"20250601端午特训第二期"	"M7"	"政策"	"5"
"20250601端午特训第二期"	"M7"	"创新药"	"6"
"20250601端午特训第二期"	"M7"	"消费"	"1"
"20250601端午特训第二期"	"M7"	"算力"	"1"
"20250601端午特训第二期"	"M7"	"新能源"	"5"
"20250601端午特训第二期"	"M7"	"有色"	"1"
"20250601端午特训第二期"	"M7"	"券商"	"2"
"20250601端午特训第二期"	"M7"	"医药"	"1"
"20250601端午特训第二期"	"M7"	"美联储"	"1"
"20250601端午特训第二期"	"M8"	"考试"	"1"
"20250601端午特训第二期"	"M8"	"复盘"	"21"
"20250601端午特训第二期"	"M8"	"作业"	"2"
"20250601端午特训第二期"	"M8"	"案例"	"9"
"20250601端午特训第二期"	"M9"	"闲聊"	"4"
"20250601端午特训第二期"	"M9"	"聊天"	"2"
"20250601端午特训第二期"	"M9"	"生活"	"5"
"20250601端午特训第二期"	"M9"	"足球"	"7"
"20250601端午特训第二期"	"M10"	"职业"	"2"
"20250601端午特训第二期"	"M10"	"管理"	"2"
"20250606充电直播"	"M0"	"空仓"	"1"
"20250606充电直播"	"M2"	"止损"	"6"
"20250606充电直播"	"M2"	"减仓"	"2"
"20250606充电直播"	"M3"	"滴滴"	"1"
"20250606充电直播"	"M4"	"异动"	"1"
"20250606充电直播"	"M5"	"纪律"	"2"
"20250606充电直播"	"M6"	"心态"	"5"
"20250606充电直播"	"M6"	"情绪"	"4"
"20250606充电直播"	"M6"	"人性"	"2"
"20250606充电直播"	"M6"	"散户"	"1"
"20250606充电直播"	"M6"	"思维"	"1"
"20250606充电直播"	"M7"	"产业"	"1"
"20250606充电直播"	"M7"	"政策"	"2"
"20250606充电直播"	"M7"	"芯片"	"1"
"20250606充电直播"	"M7"	"算力"	"1"
"20250606充电直播"	"M8"	"案例"	"1"
"20250606充电直播"	"M10"	"人生"	"1"
"20250606充电直播"	"M10"	"管理"	"1"
"20250611特训（周三晚八）"	"M0"	"空仓"	"1"
"20250611特训（周三晚八）"	"M0"	"休息"	"2"
"20250611特训（周三晚八）"	"M1"	"B一"	"2"
"20250611特训（周三晚八）"	"M1"	"单针下二十"	"8"
"20250611特训（周三晚八）"	"M1"	"买点"	"9"
"20250611特训（周三晚八）"	"M1"	"上车"	"1"
"20250611特训（周三晚八）"	"M2"	"止损"	"8"
"20250611特训（周三晚八）"	"M2"	"没涨"	"1"
"20250611特训（周三晚八）"	"M2"	"止盈"	"1"
"20250611特训（周三晚八）"	"M2"	"前低"	"2"
"20250611特训（周三晚八）"	"M2"	"减仓"	"2"
"20250611特训（周三晚八）"	"M2"	"大阳线"	"1"
"20250611特训（周三晚八）"	"M3"	"白线"	"14"
"20250611特训（周三晚八）"	"M3"	"黄线"	"11"
"20250611特训（周三晚八）"	"M3"	"死叉"	"2"
"20250611特训（周三晚八）"	"M3"	"出货"	"45"
"20250611特训（周三晚八）"	"M4"	"关键K"	"9"
"20250611特训（周三晚八）"	"M4"	"异动"	"1"
"20250611特训（周三晚八）"	"M4"	"四分之一量线"	"3"
"20250611特训（周三晚八）"	"M4"	"筹码"	"13"
"20250611特训（周三晚八）"	"M4"	"N型"	"3"
"20250611特训（周三晚八）"	"M4"	"对称"	"1"
"20250611特训（周三晚八）"	"M4"	"填坑"	"12"
"20250611特训（周三晚八）"	"M4"	"出坑"	"5"
"20250611特训（周三晚八）"	"M4"	"大风车"	"2"
"20250611特训（周三晚八）"	"M5"	"底仓"	"2"
"20250611特训（周三晚八）"	"M5"	"交作业"	"1"
"20250611特训（周三晚八）"	"M5"	"纪律"	"10"
"20250611特训（周三晚八）"	"M6"	"心态"	"2"
"20250611特训（周三晚八）"	"M6"	"情绪"	"1"
"20250611特训（周三晚八）"	"M6"	"人性"	"1"
"20250611特训（周三晚八）"	"M6"	"散户"	"23"
"20250611特训（周三晚八）"	"M6"	"思维"	"1"
"20250611特训（周三晚八）"	"M6"	"恐惧"	"2"
"20250611特训（周三晚八）"	"M7"	"产业"	"4"
"20250611特训（周三晚八）"	"M7"	"宏观"	"3"
"20250611特训（周三晚八）"	"M7"	"政策"	"4"
"20250611特训（周三晚八）"	"M7"	"创新药"	"9"
"20250611特训（周三晚八）"	"M7"	"消费"	"2"
"20250611特训（周三晚八）"	"M7"	"券商"	"3"
"20250611特训（周三晚八）"	"M7"	"关税"	"3"
"20250611特训（周三晚八）"	"M7"	"美联储"	"1"
"20250611特训（周三晚八）"	"M8"	"复盘"	"3"
"20250611特训（周三晚八）"	"M8"	"作业"	"1"
"20250611特训（周三晚八）"	"M8"	"案例"	"39"
"20250611特训（周三晚八）"	"M9"	"闲聊"	"1"
"20250611特训（周三晚八）"	"M9"	"生活"	"5"
"20250611特训（周三晚八）"	"M10"	"职业"	"1"
"20250611特训（周三晚八）"	"M10"	"人生"	"1"
"20250611特训（周三晚八）"	"M10"	"领导"	"2"
"20250611特训（周三晚八）"	"M10"	"管理"	"3"
"20250611特训（周三晚八）"	"M10"	"决策"	"3"
"20250618创新药五大方向（周三晚九开"	"M0"	"择时"	"2"
"20250618创新药五大方向（周三晚九开"	"M0"	"池子"	"3"
"20250618创新药五大方向（周三晚九开"	"M0"	"主线"	"11"
"20250618创新药五大方向（周三晚九开"	"M1"	"(?<!S)B1(?![0-9])"	"3"
"20250618创新药五大方向（周三晚九开"	"M1"	"B一"	"18"
"20250618创新药五大方向（周三晚九开"	"M1"	"买点"	"8"
"20250618创新药五大方向（周三晚九开"	"M1"	"上车"	"3"
"20250618创新药五大方向（周三晚九开"	"M2"	"止损"	"8"
"20250618创新药五大方向（周三晚九开"	"M2"	"放飞"	"2"
"20250618创新药五大方向（周三晚九开"	"M2"	"没涨"	"1"
"20250618创新药五大方向（周三晚九开"	"M2"	"止盈"	"2"
"20250618创新药五大方向（周三晚九开"	"M2"	"前低"	"3"
"20250618创新药五大方向（周三晚九开"	"M2"	"减仓"	"4"
"20250618创新药五大方向（周三晚九开"	"M2"	"中阳线"	"1"
"20250618创新药五大方向（周三晚九开"	"M3"	"滴滴"	"2"
"20250618创新药五大方向（周三晚九开"	"M3"	"出货"	"16"
"20250618创新药五大方向（周三晚九开"	"M4"	"关键K"	"1"
"20250618创新药五大方向（周三晚九开"	"M4"	"异动"	"1"
"20250618创新药五大方向（周三晚九开"	"M4"	"筹码"	"24"
"20250618创新药五大方向（周三晚九开"	"M4"	"N型"	"6"
"20250618创新药五大方向（周三晚九开"	"M4"	"填坑"	"15"
"20250618创新药五大方向（周三晚九开"	"M4"	"出坑"	"3"
"20250618创新药五大方向（周三晚九开"	"M4"	"圆弧底"	"6"
"20250618创新药五大方向（周三晚九开"	"M4"	"大风车"	"4"
"20250618创新药五大方向（周三晚九开"	"M5"	"框架"	"1"
"20250618创新药五大方向（周三晚九开"	"M5"	"底仓"	"2"
"20250618创新药五大方向（周三晚九开"	"M5"	"纪律"	"13"
"20250618创新药五大方向（周三晚九开"	"M6"	"心态"	"10"
"20250618创新药五大方向（周三晚九开"	"M6"	"情绪"	"1"
"20250618创新药五大方向（周三晚九开"	"M6"	"人性"	"1"
"20250618创新药五大方向（周三晚九开"	"M6"	"散户"	"3"
"20250618创新药五大方向（周三晚九开"	"M6"	"耐心"	"1"
"20250618创新药五大方向（周三晚九开"	"M7"	"产业"	"5"
"20250618创新药五大方向（周三晚九开"	"M7"	"宏观"	"2"
"20250618创新药五大方向（周三晚九开"	"M7"	"政策"	"9"
"20250618创新药五大方向（周三晚九开"	"M7"	"创新药"	"49"
"20250618创新药五大方向（周三晚九开"	"M7"	"消费"	"11"
"20250618创新药五大方向（周三晚九开"	"M7"	"芯片"	"1"
"20250618创新药五大方向（周三晚九开"	"M7"	"算力"	"1"
"20250618创新药五大方向（周三晚九开"	"M7"	"新能源"	"1"
"20250618创新药五大方向（周三晚九开"	"M7"	"有色"	"1"
"20250618创新药五大方向（周三晚九开"	"M7"	"券商"	"10"
"20250618创新药五大方向（周三晚九开"	"M7"	"医药"	"5"
"20250618创新药五大方向（周三晚九开"	"M7"	"美联储"	"1"
"20250618创新药五大方向（周三晚九开"	"M8"	"复盘"	"2"
"20250618创新药五大方向（周三晚九开"	"M8"	"案例"	"12"
"20250618创新药五大方向（周三晚九开"	"M9"	"足球"	"1"
"20250618创新药五大方向（周三晚九开"	"M10"	"职业"	"2"
"20250618创新药五大方向（周三晚九开"	"M10"	"商业"	"2"
"20250618创新药五大方向（周三晚九开"	"M10"	"管理"	"3"
"20250618创新药五大方向（周三晚九开"	"M10"	"决策"	"5"
"20250625特训坑里起好货"	"M0"	"主线"	"1"
"20250625特训坑里起好货"	"M0"	"空仓"	"1"
"20250625特训坑里起好货"	"M1"	"(?<!S)B1(?![0-9])"	"2"
"20250625特训坑里起好货"	"M1"	"(?<!S)B2(?![0-9])"	"1"
"20250625特训坑里起好货"	"M1"	"(?<!S)B3(?![0-9])"	"1"
"20250625特训坑里起好货"	"M1"	"B一"	"12"
"20250625特训坑里起好货"	"M1"	"单针下二十"	"4"
"20250625特训坑里起好货"	"M1"	"买点"	"26"
"20250625特训坑里起好货"	"M1"	"上车"	"2"
"20250625特训坑里起好货"	"M2"	"止损"	"27"
"20250625特训坑里起好货"	"M2"	"放飞"	"5"
"20250625特训坑里起好货"	"M2"	"止盈"	"2"
"20250625特训坑里起好货"	"M2"	"前低"	"1"
"20250625特训坑里起好货"	"M2"	"减仓"	"8"
"20250625特训坑里起好货"	"M2"	"大阳线"	"4"
"20250625特训坑里起好货"	"M3"	"白线"	"3"
"20250625特训坑里起好货"	"M3"	"黄线"	"9"
"20250625特训坑里起好货"	"M3"	"出货"	"2"
"20250625特训坑里起好货"	"M3"	"卖飞"	"1"
"20250625特训坑里起好货"	"M4"	"关键K"	"7"
"20250625特训坑里起好货"	"M4"	"四分之一量线"	"1"
"20250625特训坑里起好货"	"M4"	"N型"	"2"
"20250625特训坑里起好货"	"M4"	"填坑"	"23"
"20250625特训坑里起好货"	"M4"	"出坑"	"31"
"20250625特训坑里起好货"	"M4"	"圆弧底"	"1"
"20250625特训坑里起好货"	"M5"	"框架"	"1"
"20250625特训坑里起好货"	"M5"	"知行合一"	"2"
"20250625特训坑里起好货"	"M5"	"纪律"	"14"
"20250625特训坑里起好货"	"M6"	"心态"	"17"
"20250625特训坑里起好货"	"M6"	"情绪"	"1"
"20250625特训坑里起好货"	"M6"	"散户"	"3"
"20250625特训坑里起好货"	"M6"	"思维"	"2"
"20250625特训坑里起好货"	"M6"	"耐心"	"5"
"20250625特训坑里起好货"	"M7"	"政策"	"5"
"20250625特训坑里起好货"	"M7"	"创新药"	"13"
"20250625特训坑里起好货"	"M7"	"消费"	"11"
"20250625特训坑里起好货"	"M7"	"有色"	"1"
"20250625特训坑里起好货"	"M7"	"券商"	"15"
"20250625特训坑里起好货"	"M8"	"作业"	"2"
"20250625特训坑里起好货"	"M8"	"案例"	"16"
"20250625特训坑里起好货"	"M9"	"聊天"	"1"
"20250625特训坑里起好货"	"M10"	"职业"	"1"
"20250625特训坑里起好货"	"M10"	"人生"	"1"
"20250626填坑补充"	"M0"	"主线"	"6"
"20250626填坑补充"	"M1"	"(?<!S)B1(?![0-9])"	"7"
"20250626填坑补充"	"M1"	"买点"	"5"
"20250626填坑补充"	"M2"	"止损"	"1"
"20250626填坑补充"	"M2"	"前低"	"2"
"20250626填坑补充"	"M3"	"出货"	"6"
"20250626填坑补充"	"M4"	"N型"	"5"
"20250626填坑补充"	"M4"	"填坑"	"10"
"20250626填坑补充"	"M4"	"出坑"	"17"
"20250626填坑补充"	"M6"	"心态"	"2"
"20250626填坑补充"	"M6"	"散户"	"1"
"20250626填坑补充"	"M7"	"宏观"	"1"
"20250626填坑补充"	"M7"	"创新药"	"3"
"20250626填坑补充"	"M7"	"消费"	"2"
"20250626填坑补充"	"M7"	"券商"	"6"
"20250626填坑补充"	"M8"	"考试"	"1"
"20250626填坑补充"	"M8"	"补课"	"2"
"20250626填坑补充"	"M9"	"闲聊"	"1"
"20250702（周三晚8）"	"M0"	"活跃市值"	"60"
"20250702（周三晚8）"	"M0"	"择时"	"8"
"20250702（周三晚8）"	"M0"	"池子"	"8"
"20250702（周三晚8）"	"M0"	"主线"	"4"
"20250702（周三晚8）"	"M0"	"休息"	"2"
"20250702（周三晚8）"	"M1"	"(?<!S)B2(?![0-9])"	"1"
"20250702（周三晚8）"	"M1"	"(?<!S)B3(?![0-9])"	"1"
"20250702（周三晚8）"	"M1"	"B一"	"9"
"20250702（周三晚8）"	"M1"	"买点"	"10"
"20250702（周三晚8）"	"M1"	"上车"	"2"
"20250702（周三晚8）"	"M2"	"止损"	"32"
"20250702（周三晚8）"	"M2"	"放飞"	"1"
"20250702（周三晚8）"	"M2"	"前低"	"12"
"20250702（周三晚8）"	"M2"	"减仓"	"17"
"20250702（周三晚8）"	"M2"	"大阳线"	"9"
"20250702（周三晚8）"	"M3"	"黄线"	"1"
"20250702（周三晚8）"	"M3"	"出货"	"5"
"20250702（周三晚8）"	"M4"	"关键K"	"5"
"20250702（周三晚8）"	"M4"	"筹码"	"22"
"20250702（周三晚8）"	"M4"	"N型"	"12"
"20250702（周三晚8）"	"M4"	"填坑"	"12"
"20250702（周三晚8）"	"M4"	"出坑"	"12"
"20250702（周三晚8）"	"M5"	"框架"	"2"
"20250702（周三晚8）"	"M5"	"底仓"	"3"
"20250702（周三晚8）"	"M5"	"知行合一"	"3"
"20250702（周三晚8）"	"M5"	"纪律"	"9"
"20250702（周三晚8）"	"M6"	"心态"	"3"
"20250702（周三晚8）"	"M6"	"情绪"	"1"
"20250702（周三晚8）"	"M6"	"人性"	"1"
"20250702（周三晚8）"	"M6"	"散户"	"12"
"20250702（周三晚8）"	"M6"	"思维"	"4"
"20250702（周三晚8）"	"M6"	"恐惧"	"1"
"20250702（周三晚8）"	"M6"	"耐心"	"3"
"20250702（周三晚8）"	"M7"	"宏观"	"3"
"20250702（周三晚8）"	"M7"	"政策"	"19"
"20250702（周三晚8）"	"M7"	"创新药"	"23"
"20250702（周三晚8）"	"M7"	"消费"	"7"
"20250702（周三晚8）"	"M7"	"AIDC"	"6"
"20250702（周三晚8）"	"M7"	"新能源"	"4"
"20250702（周三晚8）"	"M7"	"券商"	"8"
"20250702（周三晚8）"	"M7"	"关税"	"2"
"20250702（周三晚8）"	"M8"	"复盘"	"4"
"20250702（周三晚8）"	"M8"	"作业"	"3"
"20250702（周三晚8）"	"M8"	"案例"	"21"
"20250702（周三晚8）"	"M9"	"闲聊"	"1"
"20250702（周三晚8）"	"M9"	"加餐"	"1"
"20250702（周三晚8）"	"M9"	"足球"	"1"
"20250702（周三晚8）"	"M10"	"职业"	"1"
"20250702（周三晚8）"	"M10"	"人生"	"1"
"20250702（周三晚8）"	"M10"	"职场"	"1"
"20250702（周三晚8）"	"M10"	"管理"	"2"
"20250709大富翁之夜交易的节奏（晚八开）"	"M0"	"择时"	"3"
"20250709大富翁之夜交易的节奏（晚八开）"	"M0"	"容错"	"5"
"20250709大富翁之夜交易的节奏（晚八开）"	"M0"	"主线"	"1"
"20250709大富翁之夜交易的节奏（晚八开）"	"M0"	"休息"	"4"
"20250709大富翁之夜交易的节奏（晚八开）"	"M1"	"(?<!S)B1(?![0-9])"	"5"
"20250709大富翁之夜交易的节奏（晚八开）"	"M1"	"B一"	"12"
"20250709大富翁之夜交易的节奏（晚八开）"	"M1"	"买点"	"36"
"20250709大富翁之夜交易的节奏（晚八开）"	"M2"	"止损"	"36"
"20250709大富翁之夜交易的节奏（晚八开）"	"M2"	"放飞"	"4"
"20250709大富翁之夜交易的节奏（晚八开）"	"M2"	"没涨"	"1"
"20250709大富翁之夜交易的节奏（晚八开）"	"M2"	"盈转亏"	"4"
"20250709大富翁之夜交易的节奏（晚八开）"	"M2"	"止盈"	"4"
"20250709大富翁之夜交易的节奏（晚八开）"	"M2"	"前低"	"9"
"20250709大富翁之夜交易的节奏（晚八开）"	"M2"	"减仓"	"8"
"20250709大富翁之夜交易的节奏（晚八开）"	"M3"	"白线"	"2"
"20250709大富翁之夜交易的节奏（晚八开）"	"M3"	"黄线"	"4"
"20250709大富翁之夜交易的节奏（晚八开）"	"M3"	"出货"	"6"
"20250709大富翁之夜交易的节奏（晚八开）"	"M3"	"卖飞"	"4"
"20250709大富翁之夜交易的节奏（晚八开）"	"M4"	"关键K"	"13"
"20250709大富翁之夜交易的节奏（晚八开）"	"M4"	"暴力K"	"1"
"20250709大富翁之夜交易的节奏（晚八开）"	"M4"	"筹码"	"2"
"20250709大富翁之夜交易的节奏（晚八开）"	"M4"	"N型"	"42"
"20250709大富翁之夜交易的节奏（晚八开）"	"M4"	"填坑"	"1"
"20250709大富翁之夜交易的节奏（晚八开）"	"M5"	"框架"	"1"
"20250709大富翁之夜交易的节奏（晚八开）"	"M5"	"纪律"	"11"
"20250709大富翁之夜交易的节奏（晚八开）"	"M6"	"心态"	"3"
"20250709大富翁之夜交易的节奏（晚八开）"	"M6"	"情绪"	"2"
"20250709大富翁之夜交易的节奏（晚八开）"	"M6"	"散户"	"4"
"20250709大富翁之夜交易的节奏（晚八开）"	"M6"	"思维"	"2"
"20250709大富翁之夜交易的节奏（晚八开）"	"M7"	"政策"	"2"
"20250709大富翁之夜交易的节奏（晚八开）"	"M7"	"创新药"	"23"
"20250709大富翁之夜交易的节奏（晚八开）"	"M7"	"消费"	"3"
"20250709大富翁之夜交易的节奏（晚八开）"	"M7"	"芯片"	"1"
"20250709大富翁之夜交易的节奏（晚八开）"	"M7"	"AIDC"	"1"
"20250709大富翁之夜交易的节奏（晚八开）"	"M7"	"新能源"	"2"
"20250709大富翁之夜交易的节奏（晚八开）"	"M7"	"券商"	"3"
"20250709大富翁之夜交易的节奏（晚八开）"	"M7"	"医药"	"4"
"20250709大富翁之夜交易的节奏（晚八开）"	"M8"	"复盘"	"4"
"20250709大富翁之夜交易的节奏（晚八开）"	"M8"	"作业"	"5"
"20250709大富翁之夜交易的节奏（晚八开）"	"M8"	"案例"	"40"
"20250709大富翁之夜交易的节奏（晚八开）"	"M9"	"闲聊"	"2"
"20250709大富翁之夜交易的节奏（晚八开）"	"M9"	"生活"	"2"
"20250709大富翁之夜交易的节奏（晚八开）"	"M9"	"足球"	"1"
"20250709大富翁之夜交易的节奏（晚八开）"	"M10"	"商业"	"2"
"20250709大富翁之夜交易的节奏（晚八开）"	"M10"	"职场"	"1"
"20250709大富翁之夜交易的节奏（晚八开）"	"M10"	"管理"	"6"
"20250712加餐聊会儿"	"M0"	"休息"	"1"
"20250712加餐聊会儿"	"M1"	"B一"	"60"
"20250712加餐聊会儿"	"M1"	"B二"	"6"
"20250712加餐聊会儿"	"M1"	"B三"	"1"
"20250712加餐聊会儿"	"M1"	"单针下二十"	"2"
"20250712加餐聊会儿"	"M1"	"买点"	"16"
"20250712加餐聊会儿"	"M1"	"上车"	"4"
"20250712加餐聊会儿"	"M2"	"止损"	"21"
"20250712加餐聊会儿"	"M2"	"没涨"	"1"
"20250712加餐聊会儿"	"M2"	"盈转亏"	"1"
"20250712加餐聊会儿"	"M2"	"前低"	"10"
"20250712加餐聊会儿"	"M2"	"减仓"	"3"
"20250712加餐聊会儿"	"M2"	"大阳线"	"1"
"20250712加餐聊会儿"	"M3"	"出货"	"20"
"20250712加餐聊会儿"	"M4"	"筹码"	"35"
"20250712加餐聊会儿"	"M4"	"N型"	"22"
"20250712加餐聊会儿"	"M4"	"填坑"	"7"
"20250712加餐聊会儿"	"M4"	"大风车"	"2"
"20250712加餐聊会儿"	"M5"	"知行合一"	"1"
"20250712加餐聊会儿"	"M5"	"纪律"	"6"
"20250712加餐聊会儿"	"M6"	"心态"	"2"
"20250712加餐聊会儿"	"M6"	"情绪"	"1"
"20250712加餐聊会儿"	"M6"	"人性"	"1"
"20250712加餐聊会儿"	"M6"	"散户"	"11"
"20250712加餐聊会儿"	"M6"	"思维"	"2"
"20250712加餐聊会儿"	"M7"	"产业"	"5"
"20250712加餐聊会儿"	"M7"	"宏观"	"3"
"20250712加餐聊会儿"	"M7"	"政策"	"3"
"20250712加餐聊会儿"	"M7"	"创新药"	"2"
"20250712加餐聊会儿"	"M7"	"新能源"	"1"
"20250712加餐聊会儿"	"M7"	"有色"	"1"
"20250712加餐聊会儿"	"M7"	"券商"	"12"
"20250712加餐聊会儿"	"M8"	"复盘"	"2"
"20250712加餐聊会儿"	"M8"	"案例"	"14"
"20250712加餐聊会儿"	"M9"	"闲聊"	"3"
"20250712加餐聊会儿"	"M9"	"加餐"	"2"
"20250712加餐聊会儿"	"M9"	"足球"	"1"
"20250712加餐聊会儿"	"M10"	"管理"	"1"
"20250716百战案例砸实基本功（晚八点半开）"	"M0"	"活跃市值"	"2"
"20250716百战案例砸实基本功（晚八点半开）"	"M0"	"择时"	"4"
"20250716百战案例砸实基本功（晚八点半开）"	"M0"	"池子"	"8"
"20250716百战案例砸实基本功（晚八点半开）"	"M0"	"主线"	"4"
"20250716百战案例砸实基本功（晚八点半开）"	"M1"	"(?<!S)B1(?![0-9])"	"46"
"20250716百战案例砸实基本功（晚八点半开）"	"M1"	"(?<!S)B2(?![0-9])"	"5"
"20250716百战案例砸实基本功（晚八点半开）"	"M1"	"B一"	"48"
"20250716百战案例砸实基本功（晚八点半开）"	"M1"	"B二"	"12"
"20250716百战案例砸实基本功（晚八点半开）"	"M1"	"单针下二十"	"3"
"20250716百战案例砸实基本功（晚八点半开）"	"M1"	"买点"	"22"
"20250716百战案例砸实基本功（晚八点半开）"	"M2"	"止损"	"71"
"20250716百战案例砸实基本功（晚八点半开）"	"M2"	"放飞"	"9"
"20250716百战案例砸实基本功（晚八点半开）"	"M2"	"没涨"	"2"
"20250716百战案例砸实基本功（晚八点半开）"	"M2"	"赢转亏"	"1"
"20250716百战案例砸实基本功（晚八点半开）"	"M2"	"盈转亏"	"3"
"20250716百战案例砸实基本功（晚八点半开）"	"M2"	"止盈"	"3"
"20250716百战案例砸实基本功（晚八点半开）"	"M2"	"前低"	"5"
"20250716百战案例砸实基本功（晚八点半开）"	"M2"	"中长阳"	"2"
"20250716百战案例砸实基本功（晚八点半开）"	"M2"	"减仓"	"6"
"20250716百战案例砸实基本功（晚八点半开）"	"M2"	"大阳线"	"5"
"20250716百战案例砸实基本功（晚八点半开）"	"M3"	"阶梯量"	"1"
"20250716百战案例砸实基本功（晚八点半开）"	"M3"	"白线"	"3"
"20250716百战案例砸实基本功（晚八点半开）"	"M3"	"黄线"	"3"
"20250716百战案例砸实基本功（晚八点半开）"	"M3"	"出货"	"15"
"20250716百战案例砸实基本功（晚八点半开）"	"M4"	"关键K"	"2"
"20250716百战案例砸实基本功（晚八点半开）"	"M4"	"异动"	"1"
"20250716百战案例砸实基本功（晚八点半开）"	"M4"	"筹码"	"14"
"20250716百战案例砸实基本功（晚八点半开）"	"M4"	"N型"	"3"
"20250716百战案例砸实基本功（晚八点半开）"	"M4"	"建仓波"	"46"
"20250716百战案例砸实基本功（晚八点半开）"	"M4"	"拉升波"	"40"
"20250716百战案例砸实基本功（晚八点半开）"	"M4"	"冲刺波"	"28"
"20250716百战案例砸实基本功（晚八点半开）"	"M4"	"圆弧底"	"1"
"20250716百战案例砸实基本功（晚八点半开）"	"M5"	"框架"	"1"
"20250716百战案例砸实基本功（晚八点半开）"	"M5"	"底仓"	"2"
"20250716百战案例砸实基本功（晚八点半开）"	"M5"	"纪律"	"38"
"20250716百战案例砸实基本功（晚八点半开）"	"M6"	"心态"	"11"
"20250716百战案例砸实基本功（晚八点半开）"	"M6"	"情绪"	"2"
"20250716百战案例砸实基本功（晚八点半开）"	"M6"	"散户"	"10"
"20250716百战案例砸实基本功（晚八点半开）"	"M6"	"思维"	"2"
"20250716百战案例砸实基本功（晚八点半开）"	"M6"	"恐惧"	"1"
"20250716百战案例砸实基本功（晚八点半开）"	"M6"	"贪婪"	"1"
"20250716百战案例砸实基本功（晚八点半开）"	"M6"	"承受力"	"1"
"20250716百战案例砸实基本功（晚八点半开）"	"M6"	"耐心"	"2"
"20250716百战案例砸实基本功（晚八点半开）"	"M7"	"创新药"	"6"
"20250716百战案例砸实基本功（晚八点半开）"	"M7"	"消费"	"1"
"20250716百战案例砸实基本功（晚八点半开）"	"M7"	"芯片"	"1"
"20250716百战案例砸实基本功（晚八点半开）"	"M7"	"AIDC"	"1"
"20250716百战案例砸实基本功（晚八点半开）"	"M7"	"有色"	"1"
"20250716百战案例砸实基本功（晚八点半开）"	"M7"	"券商"	"3"
"20250716百战案例砸实基本功（晚八点半开）"	"M8"	"考试"	"1"
"20250716百战案例砸实基本功（晚八点半开）"	"M8"	"复盘"	"3"
"20250716百战案例砸实基本功（晚八点半开）"	"M8"	"作业"	"2"
"20250716百战案例砸实基本功（晚八点半开）"	"M8"	"案例"	"57"
"20250716百战案例砸实基本功（晚八点半开）"	"M10"	"职业"	"1"
"20250716百战案例砸实基本功（晚八点半开）"	"M10"	"管理"	"3"
"20250716百战案例砸实基本功（晚八点半开）"	"M10"	"决策"	"1"
"20250720闭门会bbb"	"M0"	"择时"	"1"
"20250720闭门会bbb"	"M0"	"容错"	"2"
"20250720闭门会bbb"	"M0"	"主线"	"2"
"20250720闭门会bbb"	"M0"	"休息"	"1"
"20250720闭门会bbb"	"M1"	"B一"	"64"
"20250720闭门会bbb"	"M1"	"B二"	"6"
"20250720闭门会bbb"	"M1"	"SB一"	"5"
"20250720闭门会bbb"	"M1"	"买点"	"17"
"20250720闭门会bbb"	"M2"	"止损"	"55"
"20250720闭门会bbb"	"M2"	"没涨"	"1"
"20250720闭门会bbb"	"M2"	"破平台"	"1"
"20250720闭门会bbb"	"M2"	"前低"	"2"
"20250720闭门会bbb"	"M2"	"减仓"	"3"
"20250720闭门会bbb"	"M2"	"大阳线"	"1"
"20250720闭门会bbb"	"M3"	"黄线"	"3"
"20250720闭门会bbb"	"M3"	"出货"	"5"
"20250720闭门会bbb"	"M3"	"卖飞"	"6"
"20250720闭门会bbb"	"M4"	"异动"	"3"
"20250720闭门会bbb"	"M4"	"筹码"	"4"
"20250720闭门会bbb"	"M4"	"N型"	"11"
"20250720闭门会bbb"	"M4"	"建仓波"	"10"
"20250720闭门会bbb"	"M4"	"拉升波"	"8"
"20250720闭门会bbb"	"M4"	"冲刺波"	"6"
"20250720闭门会bbb"	"M5"	"纪律"	"8"
"20250720闭门会bbb"	"M6"	"心态"	"2"
"20250720闭门会bbb"	"M6"	"散户"	"4"
"20250720闭门会bbb"	"M6"	"思维"	"7"
"20250720闭门会bbb"	"M6"	"耐心"	"2"
"20250720闭门会bbb"	"M7"	"政策"	"3"
"20250720闭门会bbb"	"M7"	"创新药"	"2"
"20250720闭门会bbb"	"M7"	"芯片"	"1"
"20250720闭门会bbb"	"M7"	"券商"	"1"
"20250720闭门会bbb"	"M8"	"案例"	"15"
"20250720闭门会bbb"	"M9"	"闲聊"	"3"
"20250720闭门会bbb"	"M9"	"足球"	"1"
"20250720闭门会bbb"	"M10"	"人生"	"1"
"20250720闭门会bbb"	"M10"	"管理"	"1"
"20250720闭门会bbb"	"M10"	"决策"	"1"
"20250723麒麟会如何运作一个票？（周三晚八）"	"M1"	"(?<!S)B1(?![0-9])"	"26"
"20250723麒麟会如何运作一个票？（周三晚八）"	"M1"	"B一"	"56"
"20250723麒麟会如何运作一个票？（周三晚八）"	"M1"	"B二"	"12"
"20250723麒麟会如何运作一个票？（周三晚八）"	"M1"	"单针下二十"	"2"
"20250723麒麟会如何运作一个票？（周三晚八）"	"M1"	"买点"	"21"
"20250723麒麟会如何运作一个票？（周三晚八）"	"M2"	"止损"	"10"
"20250723麒麟会如何运作一个票？（周三晚八）"	"M2"	"前低"	"2"
"20250723麒麟会如何运作一个票？（周三晚八）"	"M2"	"中长阳"	"1"
"20250723麒麟会如何运作一个票？（周三晚八）"	"M2"	"减仓"	"3"
"20250723麒麟会如何运作一个票？（周三晚八）"	"M2"	"大阳线"	"7"
"20250723麒麟会如何运作一个票？（周三晚八）"	"M3"	"阶梯量"	"8"
"20250723麒麟会如何运作一个票？（周三晚八）"	"M3"	"黄线"	"5"
"20250723麒麟会如何运作一个票？（周三晚八）"	"M3"	"出货"	"48"
"20250723麒麟会如何运作一个票？（周三晚八）"	"M4"	"关键K"	"2"
"20250723麒麟会如何运作一个票？（周三晚八）"	"M4"	"异动"	"1"
"20250723麒麟会如何运作一个票？（周三晚八）"	"M4"	"四分之一量线"	"3"
"20250723麒麟会如何运作一个票？（周三晚八）"	"M4"	"筹码"	"16"
"20250723麒麟会如何运作一个票？（周三晚八）"	"M4"	"N型"	"7"
"20250723麒麟会如何运作一个票？（周三晚八）"	"M4"	"对称"	"1"
"20250723麒麟会如何运作一个票？（周三晚八）"	"M4"	"建仓波"	"22"
"20250723麒麟会如何运作一个票？（周三晚八）"	"M4"	"拉升波"	"11"
"20250723麒麟会如何运作一个票？（周三晚八）"	"M4"	"冲刺波"	"9"
"20250723麒麟会如何运作一个票？（周三晚八）"	"M4"	"大风车"	"9"
"20250723麒麟会如何运作一个票？（周三晚八）"	"M5"	"框架"	"2"
"20250723麒麟会如何运作一个票？（周三晚八）"	"M5"	"底仓"	"3"
"20250723麒麟会如何运作一个票？（周三晚八）"	"M5"	"知行合一"	"1"
"20250723麒麟会如何运作一个票？（周三晚八）"	"M5"	"交作业"	"1"
"20250723麒麟会如何运作一个票？（周三晚八）"	"M5"	"纪律"	"14"
"20250723麒麟会如何运作一个票？（周三晚八）"	"M6"	"心态"	"7"
"20250723麒麟会如何运作一个票？（周三晚八）"	"M6"	"情绪"	"2"
"20250723麒麟会如何运作一个票？（周三晚八）"	"M6"	"人性"	"1"
"20250723麒麟会如何运作一个票？（周三晚八）"	"M6"	"散户"	"11"
"20250723麒麟会如何运作一个票？（周三晚八）"	"M6"	"贪婪"	"1"
"20250723麒麟会如何运作一个票？（周三晚八）"	"M6"	"耐心"	"5"
"20250723麒麟会如何运作一个票？（周三晚八）"	"M7"	"政策"	"1"
"20250723麒麟会如何运作一个票？（周三晚八）"	"M7"	"创新药"	"1"
"20250723麒麟会如何运作一个票？（周三晚八）"	"M7"	"券商"	"1"
"20250723麒麟会如何运作一个票？（周三晚八）"	"M8"	"作业"	"3"
"20250723麒麟会如何运作一个票？（周三晚八）"	"M8"	"案例"	"34"
"20250723麒麟会如何运作一个票？（周三晚八）"	"M10"	"职业"	"1"
"20250723麒麟会如何运作一个票？（周三晚八）"	"M10"	"管理"	"5"
"20250723麒麟会如何运作一个票？（周三晚八）"	"M10"	"决策"	"1"
"20250730重要的防卖飞策略（周三晚八）"	"M0"	"主线"	"2"
"20250730重要的防卖飞策略（周三晚八）"	"M1"	"(?<!S)B1(?![0-9])"	"2"
"20250730重要的防卖飞策略（周三晚八）"	"M1"	"(?<!S)B2(?![0-9])"	"1"
"20250730重要的防卖飞策略（周三晚八）"	"M1"	"B一"	"43"
"20250730重要的防卖飞策略（周三晚八）"	"M1"	"B二"	"9"
"20250730重要的防卖飞策略（周三晚八）"	"M1"	"SB1"	"1"
"20250730重要的防卖飞策略（周三晚八）"	"M1"	"买点"	"5"
"20250730重要的防卖飞策略（周三晚八）"	"M1"	"上车"	"1"
"20250730重要的防卖飞策略（周三晚八）"	"M2"	"止损"	"49"
"20250730重要的防卖飞策略（周三晚八）"	"M2"	"放飞"	"5"
"20250730重要的防卖飞策略（周三晚八）"	"M2"	"减仓"	"13"
"20250730重要的防卖飞策略（周三晚八）"	"M2"	"大阳线"	"2"
"20250730重要的防卖飞策略（周三晚八）"	"M3"	"阶梯量"	"3"
"20250730重要的防卖飞策略（周三晚八）"	"M3"	"白线"	"3"
"20250730重要的防卖飞策略（周三晚八）"	"M3"	"黄线"	"1"
"20250730重要的防卖飞策略（周三晚八）"	"M3"	"死叉"	"28"
"20250730重要的防卖飞策略（周三晚八）"	"M3"	"出货"	"31"
"20250730重要的防卖飞策略（周三晚八）"	"M3"	"卖飞"	"23"
"20250730重要的防卖飞策略（周三晚八）"	"M4"	"异动"	"1"
"20250730重要的防卖飞策略（周三晚八）"	"M4"	"四分之一量线"	"2"
"20250730重要的防卖飞策略（周三晚八）"	"M4"	"筹码"	"11"
"20250730重要的防卖飞策略（周三晚八）"	"M4"	"N型"	"7"
"20250730重要的防卖飞策略（周三晚八）"	"M4"	"拉升波"	"4"
"20250730重要的防卖飞策略（周三晚八）"	"M4"	"冲刺波"	"5"
"20250730重要的防卖飞策略（周三晚八）"	"M4"	"填坑"	"1"
"20250730重要的防卖飞策略（周三晚八）"	"M4"	"大风车"	"3"
"20250730重要的防卖飞策略（周三晚八）"	"M5"	"纪律"	"2"
"20250730重要的防卖飞策略（周三晚八）"	"M6"	"心态"	"4"
"20250730重要的防卖飞策略（周三晚八）"	"M6"	"情绪"	"5"
"20250730重要的防卖飞策略（周三晚八）"	"M6"	"人性"	"1"
"20250730重要的防卖飞策略（周三晚八）"	"M6"	"散户"	"13"
"20250730重要的防卖飞策略（周三晚八）"	"M6"	"思维"	"1"
"20250730重要的防卖飞策略（周三晚八）"	"M6"	"恐惧"	"1"
"20250730重要的防卖飞策略（周三晚八）"	"M6"	"耐心"	"5"
"20250730重要的防卖飞策略（周三晚八）"	"M7"	"券商"	"4"
"20250730重要的防卖飞策略（周三晚八）"	"M8"	"复盘"	"8"
"20250730重要的防卖飞策略（周三晚八）"	"M8"	"案例"	"22"
"20250730重要的防卖飞策略（周三晚八）"	"M9"	"足球"	"1"
"20250730重要的防卖飞策略（周三晚八）"	"M10"	"管理"	"2"
"20250730重要的防卖飞策略（周三晚八）"	"M10"	"决策"	"2"
"20250806大盘调整期如何找到强壮宝宝（周三晚八开）"	"M0"	"主线"	"1"
"20250806大盘调整期如何找到强壮宝宝（周三晚八开）"	"M0"	"空仓"	"1"
"20250806大盘调整期如何找到强壮宝宝（周三晚八开）"	"M1"	"(?<!S)B1(?![0-9])"	"85"
"20250806大盘调整期如何找到强壮宝宝（周三晚八开）"	"M1"	"(?<!S)B2(?![0-9])"	"9"
"20250806大盘调整期如何找到强壮宝宝（周三晚八开）"	"M1"	"B一"	"40"
"20250806大盘调整期如何找到强壮宝宝（周三晚八开）"	"M1"	"B二"	"2"
"20250806大盘调整期如何找到强壮宝宝（周三晚八开）"	"M1"	"买点"	"16"
"20250806大盘调整期如何找到强壮宝宝（周三晚八开）"	"M2"	"止损"	"29"
"20250806大盘调整期如何找到强壮宝宝（周三晚八开）"	"M2"	"前低"	"5"
"20250806大盘调整期如何找到强壮宝宝（周三晚八开）"	"M2"	"中长阳"	"1"
"20250806大盘调整期如何找到强壮宝宝（周三晚八开）"	"M2"	"减仓"	"2"
"20250806大盘调整期如何找到强壮宝宝（周三晚八开）"	"M2"	"中阳线"	"2"
"20250806大盘调整期如何找到强壮宝宝（周三晚八开）"	"M2"	"大阳线"	"1"
"20250806大盘调整期如何找到强壮宝宝（周三晚八开）"	"M3"	"死叉"	"1"
"20250806大盘调整期如何找到强壮宝宝（周三晚八开）"	"M3"	"出货"	"17"
"20250806大盘调整期如何找到强壮宝宝（周三晚八开）"	"M3"	"卖飞"	"13"
"20250806大盘调整期如何找到强壮宝宝（周三晚八开）"	"M4"	"筹码"	"6"
"20250806大盘调整期如何找到强壮宝宝（周三晚八开）"	"M4"	"N型"	"5"
"20250806大盘调整期如何找到强壮宝宝（周三晚八开）"	"M4"	"对称"	"1"
"20250806大盘调整期如何找到强壮宝宝（周三晚八开）"	"M4"	"出坑"	"1"
"20250806大盘调整期如何找到强壮宝宝（周三晚八开）"	"M4"	"圆弧底"	"2"
"20250806大盘调整期如何找到强壮宝宝（周三晚八开）"	"M4"	"大风车"	"2"
"20250806大盘调整期如何找到强壮宝宝（周三晚八开）"	"M5"	"纪律"	"8"
"20250806大盘调整期如何找到强壮宝宝（周三晚八开）"	"M6"	"心态"	"3"
"20250806大盘调整期如何找到强壮宝宝（周三晚八开）"	"M6"	"人性"	"2"
"20250806大盘调整期如何找到强壮宝宝（周三晚八开）"	"M6"	"散户"	"29"
"20250806大盘调整期如何找到强壮宝宝（周三晚八开）"	"M6"	"恐惧"	"1"
"20250806大盘调整期如何找到强壮宝宝（周三晚八开）"	"M6"	"贪婪"	"1"
"20250806大盘调整期如何找到强壮宝宝（周三晚八开）"	"M6"	"耐心"	"4"
"20250806大盘调整期如何找到强壮宝宝（周三晚八开）"	"M7"	"宏观"	"1"
"20250806大盘调整期如何找到强壮宝宝（周三晚八开）"	"M7"	"政策"	"5"
"20250806大盘调整期如何找到强壮宝宝（周三晚八开）"	"M7"	"创新药"	"15"
"20250806大盘调整期如何找到强壮宝宝（周三晚八开）"	"M7"	"消费"	"9"
"20250806大盘调整期如何找到强壮宝宝（周三晚八开）"	"M7"	"芯片"	"1"
"20250806大盘调整期如何找到强壮宝宝（周三晚八开）"	"M7"	"AIDC"	"5"
"20250806大盘调整期如何找到强壮宝宝（周三晚八开）"	"M7"	"算力"	"7"
"20250806大盘调整期如何找到强壮宝宝（周三晚八开）"	"M7"	"有色"	"5"
"20250806大盘调整期如何找到强壮宝宝（周三晚八开）"	"M7"	"券商"	"10"
"20250806大盘调整期如何找到强壮宝宝（周三晚八开）"	"M7"	"医药"	"2"
"20250806大盘调整期如何找到强壮宝宝（周三晚八开）"	"M7"	"关税"	"1"
"20250806大盘调整期如何找到强壮宝宝（周三晚八开）"	"M7"	"美联储"	"1"
"20250806大盘调整期如何找到强壮宝宝（周三晚八开）"	"M8"	"复盘"	"8"
"20250806大盘调整期如何找到强壮宝宝（周三晚八开）"	"M8"	"作业"	"1"
"20250806大盘调整期如何找到强壮宝宝（周三晚八开）"	"M8"	"案例"	"23"
"20250806大盘调整期如何找到强壮宝宝（周三晚八开）"	"M9"	"闲聊"	"1"
"20250806大盘调整期如何找到强壮宝宝（周三晚八开）"	"M9"	"生活"	"2"
"20250806大盘调整期如何找到强壮宝宝（周三晚八开）"	"M10"	"人生"	"3"
"20250806大盘调整期如何找到强壮宝宝（周三晚八开）"	"M10"	"商业"	"1"
"20250806大盘调整期如何找到强壮宝宝（周三晚八开）"	"M10"	"管理"	"3"
"20250813内部交流"	"M1"	"(?<!S)B1(?![0-9])"	"9"
"20250813内部交流"	"M1"	"(?<!S)B2(?![0-9])"	"2"
"20250813内部交流"	"M1"	"B一"	"74"
"20250813内部交流"	"M1"	"B二"	"6"
"20250813内部交流"	"M1"	"B三"	"2"
"20250813内部交流"	"M1"	"SB一"	"2"
"20250813内部交流"	"M1"	"买点"	"19"
"20250813内部交流"	"M1"	"上车"	"1"
"20250813内部交流"	"M2"	"止损"	"19"
"20250813内部交流"	"M2"	"没涨"	"4"
"20250813内部交流"	"M2"	"前低"	"1"
"20250813内部交流"	"M2"	"减仓"	"4"
"20250813内部交流"	"M2"	"中阳线"	"2"
"20250813内部交流"	"M2"	"大阳线"	"2"
"20250813内部交流"	"M3"	"(?<![A-Za-z])S1(?![0-9])"	"4"
"20250813内部交流"	"M3"	"阶梯量"	"8"
"20250813内部交流"	"M3"	"黄线"	"6"
"20250813内部交流"	"M3"	"出货"	"20"
"20250813内部交流"	"M3"	"卖飞"	"8"
"20250813内部交流"	"M4"	"异动"	"64"
"20250813内部交流"	"M4"	"四分之一量线"	"4"
"20250813内部交流"	"M4"	"筹码"	"10"
"20250813内部交流"	"M4"	"N型"	"5"
"20250813内部交流"	"M4"	"对称"	"3"
"20250813内部交流"	"M4"	"建仓波"	"13"
"20250813内部交流"	"M4"	"拉升波"	"6"
"20250813内部交流"	"M4"	"冲刺波"	"5"
"20250813内部交流"	"M4"	"大风车"	"2"
"20250813内部交流"	"M5"	"框架"	"1"
"20250813内部交流"	"M5"	"底仓"	"3"
"20250813内部交流"	"M5"	"知行合一"	"1"
"20250813内部交流"	"M5"	"纪律"	"7"
"20250813内部交流"	"M6"	"心态"	"7"
"20250813内部交流"	"M6"	"情绪"	"3"
"20250813内部交流"	"M6"	"人性"	"3"
"20250813内部交流"	"M6"	"散户"	"11"
"20250813内部交流"	"M6"	"思维"	"5"
"20250813内部交流"	"M6"	"恐惧"	"2"
"20250813内部交流"	"M6"	"耐心"	"5"
"20250813内部交流"	"M7"	"政策"	"3"
"20250813内部交流"	"M7"	"创新药"	"4"
"20250813内部交流"	"M7"	"芯片"	"2"
"20250813内部交流"	"M7"	"算力"	"1"
"20250813内部交流"	"M7"	"券商"	"7"
"20250813内部交流"	"M7"	"医药"	"10"
"20250813内部交流"	"M8"	"复盘"	"4"
"20250813内部交流"	"M8"	"作业"	"1"
"20250813内部交流"	"M8"	"案例"	"27"
"20250813内部交流"	"M9"	"闲聊"	"1"
"20250813内部交流"	"M10"	"管理"	"11"
"20250819如何买到当日最强？（周二晚八开）"	"M0"	"择时"	"1"
"20250819如何买到当日最强？（周二晚八开）"	"M0"	"容错"	"2"
"20250819如何买到当日最强？（周二晚八开）"	"M0"	"池子"	"4"
"20250819如何买到当日最强？（周二晚八开）"	"M0"	"休息"	"2"
"20250819如何买到当日最强？（周二晚八开）"	"M1"	"(?<!S)B1(?![0-9])"	"43"
"20250819如何买到当日最强？（周二晚八开）"	"M1"	"(?<!S)B2(?![0-9])"	"19"
"20250819如何买到当日最强？（周二晚八开）"	"M1"	"B一"	"18"
"20250819如何买到当日最强？（周二晚八开）"	"M1"	"B二"	"4"
"20250819如何买到当日最强？（周二晚八开）"	"M1"	"SB1"	"7"
"20250819如何买到当日最强？（周二晚八开）"	"M1"	"买点"	"18"
"20250819如何买到当日最强？（周二晚八开）"	"M1"	"上车"	"1"
"20250819如何买到当日最强？（周二晚八开）"	"M2"	"止损"	"41"
"20250819如何买到当日最强？（周二晚八开）"	"M2"	"放飞"	"6"
"20250819如何买到当日最强？（周二晚八开）"	"M2"	"没涨"	"1"
"20250819如何买到当日最强？（周二晚八开）"	"M2"	"前低"	"1"
"20250819如何买到当日最强？（周二晚八开）"	"M2"	"减仓"	"3"
"20250819如何买到当日最强？（周二晚八开）"	"M2"	"中阳线"	"1"
"20250819如何买到当日最强？（周二晚八开）"	"M3"	"出货"	"7"
"20250819如何买到当日最强？（周二晚八开）"	"M3"	"卖飞"	"3"
"20250819如何买到当日最强？（周二晚八开）"	"M4"	"异动"	"10"
"20250819如何买到当日最强？（周二晚八开）"	"M4"	"筹码"	"2"
"20250819如何买到当日最强？（周二晚八开）"	"M4"	"N型"	"6"
"20250819如何买到当日最强？（周二晚八开）"	"M5"	"纪律"	"16"
"20250819如何买到当日最强？（周二晚八开）"	"M6"	"心态"	"10"
"20250819如何买到当日最强？（周二晚八开）"	"M6"	"情绪"	"1"
"20250819如何买到当日最强？（周二晚八开）"	"M6"	"人性"	"3"
"20250819如何买到当日最强？（周二晚八开）"	"M6"	"散户"	"8"
"20250819如何买到当日最强？（周二晚八开）"	"M6"	"思维"	"5"
"20250819如何买到当日最强？（周二晚八开）"	"M6"	"恐惧"	"1"
"20250819如何买到当日最强？（周二晚八开）"	"M6"	"贪婪"	"1"
"20250819如何买到当日最强？（周二晚八开）"	"M6"	"耐心"	"3"
"20250819如何买到当日最强？（周二晚八开）"	"M7"	"宏观"	"2"
"20250819如何买到当日最强？（周二晚八开）"	"M7"	"政策"	"1"
"20250819如何买到当日最强？（周二晚八开）"	"M7"	"消费"	"1"
"20250819如何买到当日最强？（周二晚八开）"	"M7"	"券商"	"3"
"20250819如何买到当日最强？（周二晚八开）"	"M8"	"复盘"	"2"
"20250819如何买到当日最强？（周二晚八开）"	"M8"	"作业"	"2"
"20250819如何买到当日最强？（周二晚八开）"	"M8"	"案例"	"35"
"20250819如何买到当日最强？（周二晚八开）"	"M9"	"闲聊"	"3"
"20250819如何买到当日最强？（周二晚八开）"	"M9"	"足球"	"1"
"20250819如何买到当日最强？（周二晚八开）"	"M10"	"生意"	"1"
"20250819如何买到当日最强？（周二晚八开）"	"M10"	"决策"	"9"
"20250824牛市未来如何逃顶？（周日晚八）"	"M0"	"择时"	"1"
"20250824牛市未来如何逃顶？（周日晚八）"	"M0"	"池子"	"2"
"20250824牛市未来如何逃顶？（周日晚八）"	"M0"	"主线"	"1"
"20250824牛市未来如何逃顶？（周日晚八）"	"M0"	"空仓"	"2"
"20250824牛市未来如何逃顶？（周日晚八）"	"M1"	"(?<!S)B1(?![0-9])"	"12"
"20250824牛市未来如何逃顶？（周日晚八）"	"M1"	"(?<!S)B2(?![0-9])"	"3"
"20250824牛市未来如何逃顶？（周日晚八）"	"M1"	"B一"	"9"
"20250824牛市未来如何逃顶？（周日晚八）"	"M1"	"B二"	"1"
"20250824牛市未来如何逃顶？（周日晚八）"	"M1"	"单针下二十"	"1"
"20250824牛市未来如何逃顶？（周日晚八）"	"M1"	"买点"	"19"
"20250824牛市未来如何逃顶？（周日晚八）"	"M1"	"上车"	"5"
"20250824牛市未来如何逃顶？（周日晚八）"	"M2"	"止损"	"3"
"20250824牛市未来如何逃顶？（周日晚八）"	"M2"	"放飞"	"13"
"20250824牛市未来如何逃顶？（周日晚八）"	"M2"	"没涨"	"1"
"20250824牛市未来如何逃顶？（周日晚八）"	"M2"	"止盈"	"2"
"20250824牛市未来如何逃顶？（周日晚八）"	"M2"	"前低"	"3"
"20250824牛市未来如何逃顶？（周日晚八）"	"M2"	"中长阳"	"1"
"20250824牛市未来如何逃顶？（周日晚八）"	"M2"	"减仓"	"19"
"20250824牛市未来如何逃顶？（周日晚八）"	"M2"	"大阳线"	"1"
"20250824牛市未来如何逃顶？（周日晚八）"	"M3"	"(?<![A-Za-z])S1(?![0-9])"	"66"
"20250824牛市未来如何逃顶？（周日晚八）"	"M3"	"S一"	"18"
"20250824牛市未来如何逃顶？（周日晚八）"	"M3"	"白线"	"15"
"20250824牛市未来如何逃顶？（周日晚八）"	"M3"	"黄线"	"4"
"20250824牛市未来如何逃顶？（周日晚八）"	"M3"	"死叉"	"7"
"20250824牛市未来如何逃顶？（周日晚八）"	"M3"	"出货"	"34"
"20250824牛市未来如何逃顶？（周日晚八）"	"M3"	"逃顶"	"10"
"20250824牛市未来如何逃顶？（周日晚八）"	"M3"	"卖飞"	"8"
"20250824牛市未来如何逃顶？（周日晚八）"	"M4"	"倍量柱"	"9"
"20250824牛市未来如何逃顶？（周日晚八）"	"M4"	"异动"	"12"
"20250824牛市未来如何逃顶？（周日晚八）"	"M4"	"四分之一量线"	"1"
"20250824牛市未来如何逃顶？（周日晚八）"	"M4"	"筹码"	"15"
"20250824牛市未来如何逃顶？（周日晚八）"	"M4"	"N型"	"8"
"20250824牛市未来如何逃顶？（周日晚八）"	"M4"	"建仓波"	"18"
"20250824牛市未来如何逃顶？（周日晚八）"	"M4"	"拉升波"	"23"
"20250824牛市未来如何逃顶？（周日晚八）"	"M4"	"冲刺波"	"10"
"20250824牛市未来如何逃顶？（周日晚八）"	"M4"	"圆弧底"	"8"
"20250824牛市未来如何逃顶？（周日晚八）"	"M4"	"大风车"	"18"
"20250824牛市未来如何逃顶？（周日晚八）"	"M5"	"框架"	"2"
"20250824牛市未来如何逃顶？（周日晚八）"	"M5"	"底仓"	"1"
"20250824牛市未来如何逃顶？（周日晚八）"	"M5"	"纪律"	"14"
"20250824牛市未来如何逃顶？（周日晚八）"	"M6"	"心态"	"14"
"20250824牛市未来如何逃顶？（周日晚八）"	"M6"	"情绪"	"12"
"20250824牛市未来如何逃顶？（周日晚八）"	"M6"	"人性"	"1"
"20250824牛市未来如何逃顶？（周日晚八）"	"M6"	"散户"	"31"
"20250824牛市未来如何逃顶？（周日晚八）"	"M6"	"思维"	"4"
"20250824牛市未来如何逃顶？（周日晚八）"	"M6"	"贪婪"	"2"
"20250824牛市未来如何逃顶？（周日晚八）"	"M6"	"耐心"	"2"
"20250824牛市未来如何逃顶？（周日晚八）"	"M7"	"产业"	"2"
"20250824牛市未来如何逃顶？（周日晚八）"	"M7"	"宏观"	"4"
"20250824牛市未来如何逃顶？（周日晚八）"	"M7"	"政策"	"4"
"20250824牛市未来如何逃顶？（周日晚八）"	"M7"	"创新药"	"3"
"20250824牛市未来如何逃顶？（周日晚八）"	"M7"	"消费"	"4"
"20250824牛市未来如何逃顶？（周日晚八）"	"M7"	"芯片"	"2"
"20250824牛市未来如何逃顶？（周日晚八）"	"M7"	"算力"	"3"
"20250824牛市未来如何逃顶？（周日晚八）"	"M7"	"新能源"	"1"
"20250824牛市未来如何逃顶？（周日晚八）"	"M7"	"有色"	"1"
"20250824牛市未来如何逃顶？（周日晚八）"	"M7"	"券商"	"16"
"20250824牛市未来如何逃顶？（周日晚八）"	"M7"	"医药"	"8"
"20250824牛市未来如何逃顶？（周日晚八）"	"M7"	"美联储"	"1"
"20250824牛市未来如何逃顶？（周日晚八）"	"M8"	"考试"	"1"
"20250824牛市未来如何逃顶？（周日晚八）"	"M8"	"作业"	"3"
"20250824牛市未来如何逃顶？（周日晚八）"	"M8"	"案例"	"35"
"20250824牛市未来如何逃顶？（周日晚八）"	"M9"	"生活"	"1"
"20250824牛市未来如何逃顶？（周日晚八）"	"M9"	"足球"	"1"
"20250824牛市未来如何逃顶？（周日晚八）"	"M10"	"领导"	"1"
"20250824牛市未来如何逃顶？（周日晚八）"	"M10"	"管理"	"5"
"20250824牛市未来如何逃顶？（周日晚八）"	"M10"	"决策"	"1"
"20250827指数贡献策略防踏空（周三晚八）"	"M0"	"主线"	"3"
"20250827指数贡献策略防踏空（周三晚八）"	"M0"	"空仓"	"2"
"20250827指数贡献策略防踏空（周三晚八）"	"M1"	"B一"	"8"
"20250827指数贡献策略防踏空（周三晚八）"	"M1"	"B二"	"2"
"20250827指数贡献策略防踏空（周三晚八）"	"M1"	"买点"	"3"
"20250827指数贡献策略防踏空（周三晚八）"	"M2"	"止损"	"1"
"20250827指数贡献策略防踏空（周三晚八）"	"M2"	"减仓"	"7"
"20250827指数贡献策略防踏空（周三晚八）"	"M2"	"大阳线"	"1"
"20250827指数贡献策略防踏空（周三晚八）"	"M3"	"出货"	"3"
"20250827指数贡献策略防踏空（周三晚八）"	"M3"	"卖飞"	"5"
"20250827指数贡献策略防踏空（周三晚八）"	"M4"	"N型"	"1"
"20250827指数贡献策略防踏空（周三晚八）"	"M5"	"底仓"	"3"
"20250827指数贡献策略防踏空（周三晚八）"	"M5"	"纪律"	"6"
"20250827指数贡献策略防踏空（周三晚八）"	"M6"	"心态"	"2"
"20250827指数贡献策略防踏空（周三晚八）"	"M6"	"情绪"	"1"
"20250827指数贡献策略防踏空（周三晚八）"	"M6"	"散户"	"3"
"20250827指数贡献策略防踏空（周三晚八）"	"M7"	"政策"	"1"
"20250827指数贡献策略防踏空（周三晚八）"	"M7"	"创新药"	"1"
"20250827指数贡献策略防踏空（周三晚八）"	"M7"	"消费"	"1"
"20250827指数贡献策略防踏空（周三晚八）"	"M7"	"算力"	"3"
"20250827指数贡献策略防踏空（周三晚八）"	"M7"	"新能源"	"1"
"20250827指数贡献策略防踏空（周三晚八）"	"M7"	"券商"	"3"
"20250827指数贡献策略防踏空（周三晚八）"	"M7"	"医药"	"5"
"20250827指数贡献策略防踏空（周三晚八）"	"M10"	"商业"	"1"
"20250827指数贡献策略防踏空（周三晚八）"	"M10"	"管理"	"1"
"20250831神仙打架我散如何应对？（周日晚九点半开）"	"M0"	"空仓"	"1"
"20250831神仙打架我散如何应对？（周日晚九点半开）"	"M1"	"B一"	"1"
"20250831神仙打架我散如何应对？（周日晚九点半开）"	"M1"	"买点"	"9"
"20250831神仙打架我散如何应对？（周日晚九点半开）"	"M1"	"上车"	"8"
"20250831神仙打架我散如何应对？（周日晚九点半开）"	"M2"	"止损"	"25"
"20250831神仙打架我散如何应对？（周日晚九点半开）"	"M2"	"前低"	"2"
"20250831神仙打架我散如何应对？（周日晚九点半开）"	"M2"	"减仓"	"1"
"20250831神仙打架我散如何应对？（周日晚九点半开）"	"M2"	"大阳线"	"1"
"20250831神仙打架我散如何应对？（周日晚九点半开）"	"M3"	"破白线"	"5"
"20250831神仙打架我散如何应对？（周日晚九点半开）"	"M3"	"白线"	"50"
"20250831神仙打架我散如何应对？（周日晚九点半开）"	"M3"	"黄线"	"68"
"20250831神仙打架我散如何应对？（周日晚九点半开）"	"M3"	"死叉"	"16"
"20250831神仙打架我散如何应对？（周日晚九点半开）"	"M3"	"出货"	"1"
"20250831神仙打架我散如何应对？（周日晚九点半开）"	"M3"	"卖飞"	"1"
"20250831神仙打架我散如何应对？（周日晚九点半开）"	"M4"	"建仓波"	"2"
"20250831神仙打架我散如何应对？（周日晚九点半开）"	"M4"	"拉升波"	"1"
"20250831神仙打架我散如何应对？（周日晚九点半开）"	"M6"	"散户"	"1"
"20250831神仙打架我散如何应对？（周日晚九点半开）"	"M7"	"券商"	"6"
"20250831神仙打架我散如何应对？（周日晚九点半开）"	"M8"	"复盘"	"1"
"20250831神仙打架我散如何应对？（周日晚九点半开）"	"M8"	"案例"	"13"
"20250831神仙打架我散如何应对？（周日晚九点半开）"	"M9"	"闲聊"	"2"
"20250831神仙打架我散如何应对？（周日晚九点半开）"	"M9"	"足球"	"1"
"20250903今天才有点儿内个意思~（周三晚八开）"	"M0"	"活跃市值"	"5"
"20250903今天才有点儿内个意思~（周三晚八开）"	"M1"	"B一"	"10"
"20250903今天才有点儿内个意思~（周三晚八开）"	"M1"	"买点"	"4"
"20250903今天才有点儿内个意思~（周三晚八开）"	"M1"	"上车"	"1"
"20250903今天才有点儿内个意思~（周三晚八开）"	"M2"	"止损"	"3"
"20250903今天才有点儿内个意思~（周三晚八开）"	"M2"	"放飞"	"1"
"20250903今天才有点儿内个意思~（周三晚八开）"	"M2"	"止盈"	"1"
"20250903今天才有点儿内个意思~（周三晚八开）"	"M2"	"减仓"	"5"
"20250903今天才有点儿内个意思~（周三晚八开）"	"M3"	"阶梯量"	"2"
"20250903今天才有点儿内个意思~（周三晚八开）"	"M3"	"破白线"	"1"
"20250903今天才有点儿内个意思~（周三晚八开）"	"M3"	"白线"	"9"
"20250903今天才有点儿内个意思~（周三晚八开）"	"M3"	"黄线"	"10"
"20250903今天才有点儿内个意思~（周三晚八开）"	"M3"	"死叉"	"1"
"20250903今天才有点儿内个意思~（周三晚八开）"	"M3"	"出货"	"4"
"20250903今天才有点儿内个意思~（周三晚八开）"	"M3"	"卖飞"	"1"
"20250903今天才有点儿内个意思~（周三晚八开）"	"M4"	"关键K"	"1"
"20250903今天才有点儿内个意思~（周三晚八开）"	"M4"	"筹码"	"4"
"20250903今天才有点儿内个意思~（周三晚八开）"	"M4"	"N型"	"3"
"20250903今天才有点儿内个意思~（周三晚八开）"	"M4"	"建仓波"	"4"
"20250903今天才有点儿内个意思~（周三晚八开）"	"M6"	"心态"	"2"
"20250903今天才有点儿内个意思~（周三晚八开）"	"M6"	"情绪"	"2"
"20250903今天才有点儿内个意思~（周三晚八开）"	"M6"	"散户"	"4"
"20250903今天才有点儿内个意思~（周三晚八开）"	"M6"	"思维"	"1"
"20250903今天才有点儿内个意思~（周三晚八开）"	"M7"	"消费"	"1"
"20250903今天才有点儿内个意思~（周三晚八开）"	"M7"	"新能源"	"1"
"20250903今天才有点儿内个意思~（周三晚八开）"	"M7"	"有色"	"1"
"20250903今天才有点儿内个意思~（周三晚八开）"	"M7"	"券商"	"4"
"20250903今天才有点儿内个意思~（周三晚八开）"	"M7"	"医药"	"2"
"20250903今天才有点儿内个意思~（周三晚八开）"	"M8"	"案例"	"2"
"20250903今天才有点儿内个意思~（周三晚八开）"	"M9"	"足球"	"1"
"20250906厦门二楼~"	"M0"	"活跃市值"	"5"
"20250906厦门二楼~"	"M0"	"主线"	"1"
"20250906厦门二楼~"	"M1"	"B一"	"7"
"20250906厦门二楼~"	"M1"	"买点"	"4"
"20250906厦门二楼~"	"M2"	"减仓"	"2"
"20250906厦门二楼~"	"M2"	"大阳线"	"2"
"20250906厦门二楼~"	"M3"	"白线"	"9"
"20250906厦门二楼~"	"M3"	"黄线"	"8"
"20250906厦门二楼~"	"M3"	"死叉"	"3"
"20250906厦门二楼~"	"M3"	"出货"	"6"
"20250906厦门二楼~"	"M4"	"关键K"	"4"
"20250906厦门二楼~"	"M4"	"异动"	"1"
"20250906厦门二楼~"	"M4"	"筹码"	"3"
"20250906厦门二楼~"	"M5"	"纪律"	"1"
"20250906厦门二楼~"	"M6"	"心态"	"4"
"20250906厦门二楼~"	"M6"	"人性"	"1"
"20250906厦门二楼~"	"M6"	"散户"	"11"
"20250906厦门二楼~"	"M6"	"思维"	"3"
"20250906厦门二楼~"	"M6"	"耐心"	"6"
"20250906厦门二楼~"	"M7"	"产业"	"1"
"20250906厦门二楼~"	"M7"	"宏观"	"1"
"20250906厦门二楼~"	"M7"	"政策"	"4"
"20250906厦门二楼~"	"M7"	"消费"	"1"
"20250906厦门二楼~"	"M7"	"新能源"	"3"
"20250906厦门二楼~"	"M7"	"有色"	"2"
"20250906厦门二楼~"	"M7"	"券商"	"2"
"20250906厦门二楼~"	"M7"	"PPI"	"2"
"20250906厦门二楼~"	"M8"	"案例"	"3"
"20250906厦门二楼~"	"M9"	"加餐"	"1"
"20250906厦门二楼~"	"M10"	"决策"	"1"
"20250907九月锦囊+二楼（周日晚八开）"	"M0"	"主线"	"11"
"20250907九月锦囊+二楼（周日晚八开）"	"M1"	"(?<!S)B1(?![0-9])"	"25"
"20250907九月锦囊+二楼（周日晚八开）"	"M1"	"(?<!S)B2(?![0-9])"	"3"
"20250907九月锦囊+二楼（周日晚八开）"	"M1"	"(?<!S)B3(?![0-9])"	"2"
"20250907九月锦囊+二楼（周日晚八开）"	"M1"	"B一"	"7"
"20250907九月锦囊+二楼（周日晚八开）"	"M1"	"买点"	"16"
"20250907九月锦囊+二楼（周日晚八开）"	"M1"	"上车"	"1"
"20250907九月锦囊+二楼（周日晚八开）"	"M2"	"止损"	"5"
"20250907九月锦囊+二楼（周日晚八开）"	"M2"	"放飞"	"6"
"20250907九月锦囊+二楼（周日晚八开）"	"M2"	"没涨"	"3"
"20250907九月锦囊+二楼（周日晚八开）"	"M2"	"减仓"	"3"
"20250907九月锦囊+二楼（周日晚八开）"	"M2"	"大阳线"	"4"
"20250907九月锦囊+二楼（周日晚八开）"	"M3"	"S一"	"2"
"20250907九月锦囊+二楼（周日晚八开）"	"M3"	"破白线"	"2"
"20250907九月锦囊+二楼（周日晚八开）"	"M3"	"白线"	"13"
"20250907九月锦囊+二楼（周日晚八开）"	"M3"	"黄线"	"14"
"20250907九月锦囊+二楼（周日晚八开）"	"M3"	"死叉"	"1"
"20250907九月锦囊+二楼（周日晚八开）"	"M3"	"卖飞"	"2"
"20250907九月锦囊+二楼（周日晚八开）"	"M4"	"筹码"	"2"
"20250907九月锦囊+二楼（周日晚八开）"	"M4"	"N型"	"2"
"20250907九月锦囊+二楼（周日晚八开）"	"M5"	"框架"	"2"
"20250907九月锦囊+二楼（周日晚八开）"	"M5"	"底仓"	"3"
"20250907九月锦囊+二楼（周日晚八开）"	"M6"	"心态"	"3"
"20250907九月锦囊+二楼（周日晚八开）"	"M6"	"情绪"	"1"
"20250907九月锦囊+二楼（周日晚八开）"	"M6"	"散户"	"2"
"20250907九月锦囊+二楼（周日晚八开）"	"M6"	"思维"	"2"
"20250907九月锦囊+二楼（周日晚八开）"	"M7"	"产业"	"3"
"20250907九月锦囊+二楼（周日晚八开）"	"M7"	"政策"	"4"
"20250907九月锦囊+二楼（周日晚八开）"	"M7"	"创新药"	"11"
"20250907九月锦囊+二楼（周日晚八开）"	"M7"	"消费"	"18"
"20250907九月锦囊+二楼（周日晚八开）"	"M7"	"AIDC"	"5"
"20250907九月锦囊+二楼（周日晚八开）"	"M7"	"有色"	"3"
"20250907九月锦囊+二楼（周日晚八开）"	"M7"	"券商"	"23"
"20250907九月锦囊+二楼（周日晚八开）"	"M7"	"医药"	"3"
"20250907九月锦囊+二楼（周日晚八开）"	"M7"	"美联储"	"3"
"20250907九月锦囊+二楼（周日晚八开）"	"M8"	"补课"	"1"
"20250907九月锦囊+二楼（周日晚八开）"	"M8"	"案例"	"7"
"20250907九月锦囊+二楼（周日晚八开）"	"M9"	"闲聊"	"2"
"20250907九月锦囊+二楼（周日晚八开）"	"M10"	"职业"	"1"
"20250907九月锦囊+二楼（周日晚八开）"	"M10"	"商业"	"4"
"20250907九月锦囊+二楼（周日晚八开）"	"M10"	"生意"	"1"
"20250907九月锦囊+二楼（周日晚八开）"	"M10"	"领导"	"1"
"20250907九月锦囊+二楼（周日晚八开）"	"M10"	"管理"	"9"
"20250910牛市偷懒法～（周三晚八开）"	"M0"	"活跃市值"	"8"
"20250910牛市偷懒法～（周三晚八开）"	"M0"	"只卖不买"	"1"
"20250910牛市偷懒法～（周三晚八开）"	"M0"	"择时"	"1"
"20250910牛市偷懒法～（周三晚八开）"	"M0"	"容错"	"3"
"20250910牛市偷懒法～（周三晚八开）"	"M0"	"主线"	"11"
"20250910牛市偷懒法～（周三晚八开）"	"M0"	"休息"	"2"
"20250910牛市偷懒法～（周三晚八开）"	"M1"	"(?<!S)B1(?![0-9])"	"14"
"20250910牛市偷懒法～（周三晚八开）"	"M1"	"(?<!S)B2(?![0-9])"	"2"
"20250910牛市偷懒法～（周三晚八开）"	"M1"	"(?<!S)B3(?![0-9])"	"6"
"20250910牛市偷懒法～（周三晚八开）"	"M1"	"B一"	"4"
"20250910牛市偷懒法～（周三晚八开）"	"M1"	"买点"	"10"
"20250910牛市偷懒法～（周三晚八开）"	"M2"	"止损"	"18"
"20250910牛市偷懒法～（周三晚八开）"	"M2"	"放飞"	"4"
"20250910牛市偷懒法～（周三晚八开）"	"M2"	"没涨"	"1"
"20250910牛市偷懒法～（周三晚八开）"	"M2"	"止盈"	"1"
"20250910牛市偷懒法～（周三晚八开）"	"M2"	"前低"	"1"
"20250910牛市偷懒法～（周三晚八开）"	"M2"	"减仓"	"10"
"20250910牛市偷懒法～（周三晚八开）"	"M2"	"大阳线"	"1"
"20250910牛市偷懒法～（周三晚八开）"	"M3"	"(?<![A-Za-z])S1(?![0-9])"	"2"
"20250910牛市偷懒法～（周三晚八开）"	"M3"	"破白线"	"5"
"20250910牛市偷懒法～（周三晚八开）"	"M3"	"白线"	"16"
"20250910牛市偷懒法～（周三晚八开）"	"M3"	"黄线"	"28"
"20250910牛市偷懒法～（周三晚八开）"	"M3"	"死叉"	"3"
"20250910牛市偷懒法～（周三晚八开）"	"M3"	"出货"	"11"
"20250910牛市偷懒法～（周三晚八开）"	"M3"	"卖飞"	"2"
"20250910牛市偷懒法～（周三晚八开）"	"M4"	"筹码"	"13"
"20250910牛市偷懒法～（周三晚八开）"	"M4"	"N型"	"6"
"20250910牛市偷懒法～（周三晚八开）"	"M4"	"建仓波"	"4"
"20250910牛市偷懒法～（周三晚八开）"	"M4"	"拉升波"	"5"
"20250910牛市偷懒法～（周三晚八开）"	"M4"	"冲刺波"	"2"
"20250910牛市偷懒法～（周三晚八开）"	"M4"	"大风车"	"5"
"20250910牛市偷懒法～（周三晚八开）"	"M5"	"底仓"	"4"
"20250910牛市偷懒法～（周三晚八开）"	"M5"	"纪律"	"1"
"20250910牛市偷懒法～（周三晚八开）"	"M6"	"心态"	"4"
"20250910牛市偷懒法～（周三晚八开）"	"M6"	"情绪"	"1"
"20250910牛市偷懒法～（周三晚八开）"	"M6"	"人性"	"1"
"20250910牛市偷懒法～（周三晚八开）"	"M6"	"散户"	"14"
"20250910牛市偷懒法～（周三晚八开）"	"M6"	"思维"	"1"
"20250910牛市偷懒法～（周三晚八开）"	"M6"	"耐心"	"6"
"20250910牛市偷懒法～（周三晚八开）"	"M7"	"宏观"	"3"
"20250910牛市偷懒法～（周三晚八开）"	"M7"	"政策"	"8"
"20250910牛市偷懒法～（周三晚八开）"	"M7"	"创新药"	"9"
"20250910牛市偷懒法～（周三晚八开）"	"M7"	"芯片"	"3"
"20250910牛市偷懒法～（周三晚八开）"	"M7"	"算力"	"1"
"20250910牛市偷懒法～（周三晚八开）"	"M7"	"新能源"	"7"
"20250910牛市偷懒法～（周三晚八开）"	"M7"	"有色"	"1"
"20250910牛市偷懒法～（周三晚八开）"	"M7"	"券商"	"17"
"20250910牛市偷懒法～（周三晚八开）"	"M7"	"医药"	"3"
"20250910牛市偷懒法～（周三晚八开）"	"M7"	"关税"	"5"
"20250910牛市偷懒法～（周三晚八开）"	"M7"	"美联储"	"2"
"20250910牛市偷懒法～（周三晚八开）"	"M8"	"案例"	"6"
"20250910牛市偷懒法～（周三晚八开）"	"M9"	"闲聊"	"3"
"20250910牛市偷懒法～（周三晚八开）"	"M9"	"生活"	"1"
"20250910牛市偷懒法～（周三晚八开）"	"M10"	"职业"	"3"
"20250910牛市偷懒法～（周三晚八开）"	"M10"	"人生"	"3"
"20250910牛市偷懒法～（周三晚八开）"	"M10"	"商业"	"1"
"20250910牛市偷懒法～（周三晚八开）"	"M10"	"生意"	"1"
"20250910牛市偷懒法～（周三晚八开）"	"M10"	"领导"	"1"
"20250910牛市偷懒法～（周三晚八开）"	"M10"	"管理"	"6"
"20250914如何做一位斗牛士？（周日晚八点十分）"	"M0"	"主线"	"5"
"20250914如何做一位斗牛士？（周日晚八点十分）"	"M1"	"(?<!S)B1(?![0-9])"	"21"
"20250914如何做一位斗牛士？（周日晚八点十分）"	"M1"	"(?<!S)B2(?![0-9])"	"7"
"20250914如何做一位斗牛士？（周日晚八点十分）"	"M1"	"(?<!S)B3(?![0-9])"	"7"
"20250914如何做一位斗牛士？（周日晚八点十分）"	"M1"	"B一"	"24"
"20250914如何做一位斗牛士？（周日晚八点十分）"	"M1"	"B三"	"3"
"20250914如何做一位斗牛士？（周日晚八点十分）"	"M1"	"长安战法"	"1"
"20250914如何做一位斗牛士？（周日晚八点十分）"	"M1"	"买点"	"9"
"20250914如何做一位斗牛士？（周日晚八点十分）"	"M1"	"上车"	"1"
"20250914如何做一位斗牛士？（周日晚八点十分）"	"M2"	"止损"	"14"
"20250914如何做一位斗牛士？（周日晚八点十分）"	"M2"	"放飞"	"20"
"20250914如何做一位斗牛士？（周日晚八点十分）"	"M2"	"没涨"	"7"
"20250914如何做一位斗牛士？（周日晚八点十分）"	"M2"	"止盈"	"1"
"20250914如何做一位斗牛士？（周日晚八点十分）"	"M2"	"减仓"	"17"
"20250914如何做一位斗牛士？（周日晚八点十分）"	"M2"	"中阳线"	"1"
"20250914如何做一位斗牛士？（周日晚八点十分）"	"M2"	"大阳线"	"1"
"20250914如何做一位斗牛士？（周日晚八点十分）"	"M3"	"S一"	"6"
"20250914如何做一位斗牛士？（周日晚八点十分）"	"M3"	"破白线"	"6"
"20250914如何做一位斗牛士？（周日晚八点十分）"	"M3"	"白线"	"56"
"20250914如何做一位斗牛士？（周日晚八点十分）"	"M3"	"黄线"	"18"
"20250914如何做一位斗牛士？（周日晚八点十分）"	"M3"	"死叉"	"1"
"20250914如何做一位斗牛士？（周日晚八点十分）"	"M3"	"出货"	"10"
"20250914如何做一位斗牛士？（周日晚八点十分）"	"M3"	"逃顶"	"3"
"20250914如何做一位斗牛士？（周日晚八点十分）"	"M3"	"卖飞"	"4"
"20250914如何做一位斗牛士？（周日晚八点十分）"	"M4"	"筹码"	"2"
"20250914如何做一位斗牛士？（周日晚八点十分）"	"M4"	"N型"	"1"
"20250914如何做一位斗牛士？（周日晚八点十分）"	"M5"	"底仓"	"3"
"20250914如何做一位斗牛士？（周日晚八点十分）"	"M5"	"知行合一"	"2"
"20250914如何做一位斗牛士？（周日晚八点十分）"	"M5"	"纪律"	"8"
"20250914如何做一位斗牛士？（周日晚八点十分）"	"M6"	"心态"	"6"
"20250914如何做一位斗牛士？（周日晚八点十分）"	"M6"	"情绪"	"1"
"20250914如何做一位斗牛士？（周日晚八点十分）"	"M6"	"人性"	"1"
"20250914如何做一位斗牛士？（周日晚八点十分）"	"M6"	"散户"	"3"
"20250914如何做一位斗牛士？（周日晚八点十分）"	"M6"	"恐惧"	"5"
"20250914如何做一位斗牛士？（周日晚八点十分）"	"M6"	"耐心"	"3"
"20250914如何做一位斗牛士？（周日晚八点十分）"	"M7"	"政策"	"1"
"20250914如何做一位斗牛士？（周日晚八点十分）"	"M7"	"创新药"	"11"
"20250914如何做一位斗牛士？（周日晚八点十分）"	"M7"	"消费"	"16"
"20250914如何做一位斗牛士？（周日晚八点十分）"	"M7"	"芯片"	"1"
"20250914如何做一位斗牛士？（周日晚八点十分）"	"M7"	"算力"	"1"
"20250914如何做一位斗牛士？（周日晚八点十分）"	"M7"	"新能源"	"1"
"20250914如何做一位斗牛士？（周日晚八点十分）"	"M7"	"有色"	"13"
"20250914如何做一位斗牛士？（周日晚八点十分）"	"M7"	"券商"	"23"
"20250914如何做一位斗牛士？（周日晚八点十分）"	"M7"	"美联储"	"5"
"20250914如何做一位斗牛士？（周日晚八点十分）"	"M8"	"复盘"	"1"
"20250914如何做一位斗牛士？（周日晚八点十分）"	"M8"	"作业"	"3"
"20250914如何做一位斗牛士？（周日晚八点十分）"	"M8"	"补课"	"2"
"20250914如何做一位斗牛士？（周日晚八点十分）"	"M8"	"案例"	"15"
"20250914如何做一位斗牛士？（周日晚八点十分）"	"M9"	"闲聊"	"1"
"20250914如何做一位斗牛士？（周日晚八点十分）"	"M9"	"加餐"	"3"
"20250914如何做一位斗牛士？（周日晚八点十分）"	"M9"	"足球"	"1"
"20250914如何做一位斗牛士？（周日晚八点十分）"	"M10"	"职业"	"1"
"20250914如何做一位斗牛士？（周日晚八点十分）"	"M10"	"领导"	"2"
"20250917主力出货的五种经典方式（周三晚八开）"	"M0"	"休息"	"2"
"20250917主力出货的五种经典方式（周三晚八开）"	"M1"	"(?<!S)B1(?![0-9])"	"12"
"20250917主力出货的五种经典方式（周三晚八开）"	"M1"	"B一"	"8"
"20250917主力出货的五种经典方式（周三晚八开）"	"M1"	"长安战法"	"2"
"20250917主力出货的五种经典方式（周三晚八开）"	"M1"	"长安图"	"2"
"20250917主力出货的五种经典方式（周三晚八开）"	"M1"	"买点"	"6"
"20250917主力出货的五种经典方式（周三晚八开）"	"M2"	"止损"	"4"
"20250917主力出货的五种经典方式（周三晚八开）"	"M2"	"放飞"	"1"
"20250917主力出货的五种经典方式（周三晚八开）"	"M2"	"止盈"	"2"
"20250917主力出货的五种经典方式（周三晚八开）"	"M2"	"减仓"	"4"
"20250917主力出货的五种经典方式（周三晚八开）"	"M2"	"大阳线"	"5"
"20250917主力出货的五种经典方式（周三晚八开）"	"M3"	"S一"	"1"
"20250917主力出货的五种经典方式（周三晚八开）"	"M3"	"滴滴"	"4"
"20250917主力出货的五种经典方式（周三晚八开）"	"M3"	"阶梯量"	"4"
"20250917主力出货的五种经典方式（周三晚八开）"	"M3"	"破白线"	"1"
"20250917主力出货的五种经典方式（周三晚八开）"	"M3"	"白线"	"12"
"20250917主力出货的五种经典方式（周三晚八开）"	"M3"	"黄线"	"14"
"20250917主力出货的五种经典方式（周三晚八开）"	"M3"	"出货"	"43"
"20250917主力出货的五种经典方式（周三晚八开）"	"M3"	"牵牛绳"	"2"
"20250917主力出货的五种经典方式（周三晚八开）"	"M3"	"五种出货"	"3"
"20250917主力出货的五种经典方式（周三晚八开）"	"M4"	"暴力K"	"2"
"20250917主力出货的五种经典方式（周三晚八开）"	"M4"	"异动"	"1"
"20250917主力出货的五种经典方式（周三晚八开）"	"M4"	"筹码"	"10"
"20250917主力出货的五种经典方式（周三晚八开）"	"M4"	"N型"	"2"
"20250917主力出货的五种经典方式（周三晚八开）"	"M4"	"拉升波"	"2"
"20250917主力出货的五种经典方式（周三晚八开）"	"M5"	"底仓"	"2"
"20250917主力出货的五种经典方式（周三晚八开）"	"M5"	"纪律"	"1"
"20250917主力出货的五种经典方式（周三晚八开）"	"M6"	"心态"	"2"
"20250917主力出货的五种经典方式（周三晚八开）"	"M6"	"人性"	"1"
"20250917主力出货的五种经典方式（周三晚八开）"	"M6"	"散户"	"4"
"20250917主力出货的五种经典方式（周三晚八开）"	"M6"	"思维"	"2"
"20250917主力出货的五种经典方式（周三晚八开）"	"M6"	"恐惧"	"1"
"20250917主力出货的五种经典方式（周三晚八开）"	"M6"	"耐心"	"4"
"20250917主力出货的五种经典方式（周三晚八开）"	"M7"	"政策"	"4"
"20250917主力出货的五种经典方式（周三晚八开）"	"M7"	"创新药"	"3"
"20250917主力出货的五种经典方式（周三晚八开）"	"M7"	"消费"	"6"
"20250917主力出货的五种经典方式（周三晚八开）"	"M7"	"芯片"	"1"
"20250917主力出货的五种经典方式（周三晚八开）"	"M7"	"算力"	"1"
"20250917主力出货的五种经典方式（周三晚八开）"	"M7"	"新能源"	"2"
"20250917主力出货的五种经典方式（周三晚八开）"	"M7"	"有色"	"11"
"20250917主力出货的五种经典方式（周三晚八开）"	"M7"	"券商"	"24"
"20250917主力出货的五种经典方式（周三晚八开）"	"M7"	"美联储"	"8"
"20250917主力出货的五种经典方式（周三晚八开）"	"M8"	"作业"	"4"
"20250917主力出货的五种经典方式（周三晚八开）"	"M8"	"案例"	"8"
"20250917主力出货的五种经典方式（周三晚八开）"	"M9"	"闲聊"	"1"
"20250917主力出货的五种经典方式（周三晚八开）"	"M10"	"生意"	"2"
"20250917主力出货的五种经典方式（周三晚八开）"	"M10"	"领导"	"28"
"20250917主力出货的五种经典方式（周三晚八开）"	"M10"	"管理"	"2"
"20250922全网独家解析大A暗战！"	"M0"	"活跃市值"	"1"
"20250922全网独家解析大A暗战！"	"M0"	"池子"	"1"
"20250922全网独家解析大A暗战！"	"M0"	"主线"	"15"
"20250922全网独家解析大A暗战！"	"M0"	"空仓"	"1"
"20250922全网独家解析大A暗战！"	"M0"	"休息"	"1"
"20250922全网独家解析大A暗战！"	"M1"	"(?<!S)B1(?![0-9])"	"10"
"20250922全网独家解析大A暗战！"	"M1"	"B一"	"7"
"20250922全网独家解析大A暗战！"	"M1"	"SB1"	"1"
"20250922全网独家解析大A暗战！"	"M1"	"SB一"	"1"
"20250922全网独家解析大A暗战！"	"M1"	"长安图"	"2"
"20250922全网独家解析大A暗战！"	"M1"	"买点"	"7"
"20250922全网独家解析大A暗战！"	"M1"	"上车"	"2"
"20250922全网独家解析大A暗战！"	"M2"	"止损"	"13"
"20250922全网独家解析大A暗战！"	"M2"	"放飞"	"23"
"20250922全网独家解析大A暗战！"	"M2"	"没涨"	"2"
"20250922全网独家解析大A暗战！"	"M2"	"前低"	"7"
"20250922全网独家解析大A暗战！"	"M2"	"减仓"	"41"
"20250922全网独家解析大A暗战！"	"M2"	"大阳线"	"17"
"20250922全网独家解析大A暗战！"	"M3"	"(?<![A-Za-z])S1(?![0-9])"	"7"
"20250922全网独家解析大A暗战！"	"M3"	"S一"	"3"
"20250922全网独家解析大A暗战！"	"M3"	"滴滴"	"1"
"20250922全网独家解析大A暗战！"	"M3"	"阶梯量"	"2"
"20250922全网独家解析大A暗战！"	"M3"	"破白线"	"8"
"20250922全网独家解析大A暗战！"	"M3"	"白线"	"69"
"20250922全网独家解析大A暗战！"	"M3"	"黄线"	"64"
"20250922全网独家解析大A暗战！"	"M3"	"出货"	"64"
"20250922全网独家解析大A暗战！"	"M3"	"卖飞"	"10"
"20250922全网独家解析大A暗战！"	"M3"	"牵牛绳"	"6"
"20250922全网独家解析大A暗战！"	"M3"	"五种出货"	"3"
"20250922全网独家解析大A暗战！"	"M4"	"异动"	"6"
"20250922全网独家解析大A暗战！"	"M4"	"四分之一量线"	"3"
"20250922全网独家解析大A暗战！"	"M4"	"筹码"	"34"
"20250922全网独家解析大A暗战！"	"M4"	"N型"	"8"
"20250922全网独家解析大A暗战！"	"M5"	"框架"	"3"
"20250922全网独家解析大A暗战！"	"M5"	"底仓"	"5"
"20250922全网独家解析大A暗战！"	"M5"	"纪律"	"9"
"20250922全网独家解析大A暗战！"	"M6"	"心态"	"17"
"20250922全网独家解析大A暗战！"	"M6"	"情绪"	"8"
"20250922全网独家解析大A暗战！"	"M6"	"人性"	"1"
"20250922全网独家解析大A暗战！"	"M6"	"散户"	"42"
"20250922全网独家解析大A暗战！"	"M6"	"思维"	"4"
"20250922全网独家解析大A暗战！"	"M6"	"恐惧"	"3"
"20250922全网独家解析大A暗战！"	"M6"	"承受力"	"3"
"20250922全网独家解析大A暗战！"	"M6"	"耐心"	"8"
"20250922全网独家解析大A暗战！"	"M7"	"产业"	"1"
"20250922全网独家解析大A暗战！"	"M7"	"政策"	"12"
"20250922全网独家解析大A暗战！"	"M7"	"创新药"	"3"
"20250922全网独家解析大A暗战！"	"M7"	"消费"	"5"
"20250922全网独家解析大A暗战！"	"M7"	"芯片"	"3"
"20250922全网独家解析大A暗战！"	"M7"	"AIDC"	"4"
"20250922全网独家解析大A暗战！"	"M7"	"算力"	"1"
"20250922全网独家解析大A暗战！"	"M7"	"券商"	"13"
"20250922全网独家解析大A暗战！"	"M7"	"医药"	"1"
"20250922全网独家解析大A暗战！"	"M7"	"PPI"	"2"
"20250922全网独家解析大A暗战！"	"M8"	"考试"	"1"
"20250922全网独家解析大A暗战！"	"M8"	"复盘"	"3"
"20250922全网独家解析大A暗战！"	"M8"	"案例"	"22"
"20250922全网独家解析大A暗战！"	"M9"	"闲聊"	"7"
"20250922全网独家解析大A暗战！"	"M9"	"生活"	"8"
"20250922全网独家解析大A暗战！"	"M9"	"足球"	"4"
"20250922全网独家解析大A暗战！"	"M10"	"商业"	"1"
"20250922全网独家解析大A暗战！"	"M10"	"领导"	"7"
"20250922全网独家解析大A暗战！"	"M10"	"管理"	"11"
"20250922全网独家解析大A暗战！"	"M10"	"决策"	"2"
"20250924散户都给我删掉这五种思维！（周三晚八开）"	"M0"	"活跃市值"	"18"
"20250924散户都给我删掉这五种思维！（周三晚八开）"	"M0"	"容错"	"2"
"20250924散户都给我删掉这五种思维！（周三晚八开）"	"M0"	"主线"	"3"
"20250924散户都给我删掉这五种思维！（周三晚八开）"	"M0"	"答应"	"1"
"20250924散户都给我删掉这五种思维！（周三晚八开）"	"M0"	"空仓"	"1"
"20250924散户都给我删掉这五种思维！（周三晚八开）"	"M1"	"(?<!S)B1(?![0-9])"	"9"
"20250924散户都给我删掉这五种思维！（周三晚八开）"	"M1"	"(?<!S)B2(?![0-9])"	"2"
"20250924散户都给我删掉这五种思维！（周三晚八开）"	"M1"	"B一"	"10"
"20250924散户都给我删掉这五种思维！（周三晚八开）"	"M1"	"B二"	"1"
"20250924散户都给我删掉这五种思维！（周三晚八开）"	"M1"	"B三"	"1"
"20250924散户都给我删掉这五种思维！（周三晚八开）"	"M1"	"SB1"	"1"
"20250924散户都给我删掉这五种思维！（周三晚八开）"	"M1"	"长安战法"	"1"
"20250924散户都给我删掉这五种思维！（周三晚八开）"	"M1"	"买点"	"9"
"20250924散户都给我删掉这五种思维！（周三晚八开）"	"M2"	"止损"	"13"
"20250924散户都给我删掉这五种思维！（周三晚八开）"	"M2"	"放飞"	"2"
"20250924散户都给我删掉这五种思维！（周三晚八开）"	"M2"	"没涨"	"6"
"20250924散户都给我删掉这五种思维！（周三晚八开）"	"M2"	"赢转亏"	"1"
"20250924散户都给我删掉这五种思维！（周三晚八开）"	"M2"	"大阳线"	"4"
"20250924散户都给我删掉这五种思维！（周三晚八开）"	"M3"	"滴滴"	"1"
"20250924散户都给我删掉这五种思维！（周三晚八开）"	"M3"	"阶梯量"	"2"
"20250924散户都给我删掉这五种思维！（周三晚八开）"	"M3"	"破白线"	"1"
"20250924散户都给我删掉这五种思维！（周三晚八开）"	"M3"	"白线"	"10"
"20250924散户都给我删掉这五种思维！（周三晚八开）"	"M3"	"黄线"	"22"
"20250924散户都给我删掉这五种思维！（周三晚八开）"	"M3"	"死叉"	"4"
"20250924散户都给我删掉这五种思维！（周三晚八开）"	"M3"	"出货"	"8"
"20250924散户都给我删掉这五种思维！（周三晚八开）"	"M3"	"卖飞"	"3"
"20250924散户都给我删掉这五种思维！（周三晚八开）"	"M4"	"异动"	"2"
"20250924散户都给我删掉这五种思维！（周三晚八开）"	"M4"	"筹码"	"9"
"20250924散户都给我删掉这五种思维！（周三晚八开）"	"M4"	"对称"	"1"
"20250924散户都给我删掉这五种思维！（周三晚八开）"	"M5"	"混沌"	"1"
"20250924散户都给我删掉这五种思维！（周三晚八开）"	"M5"	"知行合一"	"1"
"20250924散户都给我删掉这五种思维！（周三晚八开）"	"M5"	"纪律"	"3"
"20250924散户都给我删掉这五种思维！（周三晚八开）"	"M6"	"心态"	"9"
"20250924散户都给我删掉这五种思维！（周三晚八开）"	"M6"	"情绪"	"2"
"20250924散户都给我删掉这五种思维！（周三晚八开）"	"M6"	"散户"	"42"
"20250924散户都给我删掉这五种思维！（周三晚八开）"	"M6"	"思维"	"29"
"20250924散户都给我删掉这五种思维！（周三晚八开）"	"M6"	"耐心"	"2"
"20250924散户都给我删掉这五种思维！（周三晚八开）"	"M7"	"政策"	"1"
"20250924散户都给我删掉这五种思维！（周三晚八开）"	"M7"	"创新药"	"2"
"20250924散户都给我删掉这五种思维！（周三晚八开）"	"M7"	"消费"	"1"
"20250924散户都给我删掉这五种思维！（周三晚八开）"	"M7"	"芯片"	"2"
"20250924散户都给我删掉这五种思维！（周三晚八开）"	"M7"	"AIDC"	"1"
"20250924散户都给我删掉这五种思维！（周三晚八开）"	"M7"	"新能源"	"1"
"20250924散户都给我删掉这五种思维！（周三晚八开）"	"M7"	"有色"	"5"
"20250924散户都给我删掉这五种思维！（周三晚八开）"	"M7"	"券商"	"6"
"20250924散户都给我删掉这五种思维！（周三晚八开）"	"M7"	"医药"	"1"
"20250924散户都给我删掉这五种思维！（周三晚八开）"	"M8"	"复盘"	"8"
"20250924散户都给我删掉这五种思维！（周三晚八开）"	"M8"	"案例"	"7"
"20250924散户都给我删掉这五种思维！（周三晚八开）"	"M9"	"闲聊"	"1"
"20250924散户都给我删掉这五种思维！（周三晚八开）"	"M9"	"生活"	"1"
"20250924散户都给我删掉这五种思维！（周三晚八开）"	"M10"	"人生"	"1"
"20250924散户都给我删掉这五种思维！（周三晚八开）"	"M10"	"决策"	"2"
"20251004双线战法的核心逻辑（10.4晚八开）"	"M0"	"只卖不买"	"1"
"20251004双线战法的核心逻辑（10.4晚八开）"	"M0"	"容错"	"2"
"20251004双线战法的核心逻辑（10.4晚八开）"	"M0"	"主线"	"3"
"20251004双线战法的核心逻辑（10.4晚八开）"	"M0"	"休息"	"5"
"20251004双线战法的核心逻辑（10.4晚八开）"	"M1"	"(?<!S)B1(?![0-9])"	"25"
"20251004双线战法的核心逻辑（10.4晚八开）"	"M1"	"(?<!S)B2(?![0-9])"	"11"
"20251004双线战法的核心逻辑（10.4晚八开）"	"M1"	"(?<!S)B3(?![0-9])"	"9"
"20251004双线战法的核心逻辑（10.4晚八开）"	"M1"	"单针下二十"	"1"
"20251004双线战法的核心逻辑（10.4晚八开）"	"M1"	"买点"	"32"
"20251004双线战法的核心逻辑（10.4晚八开）"	"M1"	"上车"	"1"
"20251004双线战法的核心逻辑（10.4晚八开）"	"M2"	"止损"	"13"
"20251004双线战法的核心逻辑（10.4晚八开）"	"M2"	"放飞"	"6"
"20251004双线战法的核心逻辑（10.4晚八开）"	"M2"	"止盈"	"3"
"20251004双线战法的核心逻辑（10.4晚八开）"	"M2"	"前低"	"3"
"20251004双线战法的核心逻辑（10.4晚八开）"	"M2"	"减仓"	"2"
"20251004双线战法的核心逻辑（10.4晚八开）"	"M2"	"中阳线"	"1"
"20251004双线战法的核心逻辑（10.4晚八开）"	"M2"	"大阳线"	"1"
"20251004双线战法的核心逻辑（10.4晚八开）"	"M3"	"(?<![A-Za-z])S1(?![0-9])"	"1"
"20251004双线战法的核心逻辑（10.4晚八开）"	"M3"	"S一"	"1"
"20251004双线战法的核心逻辑（10.4晚八开）"	"M3"	"阶梯量"	"2"
"20251004双线战法的核心逻辑（10.4晚八开）"	"M3"	"破白线"	"6"
"20251004双线战法的核心逻辑（10.4晚八开）"	"M3"	"白线"	"59"
"20251004双线战法的核心逻辑（10.4晚八开）"	"M3"	"黄线"	"82"
"20251004双线战法的核心逻辑（10.4晚八开）"	"M3"	"死叉"	"33"
"20251004双线战法的核心逻辑（10.4晚八开）"	"M3"	"出货"	"33"
"20251004双线战法的核心逻辑（10.4晚八开）"	"M3"	"牵牛绳"	"5"
"20251004双线战法的核心逻辑（10.4晚八开）"	"M4"	"异动"	"6"
"20251004双线战法的核心逻辑（10.4晚八开）"	"M4"	"筹码"	"9"
"20251004双线战法的核心逻辑（10.4晚八开）"	"M4"	"N型"	"24"
"20251004双线战法的核心逻辑（10.4晚八开）"	"M5"	"知行合一"	"3"
"20251004双线战法的核心逻辑（10.4晚八开）"	"M5"	"纪律"	"11"
"20251004双线战法的核心逻辑（10.4晚八开）"	"M6"	"心态"	"4"
"20251004双线战法的核心逻辑（10.4晚八开）"	"M6"	"情绪"	"1"
"20251004双线战法的核心逻辑（10.4晚八开）"	"M6"	"散户"	"7"
"20251004双线战法的核心逻辑（10.4晚八开）"	"M6"	"思维"	"3"
"20251004双线战法的核心逻辑（10.4晚八开）"	"M6"	"承受力"	"1"
"20251004双线战法的核心逻辑（10.4晚八开）"	"M6"	"耐心"	"2"
"20251004双线战法的核心逻辑（10.4晚八开）"	"M7"	"产业"	"6"
"20251004双线战法的核心逻辑（10.4晚八开）"	"M7"	"政策"	"1"
"20251004双线战法的核心逻辑（10.4晚八开）"	"M7"	"消费"	"1"
"20251004双线战法的核心逻辑（10.4晚八开）"	"M7"	"算力"	"1"
"20251004双线战法的核心逻辑（10.4晚八开）"	"M7"	"新能源"	"1"
"20251004双线战法的核心逻辑（10.4晚八开）"	"M7"	"券商"	"19"
"20251004双线战法的核心逻辑（10.4晚八开）"	"M8"	"复盘"	"2"
"20251004双线战法的核心逻辑（10.4晚八开）"	"M8"	"案例"	"17"
"20251004双线战法的核心逻辑（10.4晚八开）"	"M9"	"闲聊"	"14"
"20251004双线战法的核心逻辑（10.4晚八开）"	"M9"	"扯淡"	"4"
"20251004双线战法的核心逻辑（10.4晚八开）"	"M9"	"聊天"	"1"
"20251004双线战法的核心逻辑（10.4晚八开）"	"M9"	"生活"	"5"
"20251004双线战法的核心逻辑（10.4晚八开）"	"M9"	"足球"	"14"
"20251004双线战法的核心逻辑（10.4晚八开）"	"M10"	"人生"	"1"
"20251004双线战法的核心逻辑（10.4晚八开）"	"M10"	"管理"	"4"
"20251004双线战法的核心逻辑（10.4晚八开）"	"M10"	"决策"	"1"
"20251006三大高爆发力的B2买入法（10.6晚八）"	"M0"	"容错"	"2"
"20251006三大高爆发力的B2买入法（10.6晚八）"	"M0"	"休息"	"1"
"20251006三大高爆发力的B2买入法（10.6晚八）"	"M1"	"(?<!S)B1(?![0-9])"	"61"
"20251006三大高爆发力的B2买入法（10.6晚八）"	"M1"	"(?<!S)B2(?![0-9])"	"82"
"20251006三大高爆发力的B2买入法（10.6晚八）"	"M1"	"(?<!S)B3(?![0-9])"	"48"
"20251006三大高爆发力的B2买入法（10.6晚八）"	"M1"	"B一"	"8"
"20251006三大高爆发力的B2买入法（10.6晚八）"	"M1"	"B二"	"7"
"20251006三大高爆发力的B2买入法（10.6晚八）"	"M1"	"B三"	"3"
"20251006三大高爆发力的B2买入法（10.6晚八）"	"M1"	"买点"	"20"
"20251006三大高爆发力的B2买入法（10.6晚八）"	"M1"	"上车"	"1"
"20251006三大高爆发力的B2买入法（10.6晚八）"	"M2"	"止损"	"48"
"20251006三大高爆发力的B2买入法（10.6晚八）"	"M2"	"放飞"	"3"
"20251006三大高爆发力的B2买入法（10.6晚八）"	"M2"	"止盈"	"1"
"20251006三大高爆发力的B2买入法（10.6晚八）"	"M2"	"前低"	"3"
"20251006三大高爆发力的B2买入法（10.6晚八）"	"M2"	"中长阳"	"8"
"20251006三大高爆发力的B2买入法（10.6晚八）"	"M2"	"中阳线"	"2"
"20251006三大高爆发力的B2买入法（10.6晚八）"	"M2"	"大阳线"	"19"
"20251006三大高爆发力的B2买入法（10.6晚八）"	"M3"	"(?<![A-Za-z])S1(?![0-9])"	"2"
"20251006三大高爆发力的B2买入法（10.6晚八）"	"M3"	"破白线"	"3"
"20251006三大高爆发力的B2买入法（10.6晚八）"	"M3"	"白线"	"25"
"20251006三大高爆发力的B2买入法（10.6晚八）"	"M3"	"黄线"	"43"
"20251006三大高爆发力的B2买入法（10.6晚八）"	"M3"	"出货"	"27"
"20251006三大高爆发力的B2买入法（10.6晚八）"	"M3"	"牵牛绳"	"2"
"20251006三大高爆发力的B2买入法（10.6晚八）"	"M4"	"异动"	"2"
"20251006三大高爆发力的B2买入法（10.6晚八）"	"M4"	"筹码"	"4"
"20251006三大高爆发力的B2买入法（10.6晚八）"	"M4"	"N型"	"14"
"20251006三大高爆发力的B2买入法（10.6晚八）"	"M4"	"建仓波"	"1"
"20251006三大高爆发力的B2买入法（10.6晚八）"	"M5"	"底仓"	"2"
"20251006三大高爆发力的B2买入法（10.6晚八）"	"M5"	"纪律"	"12"
"20251006三大高爆发力的B2买入法（10.6晚八）"	"M6"	"心态"	"3"
"20251006三大高爆发力的B2买入法（10.6晚八）"	"M6"	"情绪"	"5"
"20251006三大高爆发力的B2买入法（10.6晚八）"	"M6"	"散户"	"6"
"20251006三大高爆发力的B2买入法（10.6晚八）"	"M6"	"思维"	"1"
"20251006三大高爆发力的B2买入法（10.6晚八）"	"M6"	"耐心"	"5"
"20251006三大高爆发力的B2买入法（10.6晚八）"	"M7"	"产业"	"1"
"20251006三大高爆发力的B2买入法（10.6晚八）"	"M7"	"宏观"	"1"
"20251006三大高爆发力的B2买入法（10.6晚八）"	"M7"	"政策"	"7"
"20251006三大高爆发力的B2买入法（10.6晚八）"	"M7"	"创新药"	"1"
"20251006三大高爆发力的B2买入法（10.6晚八）"	"M7"	"消费"	"3"
"20251006三大高爆发力的B2买入法（10.6晚八）"	"M7"	"算力"	"2"
"20251006三大高爆发力的B2买入法（10.6晚八）"	"M7"	"新能源"	"1"
"20251006三大高爆发力的B2买入法（10.6晚八）"	"M7"	"有色"	"2"
"20251006三大高爆发力的B2买入法（10.6晚八）"	"M7"	"券商"	"5"
"20251006三大高爆发力的B2买入法（10.6晚八）"	"M8"	"摸底"	"1"
"20251006三大高爆发力的B2买入法（10.6晚八）"	"M8"	"复盘"	"1"
"20251006三大高爆发力的B2买入法（10.6晚八）"	"M8"	"补课"	"1"
"20251006三大高爆发力的B2买入法（10.6晚八）"	"M8"	"案例"	"35"
"20251006三大高爆发力的B2买入法（10.6晚八）"	"M9"	"闲聊"	"7"
"20251006三大高爆发力的B2买入法（10.6晚八）"	"M9"	"聊天"	"3"
"20251006三大高爆发力的B2买入法（10.6晚八）"	"M9"	"生活"	"3"
"20251006三大高爆发力的B2买入法（10.6晚八）"	"M9"	"足球"	"2"
"20251006三大高爆发力的B2买入法（10.6晚八）"	"M10"	"人生"	"1"
"20251006三大高爆发力的B2买入法（10.6晚八）"	"M10"	"商业"	"2"
"20251006三大高爆发力的B2买入法（10.6晚八）"	"M10"	"领导"	"1"
"20251006三大高爆发力的B2买入法（10.6晚八）"	"M10"	"管理"	"10"
"20251006三大高爆发力的B2买入法（10.6晚八）"	"M10"	"决策"	"1"
"20251009闲聊"	"M0"	"只卖不买"	"2"
"20251009闲聊"	"M1"	"(?<!S)B1(?![0-9])"	"16"
"20251009闲聊"	"M1"	"(?<!S)B2(?![0-9])"	"12"
"20251009闲聊"	"M1"	"(?<!S)B3(?![0-9])"	"5"
"20251009闲聊"	"M1"	"买点"	"4"
"20251009闲聊"	"M2"	"止损"	"6"
"20251009闲聊"	"M2"	"放飞"	"3"
"20251009闲聊"	"M3"	"阶梯量"	"3"
"20251009闲聊"	"M3"	"白线"	"4"
"20251009闲聊"	"M3"	"黄线"	"14"
"20251009闲聊"	"M3"	"出货"	"9"
"20251009闲聊"	"M4"	"倍量柱"	"1"
"20251009闲聊"	"M4"	"筹码"	"1"
"20251009闲聊"	"M4"	"N型"	"1"
"20251009闲聊"	"M6"	"情绪"	"1"
"20251009闲聊"	"M7"	"产业"	"1"
"20251009闲聊"	"M7"	"宏观"	"1"
"20251009闲聊"	"M7"	"政策"	"1"
"20251009闲聊"	"M7"	"创新药"	"1"
"20251009闲聊"	"M7"	"券商"	"3"
"20251009闲聊"	"M8"	"案例"	"1"
"20251009闲聊"	"M9"	"闲聊"	"1"
"20251009闲聊"	"M10"	"管理"	"1"
"20251012川子又来搞事情了？（周日晚八）"	"M0"	"活跃市值"	"21"
"20251012川子又来搞事情了？（周日晚八）"	"M0"	"只卖不买"	"1"
"20251012川子又来搞事情了？（周日晚八）"	"M0"	"择时"	"2"
"20251012川子又来搞事情了？（周日晚八）"	"M0"	"休息"	"3"
"20251012川子又来搞事情了？（周日晚八）"	"M1"	"(?<!S)B1(?![0-9])"	"29"
"20251012川子又来搞事情了？（周日晚八）"	"M1"	"(?<!S)B2(?![0-9])"	"7"
"20251012川子又来搞事情了？（周日晚八）"	"M1"	"买点"	"18"
"20251012川子又来搞事情了？（周日晚八）"	"M1"	"上车"	"2"
"20251012川子又来搞事情了？（周日晚八）"	"M2"	"止损"	"11"
"20251012川子又来搞事情了？（周日晚八）"	"M2"	"放飞"	"21"
"20251012川子又来搞事情了？（周日晚八）"	"M2"	"止盈"	"4"
"20251012川子又来搞事情了？（周日晚八）"	"M2"	"减仓"	"20"
"20251012川子又来搞事情了？（周日晚八）"	"M2"	"大阳线"	"5"
"20251012川子又来搞事情了？（周日晚八）"	"M3"	"(?<![A-Za-z])S1(?![0-9])"	"31"
"20251012川子又来搞事情了？（周日晚八）"	"M3"	"S一"	"2"
"20251012川子又来搞事情了？（周日晚八）"	"M3"	"破白线"	"22"
"20251012川子又来搞事情了？（周日晚八）"	"M3"	"白线"	"80"
"20251012川子又来搞事情了？（周日晚八）"	"M3"	"黄线"	"57"
"20251012川子又来搞事情了？（周日晚八）"	"M3"	"死叉"	"3"
"20251012川子又来搞事情了？（周日晚八）"	"M3"	"出货"	"54"
"20251012川子又来搞事情了？（周日晚八）"	"M3"	"逃顶"	"5"
"20251012川子又来搞事情了？（周日晚八）"	"M3"	"卖飞"	"1"
"20251012川子又来搞事情了？（周日晚八）"	"M3"	"牵牛绳"	"21"
"20251012川子又来搞事情了？（周日晚八）"	"M3"	"五种出货"	"4"
"20251012川子又来搞事情了？（周日晚八）"	"M4"	"异动"	"7"
"20251012川子又来搞事情了？（周日晚八）"	"M4"	"筹码"	"14"
"20251012川子又来搞事情了？（周日晚八）"	"M4"	"填坑"	"8"
"20251012川子又来搞事情了？（周日晚八）"	"M4"	"出坑"	"7"
"20251012川子又来搞事情了？（周日晚八）"	"M5"	"底仓"	"1"
"20251012川子又来搞事情了？（周日晚八）"	"M5"	"混沌"	"1"
"20251012川子又来搞事情了？（周日晚八）"	"M5"	"知行合一"	"5"
"20251012川子又来搞事情了？（周日晚八）"	"M5"	"纪律"	"4"
"20251012川子又来搞事情了？（周日晚八）"	"M6"	"心态"	"5"
"20251012川子又来搞事情了？（周日晚八）"	"M6"	"情绪"	"19"
"20251012川子又来搞事情了？（周日晚八）"	"M6"	"散户"	"25"
"20251012川子又来搞事情了？（周日晚八）"	"M6"	"思维"	"9"
"20251012川子又来搞事情了？（周日晚八）"	"M6"	"耐心"	"3"
"20251012川子又来搞事情了？（周日晚八）"	"M7"	"产业"	"8"
"20251012川子又来搞事情了？（周日晚八）"	"M7"	"宏观"	"2"
"20251012川子又来搞事情了？（周日晚八）"	"M7"	"政策"	"30"
"20251012川子又来搞事情了？（周日晚八）"	"M7"	"芯片"	"15"
"20251012川子又来搞事情了？（周日晚八）"	"M7"	"有色"	"1"
"20251012川子又来搞事情了？（周日晚八）"	"M7"	"券商"	"11"
"20251012川子又来搞事情了？（周日晚八）"	"M7"	"PPI"	"1"
"20251012川子又来搞事情了？（周日晚八）"	"M7"	"关税"	"2"
"20251012川子又来搞事情了？（周日晚八）"	"M7"	"美联储"	"2"
"20251012川子又来搞事情了？（周日晚八）"	"M8"	"复盘"	"1"
"20251012川子又来搞事情了？（周日晚八）"	"M8"	"作业"	"1"
"20251012川子又来搞事情了？（周日晚八）"	"M8"	"补课"	"6"
"20251012川子又来搞事情了？（周日晚八）"	"M8"	"案例"	"5"
"20251012川子又来搞事情了？（周日晚八）"	"M9"	"闲聊"	"1"
"20251012川子又来搞事情了？（周日晚八）"	"M9"	"扯淡"	"1"
"20251012川子又来搞事情了？（周日晚八）"	"M9"	"加餐"	"3"
"20251012川子又来搞事情了？（周日晚八）"	"M9"	"生活"	"1"
"20251012川子又来搞事情了？（周日晚八）"	"M9"	"足球"	"5"
"20251012川子又来搞事情了？（周日晚八）"	"M10"	"职业"	"2"
"20251012川子又来搞事情了？（周日晚八）"	"M10"	"人生"	"1"
"20251012川子又来搞事情了？（周日晚八）"	"M10"	"领导"	"4"
"20251012川子又来搞事情了？（周日晚八）"	"M10"	"管理"	"1"
"20251012川子又来搞事情了？（周日晚八）"	"M10"	"决策"	"8"
"20251015关键K的重要价值（周三晚八）"	"M1"	"(?<!S)B1(?![0-9])"	"12"
"20251015关键K的重要价值（周三晚八）"	"M1"	"(?<!S)B2(?![0-9])"	"5"
"20251015关键K的重要价值（周三晚八）"	"M1"	"(?<!S)B3(?![0-9])"	"2"
"20251015关键K的重要价值（周三晚八）"	"M1"	"B一"	"3"
"20251015关键K的重要价值（周三晚八）"	"M1"	"买点"	"15"
"20251015关键K的重要价值（周三晚八）"	"M2"	"止损"	"11"
"20251015关键K的重要价值（周三晚八）"	"M2"	"破平台"	"5"
"20251015关键K的重要价值（周三晚八）"	"M2"	"减仓"	"4"
"20251015关键K的重要价值（周三晚八）"	"M2"	"大阳线"	"6"
"20251015关键K的重要价值（周三晚八）"	"M3"	"(?<![A-Za-z])S1(?![0-9])"	"13"
"20251015关键K的重要价值（周三晚八）"	"M3"	"S一"	"9"
"20251015关键K的重要价值（周三晚八）"	"M3"	"白线"	"6"
"20251015关键K的重要价值（周三晚八）"	"M3"	"黄线"	"20"
"20251015关键K的重要价值（周三晚八）"	"M3"	"出货"	"4"
"20251015关键K的重要价值（周三晚八）"	"M3"	"牵牛绳"	"2"
"20251015关键K的重要价值（周三晚八）"	"M4"	"关键K"	"139"
"20251015关键K的重要价值（周三晚八）"	"M4"	"异动"	"2"
"20251015关键K的重要价值（周三晚八）"	"M4"	"四分之一量线"	"1"
"20251015关键K的重要价值（周三晚八）"	"M4"	"筹码"	"6"
"20251015关键K的重要价值（周三晚八）"	"M4"	"大风车"	"2"
"20251015关键K的重要价值（周三晚八）"	"M5"	"底仓"	"1"
"20251015关键K的重要价值（周三晚八）"	"M5"	"纪律"	"5"
"20251015关键K的重要价值（周三晚八）"	"M6"	"心态"	"4"
"20251015关键K的重要价值（周三晚八）"	"M6"	"情绪"	"4"
"20251015关键K的重要价值（周三晚八）"	"M6"	"散户"	"1"
"20251015关键K的重要价值（周三晚八）"	"M6"	"耐心"	"1"
"20251015关键K的重要价值（周三晚八）"	"M7"	"政策"	"3"
"20251015关键K的重要价值（周三晚八）"	"M7"	"消费"	"2"
"20251015关键K的重要价值（周三晚八）"	"M7"	"券商"	"1"
"20251015关键K的重要价值（周三晚八）"	"M8"	"考试"	"1"
"20251015关键K的重要价值（周三晚八）"	"M8"	"复盘"	"1"
"20251015关键K的重要价值（周三晚八）"	"M8"	"作业"	"4"
"20251015关键K的重要价值（周三晚八）"	"M8"	"案例"	"31"
"20251015关键K的重要价值（周三晚八）"	"M9"	"闲聊"	"3"
"20251015关键K的重要价值（周三晚八）"	"M9"	"生活"	"1"
"20251015关键K的重要价值（周三晚八）"	"M10"	"人生"	"2"
"20251015关键K的重要价值（周三晚八）"	"M10"	"管理"	"12"
"20251020枪林弹雨的十月该如何应对？（周日晚八）"	"M0"	"活跃市值"	"5"
"20251020枪林弹雨的十月该如何应对？（周日晚八）"	"M0"	"只卖不买"	"9"
"20251020枪林弹雨的十月该如何应对？（周日晚八）"	"M0"	"主线"	"7"
"20251020枪林弹雨的十月该如何应对？（周日晚八）"	"M0"	"空仓"	"1"
"20251020枪林弹雨的十月该如何应对？（周日晚八）"	"M1"	"(?<!S)B1(?![0-9])"	"14"
"20251020枪林弹雨的十月该如何应对？（周日晚八）"	"M1"	"B一"	"31"
"20251020枪林弹雨的十月该如何应对？（周日晚八）"	"M1"	"B二"	"2"
"20251020枪林弹雨的十月该如何应对？（周日晚八）"	"M1"	"单针下二十"	"1"
"20251020枪林弹雨的十月该如何应对？（周日晚八）"	"M1"	"SB一"	"2"
"20251020枪林弹雨的十月该如何应对？（周日晚八）"	"M1"	"买点"	"19"
"20251020枪林弹雨的十月该如何应对？（周日晚八）"	"M1"	"上车"	"1"
"20251020枪林弹雨的十月该如何应对？（周日晚八）"	"M2"	"止损"	"43"
"20251020枪林弹雨的十月该如何应对？（周日晚八）"	"M2"	"放飞"	"19"
"20251020枪林弹雨的十月该如何应对？（周日晚八）"	"M2"	"没涨"	"3"
"20251020枪林弹雨的十月该如何应对？（周日晚八）"	"M2"	"止盈"	"4"
"20251020枪林弹雨的十月该如何应对？（周日晚八）"	"M2"	"前低"	"9"
"20251020枪林弹雨的十月该如何应对？（周日晚八）"	"M2"	"中长阳"	"3"
"20251020枪林弹雨的十月该如何应对？（周日晚八）"	"M2"	"减仓"	"7"
"20251020枪林弹雨的十月该如何应对？（周日晚八）"	"M2"	"大阳线"	"4"
"20251020枪林弹雨的十月该如何应对？（周日晚八）"	"M3"	"(?<![A-Za-z])S1(?![0-9])"	"12"
"20251020枪林弹雨的十月该如何应对？（周日晚八）"	"M3"	"S一"	"6"
"20251020枪林弹雨的十月该如何应对？（周日晚八）"	"M3"	"滴滴"	"1"
"20251020枪林弹雨的十月该如何应对？（周日晚八）"	"M3"	"阶梯量"	"15"
"20251020枪林弹雨的十月该如何应对？（周日晚八）"	"M3"	"破白线"	"10"
"20251020枪林弹雨的十月该如何应对？（周日晚八）"	"M3"	"白线"	"58"
"20251020枪林弹雨的十月该如何应对？（周日晚八）"	"M3"	"黄线"	"90"
"20251020枪林弹雨的十月该如何应对？（周日晚八）"	"M3"	"死叉"	"14"
"20251020枪林弹雨的十月该如何应对？（周日晚八）"	"M3"	"出货"	"111"
"20251020枪林弹雨的十月该如何应对？（周日晚八）"	"M3"	"牵牛绳"	"9"
"20251020枪林弹雨的十月该如何应对？（周日晚八）"	"M3"	"五种出货"	"2"
"20251020枪林弹雨的十月该如何应对？（周日晚八）"	"M4"	"关键K"	"53"
"20251020枪林弹雨的十月该如何应对？（周日晚八）"	"M4"	"异动"	"2"
"20251020枪林弹雨的十月该如何应对？（周日晚八）"	"M4"	"筹码"	"37"
"20251020枪林弹雨的十月该如何应对？（周日晚八）"	"M4"	"N型"	"31"
"20251020枪林弹雨的十月该如何应对？（周日晚八）"	"M4"	"出坑"	"2"
"20251020枪林弹雨的十月该如何应对？（周日晚八）"	"M5"	"底仓"	"4"
"20251020枪林弹雨的十月该如何应对？（周日晚八）"	"M5"	"混沌"	"3"
"20251020枪林弹雨的十月该如何应对？（周日晚八）"	"M5"	"知行合一"	"2"
"20251020枪林弹雨的十月该如何应对？（周日晚八）"	"M5"	"纪律"	"18"
"20251020枪林弹雨的十月该如何应对？（周日晚八）"	"M6"	"心态"	"5"
"20251020枪林弹雨的十月该如何应对？（周日晚八）"	"M6"	"情绪"	"10"
"20251020枪林弹雨的十月该如何应对？（周日晚八）"	"M6"	"人性"	"3"
"20251020枪林弹雨的十月该如何应对？（周日晚八）"	"M6"	"散户"	"33"
"20251020枪林弹雨的十月该如何应对？（周日晚八）"	"M6"	"思维"	"3"
"20251020枪林弹雨的十月该如何应对？（周日晚八）"	"M6"	"恐惧"	"1"
"20251020枪林弹雨的十月该如何应对？（周日晚八）"	"M6"	"贪婪"	"1"
"20251020枪林弹雨的十月该如何应对？（周日晚八）"	"M6"	"耐心"	"1"
"20251020枪林弹雨的十月该如何应对？（周日晚八）"	"M7"	"产业"	"8"
"20251020枪林弹雨的十月该如何应对？（周日晚八）"	"M7"	"宏观"	"3"
"20251020枪林弹雨的十月该如何应对？（周日晚八）"	"M7"	"政策"	"20"
"20251020枪林弹雨的十月该如何应对？（周日晚八）"	"M7"	"消费"	"16"
"20251020枪林弹雨的十月该如何应对？（周日晚八）"	"M7"	"芯片"	"8"
"20251020枪林弹雨的十月该如何应对？（周日晚八）"	"M7"	"算力"	"1"
"20251020枪林弹雨的十月该如何应对？（周日晚八）"	"M7"	"有色"	"1"
"20251020枪林弹雨的十月该如何应对？（周日晚八）"	"M7"	"券商"	"25"
"20251020枪林弹雨的十月该如何应对？（周日晚八）"	"M8"	"复盘"	"1"
"20251020枪林弹雨的十月该如何应对？（周日晚八）"	"M8"	"案例"	"19"
"20251020枪林弹雨的十月该如何应对？（周日晚八）"	"M9"	"闲聊"	"6"
"20251020枪林弹雨的十月该如何应对？（周日晚八）"	"M9"	"聊天"	"1"
"20251020枪林弹雨的十月该如何应对？（周日晚八）"	"M9"	"生活"	"13"
"20251020枪林弹雨的十月该如何应对？（周日晚八）"	"M10"	"人生"	"4"
"20251020枪林弹雨的十月该如何应对？（周日晚八）"	"M10"	"商业"	"1"
"20251020枪林弹雨的十月该如何应对？（周日晚八）"	"M10"	"生意"	"1"
"20251020枪林弹雨的十月该如何应对？（周日晚八）"	"M10"	"职场"	"1"
"20251020枪林弹雨的十月该如何应对？（周日晚八）"	"M10"	"领导"	"1"
"20251020枪林弹雨的十月该如何应对？（周日晚八）"	"M10"	"管理"	"4"
"20251022独门对称战法看透主力真实意图（周三晚八）"	"M0"	"活跃市值"	"20"
"20251022独门对称战法看透主力真实意图（周三晚八）"	"M0"	"只卖不买"	"2"
"20251022独门对称战法看透主力真实意图（周三晚八）"	"M0"	"择时"	"3"
"20251022独门对称战法看透主力真实意图（周三晚八）"	"M0"	"主线"	"8"
"20251022独门对称战法看透主力真实意图（周三晚八）"	"M0"	"空仓"	"9"
"20251022独门对称战法看透主力真实意图（周三晚八）"	"M1"	"(?<!S)B1(?![0-9])"	"11"
"20251022独门对称战法看透主力真实意图（周三晚八）"	"M1"	"(?<!S)B2(?![0-9])"	"6"
"20251022独门对称战法看透主力真实意图（周三晚八）"	"M1"	"B一"	"27"
"20251022独门对称战法看透主力真实意图（周三晚八）"	"M1"	"B二"	"1"
"20251022独门对称战法看透主力真实意图（周三晚八）"	"M1"	"单针下二十"	"1"
"20251022独门对称战法看透主力真实意图（周三晚八）"	"M1"	"SB一"	"1"
"20251022独门对称战法看透主力真实意图（周三晚八）"	"M1"	"长安战法"	"1"
"20251022独门对称战法看透主力真实意图（周三晚八）"	"M1"	"买点"	"17"
"20251022独门对称战法看透主力真实意图（周三晚八）"	"M2"	"止损"	"16"
"20251022独门对称战法看透主力真实意图（周三晚八）"	"M2"	"放飞"	"15"
"20251022独门对称战法看透主力真实意图（周三晚八）"	"M2"	"没涨"	"4"
"20251022独门对称战法看透主力真实意图（周三晚八）"	"M2"	"前低"	"2"
"20251022独门对称战法看透主力真实意图（周三晚八）"	"M2"	"中长阳"	"2"
"20251022独门对称战法看透主力真实意图（周三晚八）"	"M2"	"大阳线"	"4"
"20251022独门对称战法看透主力真实意图（周三晚八）"	"M3"	"(?<![A-Za-z])S1(?![0-9])"	"4"
"20251022独门对称战法看透主力真实意图（周三晚八）"	"M3"	"S一"	"5"
"20251022独门对称战法看透主力真实意图（周三晚八）"	"M3"	"阶梯量"	"2"
"20251022独门对称战法看透主力真实意图（周三晚八）"	"M3"	"破白线"	"2"
"20251022独门对称战法看透主力真实意图（周三晚八）"	"M3"	"白线"	"16"
"20251022独门对称战法看透主力真实意图（周三晚八）"	"M3"	"黄线"	"14"
"20251022独门对称战法看透主力真实意图（周三晚八）"	"M3"	"出货"	"4"
"20251022独门对称战法看透主力真实意图（周三晚八）"	"M3"	"牵牛绳"	"4"
"20251022独门对称战法看透主力真实意图（周三晚八）"	"M4"	"关键K"	"13"
"20251022独门对称战法看透主力真实意图（周三晚八）"	"M4"	"异动"	"12"
"20251022独门对称战法看透主力真实意图（周三晚八）"	"M4"	"筹码"	"21"
"20251022独门对称战法看透主力真实意图（周三晚八）"	"M4"	"N型"	"24"
"20251022独门对称战法看透主力真实意图（周三晚八）"	"M4"	"对称"	"169"
"20251022独门对称战法看透主力真实意图（周三晚八）"	"M5"	"框架"	"2"
"20251022独门对称战法看透主力真实意图（周三晚八）"	"M6"	"心态"	"3"
"20251022独门对称战法看透主力真实意图（周三晚八）"	"M6"	"情绪"	"7"
"20251022独门对称战法看透主力真实意图（周三晚八）"	"M6"	"人性"	"5"
"20251022独门对称战法看透主力真实意图（周三晚八）"	"M6"	"散户"	"16"
"20251022独门对称战法看透主力真实意图（周三晚八）"	"M6"	"思维"	"7"
"20251022独门对称战法看透主力真实意图（周三晚八）"	"M6"	"耐心"	"2"
"20251022独门对称战法看透主力真实意图（周三晚八）"	"M7"	"产业"	"2"
"20251022独门对称战法看透主力真实意图（周三晚八）"	"M7"	"宏观"	"2"
"20251022独门对称战法看透主力真实意图（周三晚八）"	"M7"	"政策"	"2"
"20251022独门对称战法看透主力真实意图（周三晚八）"	"M7"	"创新药"	"2"
"20251022独门对称战法看透主力真实意图（周三晚八）"	"M7"	"芯片"	"1"
"20251022独门对称战法看透主力真实意图（周三晚八）"	"M7"	"券商"	"5"
"20251022独门对称战法看透主力真实意图（周三晚八）"	"M8"	"复盘"	"4"
"20251022独门对称战法看透主力真实意图（周三晚八）"	"M8"	"案例"	"16"
"20251022独门对称战法看透主力真实意图（周三晚八）"	"M9"	"闲聊"	"1"
"20251022独门对称战法看透主力真实意图（周三晚八）"	"M9"	"生活"	"1"
"20251022独门对称战法看透主力真实意图（周三晚八）"	"M9"	"足球"	"3"
"20251022独门对称战法看透主力真实意图（周三晚八）"	"M10"	"领导"	"2"
"20251022独门对称战法看透主力真实意图（周三晚八）"	"M10"	"管理"	"4"
"20251022独门对称战法看透主力真实意图（周三晚八）"	"M10"	"决策"	"1"
"20251027牛市里的三大散户魔咒（周日晚九半）"	"M0"	"活跃市值"	"27"
"20251027牛市里的三大散户魔咒（周日晚九半）"	"M0"	"池子"	"3"
"20251027牛市里的三大散户魔咒（周日晚九半）"	"M0"	"主线"	"1"
"20251027牛市里的三大散户魔咒（周日晚九半）"	"M0"	"休息"	"1"
"20251027牛市里的三大散户魔咒（周日晚九半）"	"M1"	"(?<!S)B1(?![0-9])"	"99"
"20251027牛市里的三大散户魔咒（周日晚九半）"	"M1"	"(?<!S)B2(?![0-9])"	"16"
"20251027牛市里的三大散户魔咒（周日晚九半）"	"M1"	"(?<!S)B3(?![0-9])"	"2"
"20251027牛市里的三大散户魔咒（周日晚九半）"	"M1"	"B一"	"15"
"20251027牛市里的三大散户魔咒（周日晚九半）"	"M1"	"B二"	"6"
"20251027牛市里的三大散户魔咒（周日晚九半）"	"M1"	"买点"	"31"
"20251027牛市里的三大散户魔咒（周日晚九半）"	"M1"	"上车"	"4"
"20251027牛市里的三大散户魔咒（周日晚九半）"	"M2"	"止损"	"42"
"20251027牛市里的三大散户魔咒（周日晚九半）"	"M2"	"放飞"	"16"
"20251027牛市里的三大散户魔咒（周日晚九半）"	"M2"	"没涨"	"2"
"20251027牛市里的三大散户魔咒（周日晚九半）"	"M2"	"止盈"	"1"
"20251027牛市里的三大散户魔咒（周日晚九半）"	"M2"	"前低"	"12"
"20251027牛市里的三大散户魔咒（周日晚九半）"	"M2"	"中长阳"	"3"
"20251027牛市里的三大散户魔咒（周日晚九半）"	"M2"	"减仓"	"6"
"20251027牛市里的三大散户魔咒（周日晚九半）"	"M2"	"中阳线"	"5"
"20251027牛市里的三大散户魔咒（周日晚九半）"	"M2"	"大阳线"	"4"
"20251027牛市里的三大散户魔咒（周日晚九半）"	"M3"	"(?<![A-Za-z])S1(?![0-9])"	"5"
"20251027牛市里的三大散户魔咒（周日晚九半）"	"M3"	"S一"	"1"
"20251027牛市里的三大散户魔咒（周日晚九半）"	"M3"	"破白线"	"4"
"20251027牛市里的三大散户魔咒（周日晚九半）"	"M3"	"白线"	"29"
"20251027牛市里的三大散户魔咒（周日晚九半）"	"M3"	"黄线"	"80"
"20251027牛市里的三大散户魔咒（周日晚九半）"	"M3"	"出货"	"5"
"20251027牛市里的三大散户魔咒（周日晚九半）"	"M3"	"牵牛绳"	"4"
"20251027牛市里的三大散户魔咒（周日晚九半）"	"M4"	"关键K"	"13"
"20251027牛市里的三大散户魔咒（周日晚九半）"	"M4"	"异动"	"1"
"20251027牛市里的三大散户魔咒（周日晚九半）"	"M4"	"筹码"	"9"
"20251027牛市里的三大散户魔咒（周日晚九半）"	"M4"	"N型"	"29"
"20251027牛市里的三大散户魔咒（周日晚九半）"	"M4"	"对称"	"189"
"20251027牛市里的三大散户魔咒（周日晚九半）"	"M4"	"填坑"	"2"
"20251027牛市里的三大散户魔咒（周日晚九半）"	"M4"	"大风车"	"4"
"20251027牛市里的三大散户魔咒（周日晚九半）"	"M5"	"底仓"	"3"
"20251027牛市里的三大散户魔咒（周日晚九半）"	"M5"	"交作业"	"1"
"20251027牛市里的三大散户魔咒（周日晚九半）"	"M5"	"肌肉记忆"	"1"
"20251027牛市里的三大散户魔咒（周日晚九半）"	"M5"	"纪律"	"8"
"20251027牛市里的三大散户魔咒（周日晚九半）"	"M6"	"心态"	"8"
"20251027牛市里的三大散户魔咒（周日晚九半）"	"M6"	"情绪"	"15"
"20251027牛市里的三大散户魔咒（周日晚九半）"	"M6"	"散户"	"62"
"20251027牛市里的三大散户魔咒（周日晚九半）"	"M6"	"魔咒"	"21"
"20251027牛市里的三大散户魔咒（周日晚九半）"	"M6"	"思维"	"3"
"20251027牛市里的三大散户魔咒（周日晚九半）"	"M6"	"恐惧"	"1"
"20251027牛市里的三大散户魔咒（周日晚九半）"	"M6"	"贪婪"	"1"
"20251027牛市里的三大散户魔咒（周日晚九半）"	"M6"	"耐心"	"7"
"20251027牛市里的三大散户魔咒（周日晚九半）"	"M7"	"产业"	"2"
"20251027牛市里的三大散户魔咒（周日晚九半）"	"M7"	"政策"	"10"
"20251027牛市里的三大散户魔咒（周日晚九半）"	"M7"	"消费"	"1"
"20251027牛市里的三大散户魔咒（周日晚九半）"	"M7"	"芯片"	"1"
"20251027牛市里的三大散户魔咒（周日晚九半）"	"M7"	"有色"	"4"
"20251027牛市里的三大散户魔咒（周日晚九半）"	"M7"	"券商"	"5"
"20251027牛市里的三大散户魔咒（周日晚九半）"	"M7"	"关税"	"3"
"20251027牛市里的三大散户魔咒（周日晚九半）"	"M8"	"复盘"	"4"
"20251027牛市里的三大散户魔咒（周日晚九半）"	"M8"	"作业"	"1"
"20251027牛市里的三大散户魔咒（周日晚九半）"	"M8"	"案例"	"56"
"20251027牛市里的三大散户魔咒（周日晚九半）"	"M9"	"聊天"	"1"
"20251027牛市里的三大散户魔咒（周日晚九半）"	"M9"	"高尔夫"	"1"
"20251027牛市里的三大散户魔咒（周日晚九半）"	"M9"	"生活"	"7"
"20251027牛市里的三大散户魔咒（周日晚九半）"	"M9"	"足球"	"10"
"20251027牛市里的三大散户魔咒（周日晚九半）"	"M10"	"职业"	"3"
"20251027牛市里的三大散户魔咒（周日晚九半）"	"M10"	"人生"	"2"
"20251027牛市里的三大散户魔咒（周日晚九半）"	"M10"	"领导"	"3"
"20251027牛市里的三大散户魔咒（周日晚九半）"	"M10"	"管理"	"12"
"20251029沉舟千帆，步步为营。（周三晚八）"	"M0"	"活跃市值"	"5"
"20251029沉舟千帆，步步为营。（周三晚八）"	"M0"	"池子"	"3"
"20251029沉舟千帆，步步为营。（周三晚八）"	"M0"	"主线"	"7"
"20251029沉舟千帆，步步为营。（周三晚八）"	"M1"	"B一"	"38"
"20251029沉舟千帆，步步为营。（周三晚八）"	"M1"	"B二"	"3"
"20251029沉舟千帆，步步为营。（周三晚八）"	"M1"	"SB一"	"1"
"20251029沉舟千帆，步步为营。（周三晚八）"	"M1"	"买点"	"4"
"20251029沉舟千帆，步步为营。（周三晚八）"	"M2"	"止损"	"12"
"20251029沉舟千帆，步步为营。（周三晚八）"	"M2"	"放飞"	"4"
"20251029沉舟千帆，步步为营。（周三晚八）"	"M2"	"减仓"	"6"
"20251029沉舟千帆，步步为营。（周三晚八）"	"M2"	"大阳线"	"1"
"20251029沉舟千帆，步步为营。（周三晚八）"	"M3"	"S一"	"2"
"20251029沉舟千帆，步步为营。（周三晚八）"	"M3"	"破白线"	"2"
"20251029沉舟千帆，步步为营。（周三晚八）"	"M3"	"白线"	"13"
"20251029沉舟千帆，步步为营。（周三晚八）"	"M3"	"黄线"	"18"
"20251029沉舟千帆，步步为营。（周三晚八）"	"M3"	"出货"	"14"
"20251029沉舟千帆，步步为营。（周三晚八）"	"M3"	"牵牛绳"	"4"
"20251029沉舟千帆，步步为营。（周三晚八）"	"M4"	"关键K"	"11"
"20251029沉舟千帆，步步为营。（周三晚八）"	"M4"	"筹码"	"5"
"20251029沉舟千帆，步步为营。（周三晚八）"	"M4"	"N型"	"5"
"20251029沉舟千帆，步步为营。（周三晚八）"	"M4"	"对称"	"50"
"20251029沉舟千帆，步步为营。（周三晚八）"	"M4"	"填坑"	"3"
"20251029沉舟千帆，步步为营。（周三晚八）"	"M4"	"圆弧底"	"1"
"20251029沉舟千帆，步步为营。（周三晚八）"	"M5"	"底仓"	"7"
"20251029沉舟千帆，步步为营。（周三晚八）"	"M6"	"心态"	"5"
"20251029沉舟千帆，步步为营。（周三晚八）"	"M6"	"情绪"	"2"
"20251029沉舟千帆，步步为营。（周三晚八）"	"M6"	"散户"	"5"
"20251029沉舟千帆，步步为营。（周三晚八）"	"M6"	"耐心"	"1"
"20251029沉舟千帆，步步为营。（周三晚八）"	"M7"	"产业"	"3"
"20251029沉舟千帆，步步为营。（周三晚八）"	"M7"	"政策"	"4"
"20251029沉舟千帆，步步为营。（周三晚八）"	"M7"	"创新药"	"9"
"20251029沉舟千帆，步步为营。（周三晚八）"	"M7"	"消费"	"12"
"20251029沉舟千帆，步步为营。（周三晚八）"	"M7"	"芯片"	"2"
"20251029沉舟千帆，步步为营。（周三晚八）"	"M7"	"算力"	"5"
"20251029沉舟千帆，步步为营。（周三晚八）"	"M7"	"新能源"	"6"
"20251029沉舟千帆，步步为营。（周三晚八）"	"M7"	"有色"	"5"
"20251029沉舟千帆，步步为营。（周三晚八）"	"M7"	"券商"	"26"
"20251029沉舟千帆，步步为营。（周三晚八）"	"M7"	"PPI"	"4"
"20251029沉舟千帆，步步为营。（周三晚八）"	"M7"	"美联储"	"1"
"20251029沉舟千帆，步步为营。（周三晚八）"	"M8"	"复盘"	"4"
"20251029沉舟千帆，步步为营。（周三晚八）"	"M9"	"闲聊"	"3"
"20251029沉舟千帆，步步为营。（周三晚八）"	"M9"	"足球"	"6"
"20251029沉舟千帆，步步为营。（周三晚八）"	"M10"	"职业"	"1"
"20251029沉舟千帆，步步为营。（周三晚八）"	"M10"	"领导"	"1"
"20251029沉舟千帆，步步为营。（周三晚八）"	"M10"	"管理"	"1"
"20251103下一个“比亚迪”在哪里？（周日晚八）"	"M0"	"活跃市值"	"9"
"20251103下一个“比亚迪”在哪里？（周日晚八）"	"M0"	"只卖不买"	"1"
"20251103下一个“比亚迪”在哪里？（周日晚八）"	"M0"	"容错"	"2"
"20251103下一个“比亚迪”在哪里？（周日晚八）"	"M0"	"池子"	"1"
"20251103下一个“比亚迪”在哪里？（周日晚八）"	"M0"	"主线"	"6"
"20251103下一个“比亚迪”在哪里？（周日晚八）"	"M0"	"备胎"	"3"
"20251103下一个“比亚迪”在哪里？（周日晚八）"	"M0"	"空仓"	"2"
"20251103下一个“比亚迪”在哪里？（周日晚八）"	"M1"	"B一"	"35"
"20251103下一个“比亚迪”在哪里？（周日晚八）"	"M1"	"买点"	"24"
"20251103下一个“比亚迪”在哪里？（周日晚八）"	"M1"	"上车"	"5"
"20251103下一个“比亚迪”在哪里？（周日晚八）"	"M2"	"止损"	"26"
"20251103下一个“比亚迪”在哪里？（周日晚八）"	"M2"	"放飞"	"10"
"20251103下一个“比亚迪”在哪里？（周日晚八）"	"M2"	"没涨"	"3"
"20251103下一个“比亚迪”在哪里？（周日晚八）"	"M2"	"盈转亏"	"3"
"20251103下一个“比亚迪”在哪里？（周日晚八）"	"M2"	"前低"	"1"
"20251103下一个“比亚迪”在哪里？（周日晚八）"	"M2"	"减仓"	"2"
"20251103下一个“比亚迪”在哪里？（周日晚八）"	"M2"	"大阳线"	"3"
"20251103下一个“比亚迪”在哪里？（周日晚八）"	"M3"	"滴滴"	"6"
"20251103下一个“比亚迪”在哪里？（周日晚八）"	"M3"	"阶梯量"	"3"
"20251103下一个“比亚迪”在哪里？（周日晚八）"	"M3"	"破白线"	"5"
"20251103下一个“比亚迪”在哪里？（周日晚八）"	"M3"	"白线"	"39"
"20251103下一个“比亚迪”在哪里？（周日晚八）"	"M3"	"黄线"	"57"
"20251103下一个“比亚迪”在哪里？（周日晚八）"	"M3"	"出货"	"28"
"20251103下一个“比亚迪”在哪里？（周日晚八）"	"M3"	"牵牛绳"	"7"
"20251103下一个“比亚迪”在哪里？（周日晚八）"	"M4"	"关键K"	"1"
"20251103下一个“比亚迪”在哪里？（周日晚八）"	"M4"	"异动"	"27"
"20251103下一个“比亚迪”在哪里？（周日晚八）"	"M4"	"四分之一量线"	"4"
"20251103下一个“比亚迪”在哪里？（周日晚八）"	"M4"	"筹码"	"59"
"20251103下一个“比亚迪”在哪里？（周日晚八）"	"M4"	"N型"	"5"
"20251103下一个“比亚迪”在哪里？（周日晚八）"	"M4"	"对称"	"25"
"20251103下一个“比亚迪”在哪里？（周日晚八）"	"M4"	"填坑"	"3"
"20251103下一个“比亚迪”在哪里？（周日晚八）"	"M5"	"框架"	"3"
"20251103下一个“比亚迪”在哪里？（周日晚八）"	"M5"	"简单化"	"1"
"20251103下一个“比亚迪”在哪里？（周日晚八）"	"M5"	"底仓"	"1"
"20251103下一个“比亚迪”在哪里？（周日晚八）"	"M5"	"知行合一"	"2"
"20251103下一个“比亚迪”在哪里？（周日晚八）"	"M5"	"肌肉记忆"	"2"
"20251103下一个“比亚迪”在哪里？（周日晚八）"	"M5"	"纪律"	"9"
"20251103下一个“比亚迪”在哪里？（周日晚八）"	"M6"	"心态"	"7"
"20251103下一个“比亚迪”在哪里？（周日晚八）"	"M6"	"情绪"	"15"
"20251103下一个“比亚迪”在哪里？（周日晚八）"	"M6"	"散户"	"42"
"20251103下一个“比亚迪”在哪里？（周日晚八）"	"M6"	"思维"	"7"
"20251103下一个“比亚迪”在哪里？（周日晚八）"	"M6"	"承受力"	"1"
"20251103下一个“比亚迪”在哪里？（周日晚八）"	"M6"	"耐心"	"1"
"20251103下一个“比亚迪”在哪里？（周日晚八）"	"M7"	"产业"	"66"
"20251103下一个“比亚迪”在哪里？（周日晚八）"	"M7"	"宏观"	"1"
"20251103下一个“比亚迪”在哪里？（周日晚八）"	"M7"	"政策"	"9"
"20251103下一个“比亚迪”在哪里？（周日晚八）"	"M7"	"创新药"	"14"
"20251103下一个“比亚迪”在哪里？（周日晚八）"	"M7"	"消费"	"3"
"20251103下一个“比亚迪”在哪里？（周日晚八）"	"M7"	"芯片"	"4"
"20251103下一个“比亚迪”在哪里？（周日晚八）"	"M7"	"算力"	"1"
"20251103下一个“比亚迪”在哪里？（周日晚八）"	"M7"	"新能源"	"13"
"20251103下一个“比亚迪”在哪里？（周日晚八）"	"M7"	"有色"	"12"
"20251103下一个“比亚迪”在哪里？（周日晚八）"	"M7"	"券商"	"9"
"20251103下一个“比亚迪”在哪里？（周日晚八）"	"M7"	"医药"	"2"
"20251103下一个“比亚迪”在哪里？（周日晚八）"	"M7"	"关税"	"1"
"20251103下一个“比亚迪”在哪里？（周日晚八）"	"M7"	"美联储"	"1"
"20251103下一个“比亚迪”在哪里？（周日晚八）"	"M8"	"考试"	"1"
"20251103下一个“比亚迪”在哪里？（周日晚八）"	"M8"	"复盘"	"5"
"20251103下一个“比亚迪”在哪里？（周日晚八）"	"M8"	"补课"	"1"
"20251103下一个“比亚迪”在哪里？（周日晚八）"	"M8"	"案例"	"10"
"20251103下一个“比亚迪”在哪里？（周日晚八）"	"M9"	"闲聊"	"8"
"20251103下一个“比亚迪”在哪里？（周日晚八）"	"M9"	"生活"	"15"
"20251103下一个“比亚迪”在哪里？（周日晚八）"	"M9"	"足球"	"3"
"20251103下一个“比亚迪”在哪里？（周日晚八）"	"M10"	"职业"	"1"
"20251103下一个“比亚迪”在哪里？（周日晚八）"	"M10"	"人生"	"4"
"20251103下一个“比亚迪”在哪里？（周日晚八）"	"M10"	"商业"	"11"
"20251103下一个“比亚迪”在哪里？（周日晚八）"	"M10"	"职场"	"2"
"20251103下一个“比亚迪”在哪里？（周日晚八）"	"M10"	"领导"	"1"
"20251103下一个“比亚迪”在哪里？（周日晚八）"	"M10"	"管理"	"3"
"20251103下一个“比亚迪”在哪里？（周日晚八）"	"M10"	"决策"	"1"
"20251105期中考试（周三晚八）"	"M0"	"活跃市值"	"7"
"20251105期中考试（周三晚八）"	"M0"	"择时"	"2"
"20251105期中考试（周三晚八）"	"M0"	"池子"	"1"
"20251105期中考试（周三晚八）"	"M0"	"主线"	"3"
"20251105期中考试（周三晚八）"	"M0"	"休息"	"5"
"20251105期中考试（周三晚八）"	"M1"	"(?<!S)B1(?![0-9])"	"19"
"20251105期中考试（周三晚八）"	"M1"	"(?<!S)B2(?![0-9])"	"9"
"20251105期中考试（周三晚八）"	"M1"	"(?<!S)B3(?![0-9])"	"1"
"20251105期中考试（周三晚八）"	"M1"	"B一"	"11"
"20251105期中考试（周三晚八）"	"M1"	"B二"	"4"
"20251105期中考试（周三晚八）"	"M1"	"买点"	"20"
"20251105期中考试（周三晚八）"	"M1"	"上车"	"1"
"20251105期中考试（周三晚八）"	"M2"	"止损"	"16"
"20251105期中考试（周三晚八）"	"M2"	"放飞"	"5"
"20251105期中考试（周三晚八）"	"M2"	"前低"	"2"
"20251105期中考试（周三晚八）"	"M2"	"减仓"	"1"
"20251105期中考试（周三晚八）"	"M2"	"大阳线"	"2"
"20251105期中考试（周三晚八）"	"M3"	"(?<![A-Za-z])S1(?![0-9])"	"11"
"20251105期中考试（周三晚八）"	"M3"	"破白线"	"5"
"20251105期中考试（周三晚八）"	"M3"	"白线"	"37"
"20251105期中考试（周三晚八）"	"M3"	"黄线"	"47"
"20251105期中考试（周三晚八）"	"M3"	"出货"	"15"
"20251105期中考试（周三晚八）"	"M3"	"卖飞"	"1"
"20251105期中考试（周三晚八）"	"M3"	"牵牛绳"	"2"
"20251105期中考试（周三晚八）"	"M4"	"关键K"	"26"
"20251105期中考试（周三晚八）"	"M4"	"异动"	"2"
"20251105期中考试（周三晚八）"	"M4"	"筹码"	"11"
"20251105期中考试（周三晚八）"	"M4"	"N型"	"2"
"20251105期中考试（周三晚八）"	"M4"	"对称"	"6"
"20251105期中考试（周三晚八）"	"M5"	"知行合一"	"1"
"20251105期中考试（周三晚八）"	"M5"	"纪律"	"5"
"20251105期中考试（周三晚八）"	"M6"	"心态"	"1"
"20251105期中考试（周三晚八）"	"M6"	"情绪"	"2"
"20251105期中考试（周三晚八）"	"M6"	"散户"	"3"
"20251105期中考试（周三晚八）"	"M6"	"恐惧"	"2"
"20251105期中考试（周三晚八）"	"M6"	"贪婪"	"2"
"20251105期中考试（周三晚八）"	"M6"	"承受力"	"1"
"20251105期中考试（周三晚八）"	"M6"	"耐心"	"1"
"20251105期中考试（周三晚八）"	"M7"	"政策"	"1"
"20251105期中考试（周三晚八）"	"M7"	"创新药"	"2"
"20251105期中考试（周三晚八）"	"M7"	"消费"	"1"
"20251105期中考试（周三晚八）"	"M7"	"有色"	"5"
"20251105期中考试（周三晚八）"	"M7"	"券商"	"6"
"20251105期中考试（周三晚八）"	"M8"	"考试"	"14"
"20251105期中考试（周三晚八）"	"M8"	"复盘"	"3"
"20251105期中考试（周三晚八）"	"M8"	"案例"	"9"
"20251105期中考试（周三晚八）"	"M9"	"闲聊"	"1"
"20251105期中考试（周三晚八）"	"M9"	"扯淡"	"1"
"20251105期中考试（周三晚八）"	"M9"	"足球"	"2"
"20251105期中考试（周三晚八）"	"M10"	"职业"	"5"
"20251105期中考试（周三晚八）"	"M10"	"人生"	"1"
"20251105期中考试（周三晚八）"	"M10"	"领导"	"4"
"20251105期中考试（周三晚八）"	"M10"	"管理"	"1"
"20251105期中考试（周三晚八）"	"M10"	"决策"	"1"
"20251110扯会儿淡~"	"M0"	"活跃市值"	"28"
"20251110扯会儿淡~"	"M0"	"只卖不买"	"11"
"20251110扯会儿淡~"	"M0"	"择时"	"7"
"20251110扯会儿淡~"	"M0"	"主线"	"19"
"20251110扯会儿淡~"	"M0"	"备胎"	"2"
"20251110扯会儿淡~"	"M0"	"答应"	"2"
"20251110扯会儿淡~"	"M0"	"空仓"	"1"
"20251110扯会儿淡~"	"M0"	"休息"	"4"
"20251110扯会儿淡~"	"M1"	"B一"	"60"
"20251110扯会儿淡~"	"M1"	"B二"	"10"
"20251110扯会儿淡~"	"M1"	"B三"	"3"
"20251110扯会儿淡~"	"M1"	"SB一"	"2"
"20251110扯会儿淡~"	"M1"	"长安战法"	"3"
"20251110扯会儿淡~"	"M1"	"买点"	"22"
"20251110扯会儿淡~"	"M1"	"上车"	"4"
"20251110扯会儿淡~"	"M2"	"止损"	"59"
"20251110扯会儿淡~"	"M2"	"放飞"	"71"
"20251110扯会儿淡~"	"M2"	"没涨"	"1"
"20251110扯会儿淡~"	"M2"	"赢转亏"	"4"
"20251110扯会儿淡~"	"M2"	"盈转亏"	"2"
"20251110扯会儿淡~"	"M2"	"止盈"	"8"
"20251110扯会儿淡~"	"M2"	"破平台"	"1"
"20251110扯会儿淡~"	"M2"	"前低"	"5"
"20251110扯会儿淡~"	"M2"	"减仓"	"14"
"20251110扯会儿淡~"	"M2"	"大阳线"	"4"
"20251110扯会儿淡~"	"M3"	"(?<![A-Za-z])S1(?![0-9])"	"2"
"20251110扯会儿淡~"	"M3"	"S一"	"3"
"20251110扯会儿淡~"	"M3"	"破白线"	"6"
"20251110扯会儿淡~"	"M3"	"白线"	"34"
"20251110扯会儿淡~"	"M3"	"黄线"	"48"
"20251110扯会儿淡~"	"M3"	"出货"	"18"
"20251110扯会儿淡~"	"M3"	"逃顶"	"3"
"20251110扯会儿淡~"	"M3"	"牵牛绳"	"4"
"20251110扯会儿淡~"	"M4"	"关键K"	"5"
"20251110扯会儿淡~"	"M4"	"异动"	"3"
"20251110扯会儿淡~"	"M4"	"筹码"	"11"
"20251110扯会儿淡~"	"M4"	"N型"	"5"
"20251110扯会儿淡~"	"M4"	"对称"	"32"
"20251110扯会儿淡~"	"M5"	"框架"	"2"
"20251110扯会儿淡~"	"M5"	"底仓"	"5"
"20251110扯会儿淡~"	"M5"	"知行合一"	"3"
"20251110扯会儿淡~"	"M5"	"纪律"	"33"
"20251110扯会儿淡~"	"M6"	"心态"	"3"
"20251110扯会儿淡~"	"M6"	"情绪"	"17"
"20251110扯会儿淡~"	"M6"	"散户"	"14"
"20251110扯会儿淡~"	"M6"	"思维"	"8"
"20251110扯会儿淡~"	"M6"	"恐惧"	"1"
"20251110扯会儿淡~"	"M7"	"产业"	"5"
"20251110扯会儿淡~"	"M7"	"宏观"	"8"
"20251110扯会儿淡~"	"M7"	"政策"	"8"
"20251110扯会儿淡~"	"M7"	"创新药"	"1"
"20251110扯会儿淡~"	"M7"	"消费"	"3"
"20251110扯会儿淡~"	"M7"	"新能源"	"4"
"20251110扯会儿淡~"	"M7"	"有色"	"48"
"20251110扯会儿淡~"	"M7"	"券商"	"57"
"20251110扯会儿淡~"	"M7"	"PPI"	"4"
"20251110扯会儿淡~"	"M7"	"美联储"	"1"
"20251110扯会儿淡~"	"M8"	"考试"	"6"
"20251110扯会儿淡~"	"M8"	"复盘"	"6"
"20251110扯会儿淡~"	"M8"	"案例"	"19"
"20251110扯会儿淡~"	"M9"	"闲聊"	"5"
"20251110扯会儿淡~"	"M9"	"扯淡"	"2"
"20251110扯会儿淡~"	"M9"	"生活"	"7"
"20251110扯会儿淡~"	"M9"	"足球"	"1"
"20251110扯会儿淡~"	"M10"	"职业"	"7"
"20251110扯会儿淡~"	"M10"	"人生"	"3"
"20251110扯会儿淡~"	"M10"	"商业"	"2"
"20251110扯会儿淡~"	"M10"	"领导"	"2"
"20251110扯会儿淡~"	"M10"	"管理"	"2"
"20251110扯会儿淡~"	"M10"	"决策"	"3"
"20251112仓位管理如何大幅提升赚钱效率（周三晚8）"	"M0"	"活跃市值"	"6"
"20251112仓位管理如何大幅提升赚钱效率（周三晚8）"	"M0"	"只卖不买"	"1"
"20251112仓位管理如何大幅提升赚钱效率（周三晚8）"	"M0"	"池子"	"6"
"20251112仓位管理如何大幅提升赚钱效率（周三晚8）"	"M1"	"(?<!S)B1(?![0-9])"	"35"
"20251112仓位管理如何大幅提升赚钱效率（周三晚8）"	"M1"	"(?<!S)B2(?![0-9])"	"1"
"20251112仓位管理如何大幅提升赚钱效率（周三晚8）"	"M1"	"(?<!S)B3(?![0-9])"	"1"
"20251112仓位管理如何大幅提升赚钱效率（周三晚8）"	"M1"	"B一"	"32"
"20251112仓位管理如何大幅提升赚钱效率（周三晚8）"	"M1"	"B二"	"1"
"20251112仓位管理如何大幅提升赚钱效率（周三晚8）"	"M1"	"买点"	"15"
"20251112仓位管理如何大幅提升赚钱效率（周三晚8）"	"M1"	"上车"	"2"
"20251112仓位管理如何大幅提升赚钱效率（周三晚8）"	"M2"	"止损"	"62"
"20251112仓位管理如何大幅提升赚钱效率（周三晚8）"	"M2"	"放飞"	"34"
"20251112仓位管理如何大幅提升赚钱效率（周三晚8）"	"M2"	"没涨"	"2"
"20251112仓位管理如何大幅提升赚钱效率（周三晚8）"	"M2"	"赢转亏"	"2"
"20251112仓位管理如何大幅提升赚钱效率（周三晚8）"	"M2"	"止盈"	"10"
"20251112仓位管理如何大幅提升赚钱效率（周三晚8）"	"M2"	"前低"	"7"
"20251112仓位管理如何大幅提升赚钱效率（周三晚8）"	"M2"	"减仓"	"14"
"20251112仓位管理如何大幅提升赚钱效率（周三晚8）"	"M2"	"大阳线"	"4"
"20251112仓位管理如何大幅提升赚钱效率（周三晚8）"	"M3"	"(?<![A-Za-z])S1(?![0-9])"	"6"
"20251112仓位管理如何大幅提升赚钱效率（周三晚8）"	"M3"	"S一"	"5"
"20251112仓位管理如何大幅提升赚钱效率（周三晚8）"	"M3"	"滴滴"	"17"
"20251112仓位管理如何大幅提升赚钱效率（周三晚8）"	"M3"	"破白线"	"5"
"20251112仓位管理如何大幅提升赚钱效率（周三晚8）"	"M3"	"白线"	"22"
"20251112仓位管理如何大幅提升赚钱效率（周三晚8）"	"M3"	"黄线"	"26"
"20251112仓位管理如何大幅提升赚钱效率（周三晚8）"	"M3"	"死叉"	"5"
"20251112仓位管理如何大幅提升赚钱效率（周三晚8）"	"M3"	"出货"	"20"
"20251112仓位管理如何大幅提升赚钱效率（周三晚8）"	"M3"	"逃顶"	"3"
"20251112仓位管理如何大幅提升赚钱效率（周三晚8）"	"M3"	"卖飞"	"6"
"20251112仓位管理如何大幅提升赚钱效率（周三晚8）"	"M3"	"牵牛绳"	"7"
"20251112仓位管理如何大幅提升赚钱效率（周三晚8）"	"M4"	"关键K"	"7"
"20251112仓位管理如何大幅提升赚钱效率（周三晚8）"	"M4"	"筹码"	"2"
"20251112仓位管理如何大幅提升赚钱效率（周三晚8）"	"M4"	"N型"	"9"
"20251112仓位管理如何大幅提升赚钱效率（周三晚8）"	"M4"	"对称"	"4"
"20251112仓位管理如何大幅提升赚钱效率（周三晚8）"	"M4"	"出坑"	"1"
"20251112仓位管理如何大幅提升赚钱效率（周三晚8）"	"M5"	"简单化"	"1"
"20251112仓位管理如何大幅提升赚钱效率（周三晚8）"	"M5"	"知行合一"	"2"
"20251112仓位管理如何大幅提升赚钱效率（周三晚8）"	"M5"	"纪律"	"32"
"20251112仓位管理如何大幅提升赚钱效率（周三晚8）"	"M6"	"心态"	"10"
"20251112仓位管理如何大幅提升赚钱效率（周三晚8）"	"M6"	"情绪"	"3"
"20251112仓位管理如何大幅提升赚钱效率（周三晚8）"	"M6"	"散户"	"22"
"20251112仓位管理如何大幅提升赚钱效率（周三晚8）"	"M6"	"承受力"	"1"
"20251112仓位管理如何大幅提升赚钱效率（周三晚8）"	"M6"	"耐心"	"1"
"20251112仓位管理如何大幅提升赚钱效率（周三晚8）"	"M7"	"产业"	"1"
"20251112仓位管理如何大幅提升赚钱效率（周三晚8）"	"M7"	"宏观"	"2"
"20251112仓位管理如何大幅提升赚钱效率（周三晚8）"	"M7"	"政策"	"3"
"20251112仓位管理如何大幅提升赚钱效率（周三晚8）"	"M7"	"创新药"	"1"
"20251112仓位管理如何大幅提升赚钱效率（周三晚8）"	"M7"	"消费"	"2"
"20251112仓位管理如何大幅提升赚钱效率（周三晚8）"	"M7"	"新能源"	"1"
"20251112仓位管理如何大幅提升赚钱效率（周三晚8）"	"M7"	"有色"	"6"
"20251112仓位管理如何大幅提升赚钱效率（周三晚8）"	"M7"	"券商"	"19"
"20251112仓位管理如何大幅提升赚钱效率（周三晚8）"	"M7"	"医药"	"2"
"20251112仓位管理如何大幅提升赚钱效率（周三晚8）"	"M8"	"复盘"	"3"
"20251112仓位管理如何大幅提升赚钱效率（周三晚8）"	"M8"	"作业"	"1"
"20251112仓位管理如何大幅提升赚钱效率（周三晚8）"	"M8"	"补课"	"2"
"20251112仓位管理如何大幅提升赚钱效率（周三晚8）"	"M8"	"案例"	"11"
"20251112仓位管理如何大幅提升赚钱效率（周三晚8）"	"M9"	"闲聊"	"1"
"20251112仓位管理如何大幅提升赚钱效率（周三晚8）"	"M9"	"足球"	"1"
"20251112仓位管理如何大幅提升赚钱效率（周三晚8）"	"M10"	"管理"	"14"
"20251116重点板块视察~"	"M0"	"活跃市值"	"2"
"20251116重点板块视察~"	"M0"	"择时"	"1"
"20251116重点板块视察~"	"M0"	"主线"	"1"
"20251116重点板块视察~"	"M0"	"休息"	"1"
"20251116重点板块视察~"	"M1"	"B一"	"5"
"20251116重点板块视察~"	"M1"	"买点"	"2"
"20251116重点板块视察~"	"M2"	"止损"	"7"
"20251116重点板块视察~"	"M2"	"放飞"	"7"
"20251116重点板块视察~"	"M2"	"止盈"	"2"
"20251116重点板块视察~"	"M2"	"前低"	"1"
"20251116重点板块视察~"	"M2"	"减仓"	"8"
"20251116重点板块视察~"	"M2"	"中阳线"	"1"
"20251116重点板块视察~"	"M3"	"阶梯量"	"2"
"20251116重点板块视察~"	"M3"	"破白线"	"2"
"20251116重点板块视察~"	"M3"	"白线"	"14"
"20251116重点板块视察~"	"M3"	"黄线"	"7"
"20251116重点板块视察~"	"M3"	"出货"	"6"
"20251116重点板块视察~"	"M4"	"关键K"	"2"
"20251116重点板块视察~"	"M4"	"筹码"	"3"
"20251116重点板块视察~"	"M4"	"对称"	"3"
"20251116重点板块视察~"	"M5"	"底仓"	"1"
"20251116重点板块视察~"	"M5"	"纪律"	"2"
"20251116重点板块视察~"	"M6"	"心态"	"1"
"20251116重点板块视察~"	"M6"	"情绪"	"1"
"20251116重点板块视察~"	"M6"	"散户"	"3"
"20251116重点板块视察~"	"M7"	"产业"	"1"
"20251116重点板块视察~"	"M7"	"芯片"	"3"
"20251116重点板块视察~"	"M7"	"算力"	"1"
"20251116重点板块视察~"	"M7"	"新能源"	"1"
"20251116重点板块视察~"	"M7"	"有色"	"2"
"20251116重点板块视察~"	"M7"	"券商"	"10"
"20251116重点板块视察~"	"M7"	"美联储"	"2"
"20251116重点板块视察~"	"M9"	"闲聊"	"2"
"20251116重点板块视察~"	"M10"	"管理"	"4"
"20251119为你的“知行合一账户”充值～（周三晚八）"	"M0"	"活跃市值"	"9"
"20251119为你的“知行合一账户”充值～（周三晚八）"	"M0"	"只卖不买"	"6"
"20251119为你的“知行合一账户”充值～（周三晚八）"	"M0"	"支线"	"1"
"20251119为你的“知行合一账户”充值～（周三晚八）"	"M0"	"空仓"	"1"
"20251119为你的“知行合一账户”充值～（周三晚八）"	"M1"	"(?<!S)B1(?![0-9])"	"23"
"20251119为你的“知行合一账户”充值～（周三晚八）"	"M1"	"(?<!S)B2(?![0-9])"	"2"
"20251119为你的“知行合一账户”充值～（周三晚八）"	"M1"	"(?<!S)B3(?![0-9])"	"1"
"20251119为你的“知行合一账户”充值～（周三晚八）"	"M1"	"B一"	"32"
"20251119为你的“知行合一账户”充值～（周三晚八）"	"M1"	"B二"	"3"
"20251119为你的“知行合一账户”充值～（周三晚八）"	"M1"	"买点"	"12"
"20251119为你的“知行合一账户”充值～（周三晚八）"	"M1"	"上车"	"1"
"20251119为你的“知行合一账户”充值～（周三晚八）"	"M2"	"止损"	"35"
"20251119为你的“知行合一账户”充值～（周三晚八）"	"M2"	"放飞"	"28"
"20251119为你的“知行合一账户”充值～（周三晚八）"	"M2"	"前低"	"2"
"20251119为你的“知行合一账户”充值～（周三晚八）"	"M2"	"减仓"	"2"
"20251119为你的“知行合一账户”充值～（周三晚八）"	"M2"	"大阳线"	"5"
"20251119为你的“知行合一账户”充值～（周三晚八）"	"M3"	"S一"	"4"
"20251119为你的“知行合一账户”充值～（周三晚八）"	"M3"	"滴滴"	"1"
"20251119为你的“知行合一账户”充值～（周三晚八）"	"M3"	"破白线"	"3"
"20251119为你的“知行合一账户”充值～（周三晚八）"	"M3"	"白线"	"21"
"20251119为你的“知行合一账户”充值～（周三晚八）"	"M3"	"黄线"	"43"
"20251119为你的“知行合一账户”充值～（周三晚八）"	"M3"	"死叉"	"2"
"20251119为你的“知行合一账户”充值～（周三晚八）"	"M3"	"出货"	"6"
"20251119为你的“知行合一账户”充值～（周三晚八）"	"M3"	"牵牛绳"	"3"
"20251119为你的“知行合一账户”充值～（周三晚八）"	"M4"	"异动"	"12"
"20251119为你的“知行合一账户”充值～（周三晚八）"	"M4"	"筹码"	"9"
"20251119为你的“知行合一账户”充值～（周三晚八）"	"M4"	"N型"	"5"
"20251119为你的“知行合一账户”充值～（周三晚八）"	"M4"	"对称"	"6"
"20251119为你的“知行合一账户”充值～（周三晚八）"	"M4"	"出坑"	"1"
"20251119为你的“知行合一账户”充值～（周三晚八）"	"M5"	"底仓"	"3"
"20251119为你的“知行合一账户”充值～（周三晚八）"	"M5"	"知行合一"	"20"
"20251119为你的“知行合一账户”充值～（周三晚八）"	"M5"	"肌肉记忆"	"1"
"20251119为你的“知行合一账户”充值～（周三晚八）"	"M5"	"纪律"	"13"
"20251119为你的“知行合一账户”充值～（周三晚八）"	"M6"	"心态"	"1"
"20251119为你的“知行合一账户”充值～（周三晚八）"	"M6"	"情绪"	"5"
"20251119为你的“知行合一账户”充值～（周三晚八）"	"M6"	"散户"	"13"
"20251119为你的“知行合一账户”充值～（周三晚八）"	"M7"	"消费"	"2"
"20251119为你的“知行合一账户”充值～（周三晚八）"	"M7"	"算力"	"2"
"20251119为你的“知行合一账户”充值～（周三晚八）"	"M7"	"新能源"	"2"
"20251119为你的“知行合一账户”充值～（周三晚八）"	"M7"	"有色"	"2"
"20251119为你的“知行合一账户”充值～（周三晚八）"	"M7"	"券商"	"7"
"20251119为你的“知行合一账户”充值～（周三晚八）"	"M7"	"医药"	"2"
"20251119为你的“知行合一账户”充值～（周三晚八）"	"M8"	"考试"	"1"
"20251119为你的“知行合一账户”充值～（周三晚八）"	"M8"	"复盘"	"4"
"20251119为你的“知行合一账户”充值～（周三晚八）"	"M8"	"案例"	"13"
"20251119为你的“知行合一账户”充值～（周三晚八）"	"M9"	"生活"	"2"
"20251119为你的“知行合一账户”充值～（周三晚八）"	"M10"	"职业"	"3"
"20251119为你的“知行合一账户”充值～（周三晚八）"	"M10"	"商业"	"1"
"20251119为你的“知行合一账户”充值～（周三晚八）"	"M10"	"管理"	"1"
"20251123蛋比时间~"	"M0"	"活跃市值"	"4"
"20251123蛋比时间~"	"M0"	"池子"	"5"
"20251123蛋比时间~"	"M0"	"主线"	"2"
"20251123蛋比时间~"	"M0"	"支线"	"1"
"20251123蛋比时间~"	"M0"	"空仓"	"2"
"20251123蛋比时间~"	"M1"	"(?<!S)B1(?![0-9])"	"12"
"20251123蛋比时间~"	"M1"	"(?<!S)B2(?![0-9])"	"3"
"20251123蛋比时间~"	"M1"	"上车"	"1"
"20251123蛋比时间~"	"M2"	"止损"	"11"
"20251123蛋比时间~"	"M2"	"放飞"	"8"
"20251123蛋比时间~"	"M2"	"赢转亏"	"2"
"20251123蛋比时间~"	"M2"	"止盈"	"2"
"20251123蛋比时间~"	"M2"	"破平台"	"1"
"20251123蛋比时间~"	"M2"	"减仓"	"5"
"20251123蛋比时间~"	"M3"	"(?<![A-Za-z])S1(?![0-9])"	"3"
"20251123蛋比时间~"	"M3"	"滴滴"	"2"
"20251123蛋比时间~"	"M3"	"白线"	"5"
"20251123蛋比时间~"	"M3"	"黄线"	"20"
"20251123蛋比时间~"	"M3"	"出货"	"4"
"20251123蛋比时间~"	"M3"	"牵牛绳"	"2"
"20251123蛋比时间~"	"M4"	"筹码"	"6"
"20251123蛋比时间~"	"M4"	"N型"	"3"
"20251123蛋比时间~"	"M4"	"填坑"	"1"
"20251123蛋比时间~"	"M5"	"纪律"	"7"
"20251123蛋比时间~"	"M6"	"情绪"	"3"
"20251123蛋比时间~"	"M6"	"散户"	"6"
"20251123蛋比时间~"	"M6"	"恐惧"	"1"
"20251123蛋比时间~"	"M6"	"耐心"	"2"
"20251123蛋比时间~"	"M7"	"宏观"	"1"
"20251123蛋比时间~"	"M7"	"政策"	"11"
"20251123蛋比时间~"	"M7"	"新能源"	"2"
"20251123蛋比时间~"	"M7"	"券商"	"4"
"20251123蛋比时间~"	"M7"	"关税"	"1"
"20251123蛋比时间~"	"M8"	"考试"	"1"
"20251123蛋比时间~"	"M8"	"案例"	"1"
"20251123蛋比时间~"	"M9"	"闲聊"	"1"
"20251123蛋比时间~"	"M9"	"生活"	"2"
"20251123蛋比时间~"	"M10"	"生意"	"1"
"20251123蛋比时间~"	"M10"	"决策"	"2"
"20251126Z家军之每日5步极简工作流精讲（三晚8）"	"M0"	"活跃市值"	"7"
"20251126Z家军之每日5步极简工作流精讲（三晚8）"	"M0"	"空头区间"	"1"
"20251126Z家军之每日5步极简工作流精讲（三晚8）"	"M0"	"择时"	"13"
"20251126Z家军之每日5步极简工作流精讲（三晚8）"	"M0"	"主线"	"7"
"20251126Z家军之每日5步极简工作流精讲（三晚8）"	"M0"	"备胎"	"1"
"20251126Z家军之每日5步极简工作流精讲（三晚8）"	"M0"	"空仓"	"2"
"20251126Z家军之每日5步极简工作流精讲（三晚8）"	"M0"	"休息"	"4"
"20251126Z家军之每日5步极简工作流精讲（三晚8）"	"M1"	"(?<!S)B1(?![0-9])"	"13"
"20251126Z家军之每日5步极简工作流精讲（三晚8）"	"M1"	"(?<!S)B2(?![0-9])"	"8"
"20251126Z家军之每日5步极简工作流精讲（三晚8）"	"M1"	"(?<!S)B3(?![0-9])"	"5"
"20251126Z家军之每日5步极简工作流精讲（三晚8）"	"M1"	"B一"	"20"
"20251126Z家军之每日5步极简工作流精讲（三晚8）"	"M1"	"B二"	"7"
"20251126Z家军之每日5步极简工作流精讲（三晚8）"	"M1"	"买点"	"15"
"20251126Z家军之每日5步极简工作流精讲（三晚8）"	"M1"	"上车"	"3"
"20251126Z家军之每日5步极简工作流精讲（三晚8）"	"M2"	"止损"	"28"
"20251126Z家军之每日5步极简工作流精讲（三晚8）"	"M2"	"放飞"	"21"
"20251126Z家军之每日5步极简工作流精讲（三晚8）"	"M2"	"赢转亏"	"1"
"20251126Z家军之每日5步极简工作流精讲（三晚8）"	"M2"	"盈转亏"	"1"
"20251126Z家军之每日5步极简工作流精讲（三晚8）"	"M2"	"止盈"	"4"
"20251126Z家军之每日5步极简工作流精讲（三晚8）"	"M2"	"前低"	"2"
"20251126Z家军之每日5步极简工作流精讲（三晚8）"	"M2"	"减仓"	"1"
"20251126Z家军之每日5步极简工作流精讲（三晚8）"	"M2"	"大阳线"	"1"
"20251126Z家军之每日5步极简工作流精讲（三晚8）"	"M3"	"(?<![A-Za-z])S1(?![0-9])"	"2"
"20251126Z家军之每日5步极简工作流精讲（三晚8）"	"M3"	"S一"	"2"
"20251126Z家军之每日5步极简工作流精讲（三晚8）"	"M3"	"滴滴"	"7"
"20251126Z家军之每日5步极简工作流精讲（三晚8）"	"M3"	"阶梯量"	"5"
"20251126Z家军之每日5步极简工作流精讲（三晚8）"	"M3"	"破白线"	"5"
"20251126Z家军之每日5步极简工作流精讲（三晚8）"	"M3"	"白线"	"18"
"20251126Z家军之每日5步极简工作流精讲（三晚8）"	"M3"	"黄线"	"18"
"20251126Z家军之每日5步极简工作流精讲（三晚8）"	"M3"	"出货"	"16"
"20251126Z家军之每日5步极简工作流精讲（三晚8）"	"M3"	"牵牛绳"	"1"
"20251126Z家军之每日5步极简工作流精讲（三晚8）"	"M4"	"关键K"	"6"
"20251126Z家军之每日5步极简工作流精讲（三晚8）"	"M4"	"暴力K"	"1"
"20251126Z家军之每日5步极简工作流精讲（三晚8）"	"M4"	"异动"	"5"
"20251126Z家军之每日5步极简工作流精讲（三晚8）"	"M4"	"筹码"	"11"
"20251126Z家军之每日5步极简工作流精讲（三晚8）"	"M4"	"N型"	"10"
"20251126Z家军之每日5步极简工作流精讲（三晚8）"	"M4"	"填坑"	"3"
"20251126Z家军之每日5步极简工作流精讲（三晚8）"	"M5"	"底仓"	"4"
"20251126Z家军之每日5步极简工作流精讲（三晚8）"	"M5"	"纪律"	"2"
"20251126Z家军之每日5步极简工作流精讲（三晚8）"	"M6"	"心态"	"1"
"20251126Z家军之每日5步极简工作流精讲（三晚8）"	"M6"	"情绪"	"2"
"20251126Z家军之每日5步极简工作流精讲（三晚8）"	"M6"	"散户"	"6"
"20251126Z家军之每日5步极简工作流精讲（三晚8）"	"M6"	"思维"	"1"
"20251126Z家军之每日5步极简工作流精讲（三晚8）"	"M6"	"恐惧"	"1"
"20251126Z家军之每日5步极简工作流精讲（三晚8）"	"M7"	"产业"	"2"
"20251126Z家军之每日5步极简工作流精讲（三晚8）"	"M7"	"宏观"	"1"
"20251126Z家军之每日5步极简工作流精讲（三晚8）"	"M7"	"政策"	"6"
"20251126Z家军之每日5步极简工作流精讲（三晚8）"	"M7"	"消费"	"3"
"20251126Z家军之每日5步极简工作流精讲（三晚8）"	"M7"	"芯片"	"3"
"20251126Z家军之每日5步极简工作流精讲（三晚8）"	"M8"	"复盘"	"12"
"20251126Z家军之每日5步极简工作流精讲（三晚8）"	"M8"	"精讲"	"1"
"20251126Z家军之每日5步极简工作流精讲（三晚8）"	"M8"	"案例"	"14"
"20251126Z家军之每日5步极简工作流精讲（三晚8）"	"M9"	"闲聊"	"6"
"20251126Z家军之每日5步极简工作流精讲（三晚8）"	"M9"	"高尔夫"	"4"
"20251126Z家军之每日5步极简工作流精讲（三晚8）"	"M9"	"生活"	"2"
"20251126Z家军之每日5步极简工作流精讲（三晚8）"	"M10"	"职业"	"8"
"20251126Z家军之每日5步极简工作流精讲（三晚8）"	"M10"	"管理"	"3"
"20251126Z家军之每日5步极简工作流精讲（三晚8）"	"M10"	"决策"	"2"
"20251201msfdc~"	"M0"	"活跃市值"	"1"
"20251201msfdc~"	"M0"	"择时"	"2"
"20251201msfdc~"	"M1"	"B一"	"11"
"20251201msfdc~"	"M1"	"B二"	"1"
"20251201msfdc~"	"M1"	"B三"	"1"
"20251201msfdc~"	"M1"	"买点"	"1"
"20251201msfdc~"	"M1"	"上车"	"1"
"20251201msfdc~"	"M2"	"止损"	"3"
"20251201msfdc~"	"M2"	"放飞"	"5"
"20251201msfdc~"	"M3"	"破白线"	"3"
"20251201msfdc~"	"M3"	"白线"	"8"
"20251201msfdc~"	"M3"	"黄线"	"12"
"20251201msfdc~"	"M3"	"死叉"	"3"
"20251201msfdc~"	"M4"	"关键K"	"2"
"20251201msfdc~"	"M4"	"异动"	"3"
"20251201msfdc~"	"M4"	"筹码"	"1"
"20251201msfdc~"	"M4"	"N型"	"4"
"20251201msfdc~"	"M4"	"对称"	"1"
"20251201msfdc~"	"M4"	"填坑"	"1"
"20251201msfdc~"	"M6"	"情绪"	"1"
"20251201msfdc~"	"M7"	"消费"	"1"
"20251201msfdc~"	"M7"	"AIDC"	"1"
"20251201msfdc~"	"M7"	"算力"	"5"
"20251201msfdc~"	"M7"	"券商"	"1"
"20251201msfdc~"	"M8"	"复盘"	"2"
"20251201msfdc~"	"M9"	"高尔夫"	"1"
"20251201msfdc~"	"M9"	"生活"	"1"
"20251201msfdc~"	"M10"	"人生"	"1"
"20251203交易中如何调整“手紧手松”？（周三晚八）"	"M0"	"活跃市值"	"11"
"20251203交易中如何调整“手紧手松”？（周三晚八）"	"M0"	"空头区间"	"1"
"20251203交易中如何调整“手紧手松”？（周三晚八）"	"M0"	"只卖不买"	"3"
"20251203交易中如何调整“手紧手松”？（周三晚八）"	"M0"	"择时"	"3"
"20251203交易中如何调整“手紧手松”？（周三晚八）"	"M0"	"容错"	"2"
"20251203交易中如何调整“手紧手松”？（周三晚八）"	"M0"	"空仓"	"1"
"20251203交易中如何调整“手紧手松”？（周三晚八）"	"M0"	"休息"	"3"
"20251203交易中如何调整“手紧手松”？（周三晚八）"	"M1"	"(?<!S)B1(?![0-9])"	"38"
"20251203交易中如何调整“手紧手松”？（周三晚八）"	"M1"	"(?<!S)B2(?![0-9])"	"4"
"20251203交易中如何调整“手紧手松”？（周三晚八）"	"M1"	"(?<!S)B3(?![0-9])"	"3"
"20251203交易中如何调整“手紧手松”？（周三晚八）"	"M2"	"止损"	"39"
"20251203交易中如何调整“手紧手松”？（周三晚八）"	"M2"	"放飞"	"14"
"20251203交易中如何调整“手紧手松”？（周三晚八）"	"M2"	"没涨"	"4"
"20251203交易中如何调整“手紧手松”？（周三晚八）"	"M2"	"盈转亏"	"3"
"20251203交易中如何调整“手紧手松”？（周三晚八）"	"M2"	"止盈"	"5"
"20251203交易中如何调整“手紧手松”？（周三晚八）"	"M2"	"前低"	"3"
"20251203交易中如何调整“手紧手松”？（周三晚八）"	"M2"	"减仓"	"2"
"20251203交易中如何调整“手紧手松”？（周三晚八）"	"M2"	"大阳线"	"1"
"20251203交易中如何调整“手紧手松”？（周三晚八）"	"M3"	"滴滴"	"3"
"20251203交易中如何调整“手紧手松”？（周三晚八）"	"M3"	"阶梯量"	"2"
"20251203交易中如何调整“手紧手松”？（周三晚八）"	"M3"	"破白线"	"8"
"20251203交易中如何调整“手紧手松”？（周三晚八）"	"M3"	"白线"	"31"
"20251203交易中如何调整“手紧手松”？（周三晚八）"	"M3"	"黄线"	"31"
"20251203交易中如何调整“手紧手松”？（周三晚八）"	"M3"	"死叉"	"1"
"20251203交易中如何调整“手紧手松”？（周三晚八）"	"M3"	"出货"	"12"
"20251203交易中如何调整“手紧手松”？（周三晚八）"	"M3"	"牵牛绳"	"9"
"20251203交易中如何调整“手紧手松”？（周三晚八）"	"M4"	"关键K"	"4"
"20251203交易中如何调整“手紧手松”？（周三晚八）"	"M4"	"异动"	"3"
"20251203交易中如何调整“手紧手松”？（周三晚八）"	"M4"	"筹码"	"4"
"20251203交易中如何调整“手紧手松”？（周三晚八）"	"M4"	"N型"	"3"
"20251203交易中如何调整“手紧手松”？（周三晚八）"	"M4"	"对称"	"3"
"20251203交易中如何调整“手紧手松”？（周三晚八）"	"M5"	"框架"	"2"
"20251203交易中如何调整“手紧手松”？（周三晚八）"	"M5"	"底仓"	"3"
"20251203交易中如何调整“手紧手松”？（周三晚八）"	"M5"	"知行合一"	"6"
"20251203交易中如何调整“手紧手松”？（周三晚八）"	"M5"	"交作业"	"1"
"20251203交易中如何调整“手紧手松”？（周三晚八）"	"M5"	"纪律"	"4"
"20251203交易中如何调整“手紧手松”？（周三晚八）"	"M6"	"心态"	"3"
"20251203交易中如何调整“手紧手松”？（周三晚八）"	"M6"	"情绪"	"7"
"20251203交易中如何调整“手紧手松”？（周三晚八）"	"M6"	"人性"	"1"
"20251203交易中如何调整“手紧手松”？（周三晚八）"	"M6"	"散户"	"4"
"20251203交易中如何调整“手紧手松”？（周三晚八）"	"M6"	"思维"	"8"
"20251203交易中如何调整“手紧手松”？（周三晚八）"	"M6"	"恐惧"	"1"
"20251203交易中如何调整“手紧手松”？（周三晚八）"	"M6"	"贪婪"	"1"
"20251203交易中如何调整“手紧手松”？（周三晚八）"	"M7"	"产业"	"1"
"20251203交易中如何调整“手紧手松”？（周三晚八）"	"M7"	"政策"	"6"
"20251203交易中如何调整“手紧手松”？（周三晚八）"	"M7"	"消费"	"3"
"20251203交易中如何调整“手紧手松”？（周三晚八）"	"M7"	"算力"	"8"
"20251203交易中如何调整“手紧手松”？（周三晚八）"	"M7"	"新能源"	"1"
"20251203交易中如何调整“手紧手松”？（周三晚八）"	"M7"	"有色"	"1"
"20251203交易中如何调整“手紧手松”？（周三晚八）"	"M7"	"券商"	"3"
"20251203交易中如何调整“手紧手松”？（周三晚八）"	"M8"	"考试"	"3"
"20251203交易中如何调整“手紧手松”？（周三晚八）"	"M8"	"复盘"	"1"
"20251203交易中如何调整“手紧手松”？（周三晚八）"	"M8"	"作业"	"1"
"20251203交易中如何调整“手紧手松”？（周三晚八）"	"M8"	"补课"	"1"
"20251203交易中如何调整“手紧手松”？（周三晚八）"	"M8"	"案例"	"7"
"20251203交易中如何调整“手紧手松”？（周三晚八）"	"M9"	"生活"	"2"
"20251203交易中如何调整“手紧手松”？（周三晚八）"	"M9"	"足球"	"2"
"20251203交易中如何调整“手紧手松”？（周三晚八）"	"M10"	"职业"	"3"
"20251203交易中如何调整“手紧手松”？（周三晚八）"	"M10"	"人生"	"7"
"20251203交易中如何调整“手紧手松”？（周三晚八）"	"M10"	"商业"	"1"
"20251203交易中如何调整“手紧手松”？（周三晚八）"	"M10"	"领导"	"1"
"20251203交易中如何调整“手紧手松”？（周三晚八）"	"M10"	"管理"	"1"
"20251208老主线的新叙事！"	"M0"	"活跃市值"	"6"
"20251208老主线的新叙事！"	"M0"	"容错"	"2"
"20251208老主线的新叙事！"	"M0"	"池子"	"3"
"20251208老主线的新叙事！"	"M0"	"主线"	"2"
"20251208老主线的新叙事！"	"M1"	"B一"	"8"
"20251208老主线的新叙事！"	"M1"	"B二"	"1"
"20251208老主线的新叙事！"	"M1"	"B三"	"1"
"20251208老主线的新叙事！"	"M1"	"买点"	"2"
"20251208老主线的新叙事！"	"M2"	"止损"	"4"
"20251208老主线的新叙事！"	"M2"	"减仓"	"1"
"20251208老主线的新叙事！"	"M2"	"大阳线"	"3"
"20251208老主线的新叙事！"	"M3"	"阶梯量"	"3"
"20251208老主线的新叙事！"	"M3"	"破白线"	"1"
"20251208老主线的新叙事！"	"M3"	"白线"	"4"
"20251208老主线的新叙事！"	"M3"	"黄线"	"14"
"20251208老主线的新叙事！"	"M3"	"死叉"	"8"
"20251208老主线的新叙事！"	"M3"	"出货"	"11"
"20251208老主线的新叙事！"	"M4"	"异动"	"1"
"20251208老主线的新叙事！"	"M4"	"筹码"	"3"
"20251208老主线的新叙事！"	"M4"	"N型"	"1"
"20251208老主线的新叙事！"	"M4"	"大风车"	"5"
"20251208老主线的新叙事！"	"M5"	"底仓"	"1"
"20251208老主线的新叙事！"	"M5"	"知行合一"	"2"
"20251208老主线的新叙事！"	"M5"	"纪律"	"4"
"20251208老主线的新叙事！"	"M6"	"情绪"	"1"
"20251208老主线的新叙事！"	"M6"	"散户"	"4"
"20251208老主线的新叙事！"	"M7"	"政策"	"6"
"20251208老主线的新叙事！"	"M7"	"创新药"	"1"
"20251208老主线的新叙事！"	"M7"	"芯片"	"1"
"20251208老主线的新叙事！"	"M7"	"新能源"	"1"
"20251208老主线的新叙事！"	"M7"	"有色"	"5"
"20251208老主线的新叙事！"	"M7"	"券商"	"3"
"20251208老主线的新叙事！"	"M7"	"关税"	"1"
"20251208老主线的新叙事！"	"M8"	"复盘"	"2"
"20251208老主线的新叙事！"	"M8"	"案例"	"1"
"20251208老主线的新叙事！"	"M9"	"闲聊"	"1"
"20251208老主线的新叙事！"	"M10"	"商业"	"2"
"20251208老主线的新叙事！"	"M10"	"管理"	"1"
"20251210成交量与股价最真实的关系 （周三晚八）"	"M0"	"活跃市值"	"8"
"20251210成交量与股价最真实的关系 （周三晚八）"	"M0"	"择时"	"2"
"20251210成交量与股价最真实的关系 （周三晚八）"	"M0"	"主线"	"1"
"20251210成交量与股价最真实的关系 （周三晚八）"	"M0"	"休息"	"1"
"20251210成交量与股价最真实的关系 （周三晚八）"	"M1"	"(?<!S)B1(?![0-9])"	"7"
"20251210成交量与股价最真实的关系 （周三晚八）"	"M1"	"B一"	"15"
"20251210成交量与股价最真实的关系 （周三晚八）"	"M1"	"买点"	"9"
"20251210成交量与股价最真实的关系 （周三晚八）"	"M1"	"上车"	"2"
"20251210成交量与股价最真实的关系 （周三晚八）"	"M2"	"止损"	"9"
"20251210成交量与股价最真实的关系 （周三晚八）"	"M2"	"放飞"	"11"
"20251210成交量与股价最真实的关系 （周三晚八）"	"M2"	"赢转亏"	"1"
"20251210成交量与股价最真实的关系 （周三晚八）"	"M2"	"止盈"	"2"
"20251210成交量与股价最真实的关系 （周三晚八）"	"M2"	"前低"	"4"
"20251210成交量与股价最真实的关系 （周三晚八）"	"M2"	"中长阳"	"1"
"20251210成交量与股价最真实的关系 （周三晚八）"	"M2"	"减仓"	"2"
"20251210成交量与股价最真实的关系 （周三晚八）"	"M2"	"大阳线"	"2"
"20251210成交量与股价最真实的关系 （周三晚八）"	"M3"	"(?<![A-Za-z])S1(?![0-9])"	"4"
"20251210成交量与股价最真实的关系 （周三晚八）"	"M3"	"S一"	"6"
"20251210成交量与股价最真实的关系 （周三晚八）"	"M3"	"阶梯量"	"3"
"20251210成交量与股价最真实的关系 （周三晚八）"	"M3"	"破白线"	"2"
"20251210成交量与股价最真实的关系 （周三晚八）"	"M3"	"白线"	"9"
"20251210成交量与股价最真实的关系 （周三晚八）"	"M3"	"黄线"	"19"
"20251210成交量与股价最真实的关系 （周三晚八）"	"M3"	"出货"	"26"
"20251210成交量与股价最真实的关系 （周三晚八）"	"M4"	"倍量柱"	"17"
"20251210成交量与股价最真实的关系 （周三晚八）"	"M4"	"异动"	"6"
"20251210成交量与股价最真实的关系 （周三晚八）"	"M4"	"筹码"	"8"
"20251210成交量与股价最真实的关系 （周三晚八）"	"M4"	"N型"	"14"
"20251210成交量与股价最真实的关系 （周三晚八）"	"M4"	"对称"	"1"
"20251210成交量与股价最真实的关系 （周三晚八）"	"M5"	"框架"	"1"
"20251210成交量与股价最真实的关系 （周三晚八）"	"M5"	"底仓"	"2"
"20251210成交量与股价最真实的关系 （周三晚八）"	"M5"	"知行合一"	"1"
"20251210成交量与股价最真实的关系 （周三晚八）"	"M5"	"肌肉记忆"	"1"
"20251210成交量与股价最真实的关系 （周三晚八）"	"M5"	"纪律"	"5"
"20251210成交量与股价最真实的关系 （周三晚八）"	"M6"	"心态"	"2"
"20251210成交量与股价最真实的关系 （周三晚八）"	"M6"	"情绪"	"1"
"20251210成交量与股价最真实的关系 （周三晚八）"	"M6"	"散户"	"14"
"20251210成交量与股价最真实的关系 （周三晚八）"	"M6"	"耐心"	"1"
"20251210成交量与股价最真实的关系 （周三晚八）"	"M7"	"产业"	"1"
"20251210成交量与股价最真实的关系 （周三晚八）"	"M7"	"宏观"	"1"
"20251210成交量与股价最真实的关系 （周三晚八）"	"M7"	"政策"	"3"
"20251210成交量与股价最真实的关系 （周三晚八）"	"M7"	"创新药"	"1"
"20251210成交量与股价最真实的关系 （周三晚八）"	"M7"	"消费"	"1"
"20251210成交量与股价最真实的关系 （周三晚八）"	"M7"	"芯片"	"1"
"20251210成交量与股价最真实的关系 （周三晚八）"	"M7"	"有色"	"1"
"20251210成交量与股价最真实的关系 （周三晚八）"	"M7"	"券商"	"6"
"20251210成交量与股价最真实的关系 （周三晚八）"	"M7"	"美联储"	"1"
"20251210成交量与股价最真实的关系 （周三晚八）"	"M8"	"复盘"	"2"
"20251210成交量与股价最真实的关系 （周三晚八）"	"M8"	"案例"	"15"
"20251210成交量与股价最真实的关系 （周三晚八）"	"M9"	"闲聊"	"1"
"20251210成交量与股价最真实的关系 （周三晚八）"	"M9"	"聊天"	"1"
"20251210成交量与股价最真实的关系 （周三晚八）"	"M9"	"高尔夫"	"1"
"20251210成交量与股价最真实的关系 （周三晚八）"	"M10"	"人生"	"1"
"20251210成交量与股价最真实的关系 （周三晚八）"	"M10"	"管理"	"1"
"20251210成交量与股价最真实的关系 （周三晚八）"	"M10"	"决策"	"1"
"20251214扯淡局~"	"M0"	"活跃市值"	"2"
"20251214扯淡局~"	"M0"	"择时"	"1"
"20251214扯淡局~"	"M1"	"B一"	"2"
"20251214扯淡局~"	"M1"	"上车"	"1"
"20251214扯淡局~"	"M2"	"止损"	"1"
"20251214扯淡局~"	"M2"	"放飞"	"2"
"20251214扯淡局~"	"M2"	"中长阳"	"1"
"20251214扯淡局~"	"M3"	"S一"	"4"
"20251214扯淡局~"	"M3"	"白线"	"6"
"20251214扯淡局~"	"M3"	"黄线"	"12"
"20251214扯淡局~"	"M3"	"死叉"	"1"
"20251214扯淡局~"	"M3"	"出货"	"6"
"20251214扯淡局~"	"M3"	"牵牛绳"	"3"
"20251214扯淡局~"	"M3"	"五种出货"	"1"
"20251214扯淡局~"	"M4"	"关键K"	"3"
"20251214扯淡局~"	"M4"	"异动"	"5"
"20251214扯淡局~"	"M4"	"筹码"	"2"
"20251214扯淡局~"	"M4"	"N型"	"3"
"20251214扯淡局~"	"M4"	"对称"	"2"
"20251214扯淡局~"	"M4"	"填坑"	"1"
"20251214扯淡局~"	"M4"	"大风车"	"2"
"20251214扯淡局~"	"M5"	"纪律"	"3"
"20251214扯淡局~"	"M6"	"情绪"	"1"
"20251214扯淡局~"	"M7"	"产业"	"1"
"20251214扯淡局~"	"M7"	"政策"	"1"
"20251214扯淡局~"	"M7"	"消费"	"3"
"20251214扯淡局~"	"M7"	"有色"	"1"
"20251214扯淡局~"	"M7"	"券商"	"9"
"20251214扯淡局~"	"M7"	"医药"	"2"
"20251214扯淡局~"	"M9"	"闲聊"	"1"
"20251214扯淡局~"	"M9"	"生活"	"2"
"20251214扯淡局~"	"M10"	"职业"	"2"
"20251214扯淡局~"	"M10"	"商业"	"1"
"20251217为什么说散户输在没有交易节奏（周三晚八）"	"M0"	"活跃市值"	"6"
"20251217为什么说散户输在没有交易节奏（周三晚八）"	"M0"	"只卖不买"	"3"
"20251217为什么说散户输在没有交易节奏（周三晚八）"	"M0"	"主线"	"3"
"20251217为什么说散户输在没有交易节奏（周三晚八）"	"M0"	"空仓"	"11"
"20251217为什么说散户输在没有交易节奏（周三晚八）"	"M0"	"休息"	"4"
"20251217为什么说散户输在没有交易节奏（周三晚八）"	"M1"	"(?<!S)B1(?![0-9])"	"25"
"20251217为什么说散户输在没有交易节奏（周三晚八）"	"M1"	"(?<!S)B2(?![0-9])"	"1"
"20251217为什么说散户输在没有交易节奏（周三晚八）"	"M1"	"B一"	"6"
"20251217为什么说散户输在没有交易节奏（周三晚八）"	"M1"	"买点"	"1"
"20251217为什么说散户输在没有交易节奏（周三晚八）"	"M2"	"止损"	"17"
"20251217为什么说散户输在没有交易节奏（周三晚八）"	"M2"	"放飞"	"7"
"20251217为什么说散户输在没有交易节奏（周三晚八）"	"M2"	"止盈"	"2"
"20251217为什么说散户输在没有交易节奏（周三晚八）"	"M2"	"减仓"	"1"
"20251217为什么说散户输在没有交易节奏（周三晚八）"	"M2"	"大阳线"	"3"
"20251217为什么说散户输在没有交易节奏（周三晚八）"	"M3"	"(?<![A-Za-z])S1(?![0-9])"	"9"
"20251217为什么说散户输在没有交易节奏（周三晚八）"	"M3"	"破白线"	"1"
"20251217为什么说散户输在没有交易节奏（周三晚八）"	"M3"	"白线"	"12"
"20251217为什么说散户输在没有交易节奏（周三晚八）"	"M3"	"黄线"	"10"
"20251217为什么说散户输在没有交易节奏（周三晚八）"	"M3"	"出货"	"3"
"20251217为什么说散户输在没有交易节奏（周三晚八）"	"M4"	"异动"	"2"
"20251217为什么说散户输在没有交易节奏（周三晚八）"	"M4"	"筹码"	"2"
"20251217为什么说散户输在没有交易节奏（周三晚八）"	"M4"	"N型"	"3"
"20251217为什么说散户输在没有交易节奏（周三晚八）"	"M4"	"对称"	"1"
"20251217为什么说散户输在没有交易节奏（周三晚八）"	"M4"	"建仓波"	"9"
"20251217为什么说散户输在没有交易节奏（周三晚八）"	"M4"	"拉升波"	"4"
"20251217为什么说散户输在没有交易节奏（周三晚八）"	"M4"	"冲刺波"	"5"
"20251217为什么说散户输在没有交易节奏（周三晚八）"	"M4"	"填坑"	"1"
"20251217为什么说散户输在没有交易节奏（周三晚八）"	"M5"	"框架"	"1"
"20251217为什么说散户输在没有交易节奏（周三晚八）"	"M5"	"动态仓"	"29"
"20251217为什么说散户输在没有交易节奏（周三晚八）"	"M5"	"底仓"	"25"
"20251217为什么说散户输在没有交易节奏（周三晚八）"	"M5"	"纪律"	"4"
"20251217为什么说散户输在没有交易节奏（周三晚八）"	"M6"	"心态"	"7"
"20251217为什么说散户输在没有交易节奏（周三晚八）"	"M6"	"散户"	"9"
"20251217为什么说散户输在没有交易节奏（周三晚八）"	"M6"	"耐心"	"1"
"20251217为什么说散户输在没有交易节奏（周三晚八）"	"M7"	"政策"	"5"
"20251217为什么说散户输在没有交易节奏（周三晚八）"	"M7"	"消费"	"4"
"20251217为什么说散户输在没有交易节奏（周三晚八）"	"M7"	"芯片"	"1"
"20251217为什么说散户输在没有交易节奏（周三晚八）"	"M7"	"新能源"	"3"
"20251217为什么说散户输在没有交易节奏（周三晚八）"	"M7"	"有色"	"3"
"20251217为什么说散户输在没有交易节奏（周三晚八）"	"M7"	"券商"	"8"
"20251217为什么说散户输在没有交易节奏（周三晚八）"	"M8"	"作业"	"5"
"20251217为什么说散户输在没有交易节奏（周三晚八）"	"M8"	"案例"	"5"
"20251217为什么说散户输在没有交易节奏（周三晚八）"	"M9"	"闲聊"	"2"
"20251217为什么说散户输在没有交易节奏（周三晚八）"	"M9"	"生活"	"2"
"20251217为什么说散户输在没有交易节奏（周三晚八）"	"M10"	"职业"	"2"
"20251217为什么说散户输在没有交易节奏（周三晚八）"	"M10"	"人生"	"2"
"20251217为什么说散户输在没有交易节奏（周三晚八）"	"M10"	"商业"	"1"
"20251217为什么说散户输在没有交易节奏（周三晚八）"	"M10"	"领导"	"1"
"20251217为什么说散户输在没有交易节奏（周三晚八）"	"M10"	"管理"	"4"
"20251221茶人小叙~"	"M0"	"择时"	"5"
"20251221茶人小叙~"	"M0"	"池子"	"3"
"20251221茶人小叙~"	"M0"	"主线"	"5"
"20251221茶人小叙~"	"M0"	"休息"	"1"
"20251221茶人小叙~"	"M1"	"B一"	"10"
"20251221茶人小叙~"	"M1"	"B二"	"3"
"20251221茶人小叙~"	"M1"	"B三"	"3"
"20251221茶人小叙~"	"M1"	"买点"	"4"
"20251221茶人小叙~"	"M1"	"上车"	"1"
"20251221茶人小叙~"	"M2"	"止损"	"9"
"20251221茶人小叙~"	"M2"	"放飞"	"1"
"20251221茶人小叙~"	"M2"	"破平台"	"1"
"20251221茶人小叙~"	"M2"	"大阳线"	"1"
"20251221茶人小叙~"	"M3"	"S一"	"6"
"20251221茶人小叙~"	"M3"	"白线"	"1"
"20251221茶人小叙~"	"M3"	"黄线"	"6"
"20251221茶人小叙~"	"M3"	"死叉"	"1"
"20251221茶人小叙~"	"M3"	"出货"	"2"
"20251221茶人小叙~"	"M4"	"筹码"	"4"
"20251221茶人小叙~"	"M5"	"动态仓"	"5"
"20251221茶人小叙~"	"M5"	"底仓"	"8"
"20251221茶人小叙~"	"M5"	"纪律"	"2"
"20251221茶人小叙~"	"M6"	"心态"	"1"
"20251221茶人小叙~"	"M6"	"情绪"	"6"
"20251221茶人小叙~"	"M6"	"散户"	"4"
"20251221茶人小叙~"	"M6"	"耐心"	"1"
"20251221茶人小叙~"	"M7"	"产业"	"1"
"20251221茶人小叙~"	"M7"	"创新药"	"5"
"20251221茶人小叙~"	"M7"	"芯片"	"3"
"20251221茶人小叙~"	"M7"	"算力"	"1"
"20251221茶人小叙~"	"M7"	"有色"	"6"
"20251221茶人小叙~"	"M7"	"券商"	"6"
"20251221茶人小叙~"	"M7"	"美联储"	"1"
"20251221茶人小叙~"	"M8"	"案例"	"1"
"20251221茶人小叙~"	"M9"	"闲聊"	"1"
"20251221茶人小叙~"	"M9"	"加餐"	"1"
"20251221茶人小叙~"	"M10"	"管理"	"1"
"20251224底部暴力K线擒大牛"	"M0"	"空仓"	"1"
"20251224底部暴力K线擒大牛"	"M0"	"休息"	"3"
"20251224底部暴力K线擒大牛"	"M1"	"B一"	"26"
"20251224底部暴力K线擒大牛"	"M1"	"B二"	"6"
"20251224底部暴力K线擒大牛"	"M1"	"买点"	"1"
"20251224底部暴力K线擒大牛"	"M1"	"上车"	"1"
"20251224底部暴力K线擒大牛"	"M2"	"止损"	"17"
"20251224底部暴力K线擒大牛"	"M2"	"放飞"	"2"
"20251224底部暴力K线擒大牛"	"M2"	"止盈"	"1"
"20251224底部暴力K线擒大牛"	"M2"	"前低"	"1"
"20251224底部暴力K线擒大牛"	"M2"	"中阳线"	"1"
"20251224底部暴力K线擒大牛"	"M2"	"大阳线"	"1"
"20251224底部暴力K线擒大牛"	"M3"	"S一"	"3"
"20251224底部暴力K线擒大牛"	"M3"	"阶梯量"	"4"
"20251224底部暴力K线擒大牛"	"M3"	"白线"	"7"
"20251224底部暴力K线擒大牛"	"M3"	"黄线"	"12"
"20251224底部暴力K线擒大牛"	"M3"	"出货"	"2"
"20251224底部暴力K线擒大牛"	"M4"	"关键K"	"14"
"20251224底部暴力K线擒大牛"	"M4"	"暴力K"	"47"
"20251224底部暴力K线擒大牛"	"M4"	"倍量柱"	"4"
"20251224底部暴力K线擒大牛"	"M4"	"异动"	"1"
"20251224底部暴力K线擒大牛"	"M4"	"筹码"	"1"
"20251224底部暴力K线擒大牛"	"M4"	"N型"	"1"
"20251224底部暴力K线擒大牛"	"M5"	"框架"	"1"
"20251224底部暴力K线擒大牛"	"M5"	"底仓"	"2"
"20251224底部暴力K线擒大牛"	"M5"	"纪律"	"4"
"20251224底部暴力K线擒大牛"	"M6"	"心态"	"1"
"20251224底部暴力K线擒大牛"	"M6"	"情绪"	"2"
"20251224底部暴力K线擒大牛"	"M6"	"人性"	"3"
"20251224底部暴力K线擒大牛"	"M6"	"散户"	"3"
"20251224底部暴力K线擒大牛"	"M6"	"思维"	"1"
"20251224底部暴力K线擒大牛"	"M7"	"政策"	"2"
"20251224底部暴力K线擒大牛"	"M7"	"芯片"	"1"
"20251224底部暴力K线擒大牛"	"M7"	"新能源"	"2"
"20251224底部暴力K线擒大牛"	"M7"	"券商"	"2"
"20251224底部暴力K线擒大牛"	"M8"	"案例"	"16"
"20251224底部暴力K线擒大牛"	"M9"	"闲聊"	"1"
"20251224底部暴力K线擒大牛"	"M10"	"人生"	"1"
"20251224底部暴力K线擒大牛"	"M10"	"商业"	"1"
"20251224底部暴力K线擒大牛"	"M10"	"管理"	"1"
"20251229茶人小叙~"	"M0"	"池子"	"4"
"20251229茶人小叙~"	"M0"	"主线"	"2"
"20251229茶人小叙~"	"M1"	"(?<!S)B1(?![0-9])"	"9"
"20251229茶人小叙~"	"M1"	"B一"	"11"
"20251229茶人小叙~"	"M1"	"长安战法"	"2"
"20251229茶人小叙~"	"M1"	"买点"	"8"
"20251229茶人小叙~"	"M2"	"止损"	"3"
"20251229茶人小叙~"	"M2"	"放飞"	"13"
"20251229茶人小叙~"	"M2"	"没涨"	"1"
"20251229茶人小叙~"	"M3"	"滴滴"	"2"
"20251229茶人小叙~"	"M3"	"阶梯量"	"8"
"20251229茶人小叙~"	"M3"	"破白线"	"5"
"20251229茶人小叙~"	"M3"	"白线"	"17"
"20251229茶人小叙~"	"M3"	"黄线"	"18"
"20251229茶人小叙~"	"M3"	"出货"	"5"
"20251229茶人小叙~"	"M3"	"牵牛绳"	"5"
"20251229茶人小叙~"	"M4"	"关键K"	"9"
"20251229茶人小叙~"	"M4"	"暴力K"	"17"
"20251229茶人小叙~"	"M4"	"异动"	"35"
"20251229茶人小叙~"	"M4"	"筹码"	"6"
"20251229茶人小叙~"	"M4"	"ABC"	"5"
"20251229茶人小叙~"	"M4"	"N型"	"4"
"20251229茶人小叙~"	"M5"	"底仓"	"11"
"20251229茶人小叙~"	"M5"	"知行合一"	"2"
"20251229茶人小叙~"	"M6"	"情绪"	"2"
"20251229茶人小叙~"	"M6"	"散户"	"22"
"20251229茶人小叙~"	"M7"	"政策"	"1"
"20251229茶人小叙~"	"M7"	"创新药"	"1"
"20251229茶人小叙~"	"M7"	"消费"	"1"
"20251229茶人小叙~"	"M7"	"AIDC"	"1"
"20251229茶人小叙~"	"M7"	"新能源"	"1"
"20251229茶人小叙~"	"M7"	"券商"	"20"
"20251229茶人小叙~"	"M8"	"复盘"	"1"
"20251229茶人小叙~"	"M8"	"案例"	"17"
"20251229茶人小叙~"	"M9"	"闲聊"	"3"
"20251229茶人小叙~"	"M9"	"扯淡"	"1"
"20251229茶人小叙~"	"M10"	"管理"	"2"
"20251231最难一课之击穿对手盘！"	"M0"	"只卖不买"	"2"
"20251231最难一课之击穿对手盘！"	"M0"	"容错"	"1"
"20251231最难一课之击穿对手盘！"	"M0"	"主线"	"3"
"20251231最难一课之击穿对手盘！"	"M0"	"休息"	"1"
"20251231最难一课之击穿对手盘！"	"M1"	"(?<!S)B1(?![0-9])"	"3"
"20251231最难一课之击穿对手盘！"	"M1"	"B一"	"33"
"20251231最难一课之击穿对手盘！"	"M1"	"买点"	"5"
"20251231最难一课之击穿对手盘！"	"M2"	"止损"	"80"
"20251231最难一课之击穿对手盘！"	"M2"	"放飞"	"17"
"20251231最难一课之击穿对手盘！"	"M2"	"大阳线"	"4"
"20251231最难一课之击穿对手盘！"	"M3"	"(?<![A-Za-z])S1(?![0-9])"	"44"
"20251231最难一课之击穿对手盘！"	"M3"	"S一"	"3"
"20251231最难一课之击穿对手盘！"	"M3"	"滴滴"	"11"
"20251231最难一课之击穿对手盘！"	"M3"	"阶梯量"	"7"
"20251231最难一课之击穿对手盘！"	"M3"	"破白线"	"7"
"20251231最难一课之击穿对手盘！"	"M3"	"白线"	"35"
"20251231最难一课之击穿对手盘！"	"M3"	"黄线"	"21"
"20251231最难一课之击穿对手盘！"	"M3"	"击穿对手盘"	"32"
"20251231最难一课之击穿对手盘！"	"M3"	"出货"	"12"
"20251231最难一课之击穿对手盘！"	"M4"	"关键K"	"26"
"20251231最难一课之击穿对手盘！"	"M4"	"暴力K"	"14"
"20251231最难一课之击穿对手盘！"	"M4"	"倍量柱"	"5"
"20251231最难一课之击穿对手盘！"	"M4"	"异动"	"5"
"20251231最难一课之击穿对手盘！"	"M4"	"筹码"	"7"
"20251231最难一课之击穿对手盘！"	"M4"	"N型"	"8"
"20251231最难一课之击穿对手盘！"	"M4"	"填坑"	"1"
"20251231最难一课之击穿对手盘！"	"M4"	"大风车"	"4"
"20251231最难一课之击穿对手盘！"	"M5"	"知行合一"	"5"
"20251231最难一课之击穿对手盘！"	"M5"	"肌肉记忆"	"3"
"20251231最难一课之击穿对手盘！"	"M5"	"纪律"	"6"
"20251231最难一课之击穿对手盘！"	"M6"	"心态"	"2"
"20251231最难一课之击穿对手盘！"	"M6"	"情绪"	"4"
"20251231最难一课之击穿对手盘！"	"M6"	"人性"	"2"
"20251231最难一课之击穿对手盘！"	"M6"	"散户"	"23"
"20251231最难一课之击穿对手盘！"	"M6"	"思维"	"3"
"20251231最难一课之击穿对手盘！"	"M6"	"耐心"	"1"
"20251231最难一课之击穿对手盘！"	"M7"	"产业"	"1"
"20251231最难一课之击穿对手盘！"	"M7"	"宏观"	"1"
"20251231最难一课之击穿对手盘！"	"M7"	"消费"	"2"
"20251231最难一课之击穿对手盘！"	"M7"	"新能源"	"1"
"20251231最难一课之击穿对手盘！"	"M7"	"有色"	"3"
"20251231最难一课之击穿对手盘！"	"M7"	"券商"	"2"
"20251231最难一课之击穿对手盘！"	"M8"	"考试"	"1"
"20251231最难一课之击穿对手盘！"	"M8"	"作业"	"1"
"20251231最难一课之击穿对手盘！"	"M8"	"案例"	"28"
"20251231最难一课之击穿对手盘！"	"M9"	"闲聊"	"4"
"20251231最难一课之击穿对手盘！"	"M9"	"生活"	"2"
"20251231最难一课之击穿对手盘！"	"M10"	"领导"	"1"
"20251231最难一课之击穿对手盘！"	"M10"	"管理"	"3"
"20260105 中国消费：谁先变革谁早超生！（日晚八）"	"M0"	"活跃市值"	"12"
"20260105 中国消费：谁先变革谁早超生！（日晚八）"	"M0"	"择时"	"2"
"20260105 中国消费：谁先变革谁早超生！（日晚八）"	"M0"	"休息"	"1"
"20260105 中国消费：谁先变革谁早超生！（日晚八）"	"M1"	"(?<!S)B1(?![0-9])"	"8"
"20260105 中国消费：谁先变革谁早超生！（日晚八）"	"M1"	"(?<!S)B2(?![0-9])"	"2"
"20260105 中国消费：谁先变革谁早超生！（日晚八）"	"M1"	"买点"	"1"
"20260105 中国消费：谁先变革谁早超生！（日晚八）"	"M1"	"上车"	"1"
"20260105 中国消费：谁先变革谁早超生！（日晚八）"	"M2"	"止损"	"1"
"20260105 中国消费：谁先变革谁早超生！（日晚八）"	"M2"	"减仓"	"1"
"20260105 中国消费：谁先变革谁早超生！（日晚八）"	"M2"	"中阳线"	"1"
"20260105 中国消费：谁先变革谁早超生！（日晚八）"	"M2"	"大阳线"	"15"
"20260105 中国消费：谁先变革谁早超生！（日晚八）"	"M3"	"(?<![A-Za-z])S1(?![0-9])"	"2"
"20260105 中国消费：谁先变革谁早超生！（日晚八）"	"M3"	"白线"	"8"
"20260105 中国消费：谁先变革谁早超生！（日晚八）"	"M3"	"黄线"	"2"
"20260105 中国消费：谁先变革谁早超生！（日晚八）"	"M3"	"击穿对手盘"	"3"
"20260105 中国消费：谁先变革谁早超生！（日晚八）"	"M4"	"关键K"	"2"
"20260105 中国消费：谁先变革谁早超生！（日晚八）"	"M4"	"暴力K"	"1"
"20260105 中国消费：谁先变革谁早超生！（日晚八）"	"M4"	"异动"	"1"
"20260105 中国消费：谁先变革谁早超生！（日晚八）"	"M4"	"筹码"	"11"
"20260105 中国消费：谁先变革谁早超生！（日晚八）"	"M5"	"底仓"	"1"
"20260105 中国消费：谁先变革谁早超生！（日晚八）"	"M5"	"肌肉记忆"	"2"
"20260105 中国消费：谁先变革谁早超生！（日晚八）"	"M6"	"心态"	"1"
"20260105 中国消费：谁先变革谁早超生！（日晚八）"	"M6"	"散户"	"5"
"20260105 中国消费：谁先变革谁早超生！（日晚八）"	"M6"	"恐惧"	"3"
"20260105 中国消费：谁先变革谁早超生！（日晚八）"	"M6"	"耐心"	"5"
"20260105 中国消费：谁先变革谁早超生！（日晚八）"	"M7"	"有色"	"1"
"20260105 中国消费：谁先变革谁早超生！（日晚八）"	"M7"	"券商"	"3"
"20260105 中国消费：谁先变革谁早超生！（日晚八）"	"M8"	"复盘"	"1"
"20260105 中国消费：谁先变革谁早超生！（日晚八）"	"M8"	"作业"	"1"
"20260105 中国消费：谁先变革谁早超生！（日晚八）"	"M8"	"补课"	"1"
"20260105 中国消费：谁先变革谁早超生！（日晚八）"	"M8"	"案例"	"1"
"20260105 中国消费：谁先变革谁早超生！（日晚八）"	"M10"	"商业"	"2"
"20260107 B2买点案例精讲（周三晚八）"	"M0"	"活跃市值"	"20"
"20260107 B2买点案例精讲（周三晚八）"	"M0"	"择时"	"8"
"20260107 B2买点案例精讲（周三晚八）"	"M0"	"容错"	"5"
"20260107 B2买点案例精讲（周三晚八）"	"M0"	"池子"	"9"
"20260107 B2买点案例精讲（周三晚八）"	"M0"	"主线"	"8"
"20260107 B2买点案例精讲（周三晚八）"	"M0"	"休息"	"2"
"20260107 B2买点案例精讲（周三晚八）"	"M1"	"(?<!S)B1(?![0-9])"	"58"
"20260107 B2买点案例精讲（周三晚八）"	"M1"	"(?<!S)B2(?![0-9])"	"108"
"20260107 B2买点案例精讲（周三晚八）"	"M1"	"(?<!S)B3(?![0-9])"	"8"
"20260107 B2买点案例精讲（周三晚八）"	"M1"	"买点"	"22"
"20260107 B2买点案例精讲（周三晚八）"	"M1"	"上车"	"4"
"20260107 B2买点案例精讲（周三晚八）"	"M2"	"止损"	"17"
"20260107 B2买点案例精讲（周三晚八）"	"M2"	"放飞"	"10"
"20260107 B2买点案例精讲（周三晚八）"	"M2"	"没涨"	"3"
"20260107 B2买点案例精讲（周三晚八）"	"M2"	"破平台"	"1"
"20260107 B2买点案例精讲（周三晚八）"	"M2"	"前低"	"1"
"20260107 B2买点案例精讲（周三晚八）"	"M2"	"中长阳"	"7"
"20260107 B2买点案例精讲（周三晚八）"	"M2"	"减仓"	"15"
"20260107 B2买点案例精讲（周三晚八）"	"M2"	"中阳线"	"1"
"20260107 B2买点案例精讲（周三晚八）"	"M2"	"大阳线"	"3"
"20260107 B2买点案例精讲（周三晚八）"	"M3"	"(?<![A-Za-z])S1(?![0-9])"	"26"
"20260107 B2买点案例精讲（周三晚八）"	"M3"	"S一"	"2"
"20260107 B2买点案例精讲（周三晚八）"	"M3"	"滴滴"	"1"
"20260107 B2买点案例精讲（周三晚八）"	"M3"	"阶梯量"	"17"
"20260107 B2买点案例精讲（周三晚八）"	"M3"	"破白线"	"1"
"20260107 B2买点案例精讲（周三晚八）"	"M3"	"白线"	"29"
"20260107 B2买点案例精讲（周三晚八）"	"M3"	"黄线"	"52"
"20260107 B2买点案例精讲（周三晚八）"	"M3"	"击穿对手盘"	"22"
"20260107 B2买点案例精讲（周三晚八）"	"M3"	"死叉"	"13"
"20260107 B2买点案例精讲（周三晚八）"	"M3"	"贾玲"	"2"
"20260107 B2买点案例精讲（周三晚八）"	"M3"	"出货"	"13"
"20260107 B2买点案例精讲（周三晚八）"	"M3"	"卖飞"	"5"
"20260107 B2买点案例精讲（周三晚八）"	"M3"	"牵牛绳"	"5"
"20260107 B2买点案例精讲（周三晚八）"	"M4"	"关键K"	"8"
"20260107 B2买点案例精讲（周三晚八）"	"M4"	"暴力K"	"8"
"20260107 B2买点案例精讲（周三晚八）"	"M4"	"倍量柱"	"65"
"20260107 B2买点案例精讲（周三晚八）"	"M4"	"异动"	"11"
"20260107 B2买点案例精讲（周三晚八）"	"M4"	"四分之一量线"	"2"
"20260107 B2买点案例精讲（周三晚八）"	"M4"	"筹码"	"11"
"20260107 B2买点案例精讲（周三晚八）"	"M4"	"N型"	"1"
"20260107 B2买点案例精讲（周三晚八）"	"M4"	"对称"	"7"
"20260107 B2买点案例精讲（周三晚八）"	"M4"	"圆弧底"	"4"
"20260107 B2买点案例精讲（周三晚八）"	"M4"	"大风车"	"4"
"20260107 B2买点案例精讲（周三晚八）"	"M5"	"纪律"	"3"
"20260107 B2买点案例精讲（周三晚八）"	"M6"	"心态"	"6"
"20260107 B2买点案例精讲（周三晚八）"	"M6"	"人性"	"1"
"20260107 B2买点案例精讲（周三晚八）"	"M6"	"散户"	"2"
"20260107 B2买点案例精讲（周三晚八）"	"M6"	"思维"	"1"
"20260107 B2买点案例精讲（周三晚八）"	"M6"	"耐心"	"3"
"20260107 B2买点案例精讲（周三晚八）"	"M7"	"政策"	"14"
"20260107 B2买点案例精讲（周三晚八）"	"M7"	"创新药"	"8"
"20260107 B2买点案例精讲（周三晚八）"	"M7"	"消费"	"11"
"20260107 B2买点案例精讲（周三晚八）"	"M7"	"芯片"	"1"
"20260107 B2买点案例精讲（周三晚八）"	"M7"	"有色"	"6"
"20260107 B2买点案例精讲（周三晚八）"	"M7"	"券商"	"31"
"20260107 B2买点案例精讲（周三晚八）"	"M8"	"考试"	"1"
"20260107 B2买点案例精讲（周三晚八）"	"M8"	"复盘"	"6"
"20260107 B2买点案例精讲（周三晚八）"	"M8"	"作业"	"5"
"20260107 B2买点案例精讲（周三晚八）"	"M8"	"精讲"	"8"
"20260107 B2买点案例精讲（周三晚八）"	"M8"	"案例"	"59"
"20260107 B2买点案例精讲（周三晚八）"	"M9"	"闲聊"	"4"
"20260107 B2买点案例精讲（周三晚八）"	"M10"	"职业"	"2"
"20260107 B2买点案例精讲（周三晚八）"	"M10"	"人生"	"3"
"20260107 B2买点案例精讲（周三晚八）"	"M10"	"商业"	"1"
"20260107 B2买点案例精讲（周三晚八）"	"M10"	"领导"	"1"
"20260107 B2买点案例精讲（周三晚八）"	"M10"	"管理"	"2"
"20260112 当前行情下5种散户常犯错误！（周日晚八）"	"M0"	"容错"	"4"
"20260112 当前行情下5种散户常犯错误！（周日晚八）"	"M1"	"(?<!S)B1(?![0-9])"	"4"
"20260112 当前行情下5种散户常犯错误！（周日晚八）"	"M1"	"(?<!S)B2(?![0-9])"	"1"
"20260112 当前行情下5种散户常犯错误！（周日晚八）"	"M2"	"止损"	"1"
"20260112 当前行情下5种散户常犯错误！（周日晚八）"	"M3"	"白线"	"1"
"20260112 当前行情下5种散户常犯错误！（周日晚八）"	"M3"	"击穿对手盘"	"2"
"20260112 当前行情下5种散户常犯错误！（周日晚八）"	"M3"	"死叉"	"1"
"20260112 当前行情下5种散户常犯错误！（周日晚八）"	"M3"	"卖飞"	"1"
"20260112 当前行情下5种散户常犯错误！（周日晚八）"	"M4"	"筹码"	"3"
"20260112 当前行情下5种散户常犯错误！（周日晚八）"	"M6"	"心态"	"1"
"20260112 当前行情下5种散户常犯错误！（周日晚八）"	"M7"	"宏观"	"1"
"20260112 当前行情下5种散户常犯错误！（周日晚八）"	"M7"	"政策"	"1"
"20260112 当前行情下5种散户常犯错误！（周日晚八）"	"M7"	"消费"	"1"
"20260112 当前行情下5种散户常犯错误！（周日晚八）"	"M7"	"券商"	"6"
"20260112 当前行情下5种散户常犯错误！（周日晚八）"	"M8"	"案例"	"1"
"20260112 当前行情下5种散户常犯错误！（周日晚八）"	"M9"	"生活"	"2"
"20260112 当前行情下5种散户常犯错误！（周日晚八）"	"M9"	"足球"	"2"
"20260112 当前行情下5种散户常犯错误！（周日晚八）"	"M10"	"职业"	"2"
"20260112 当前行情下5种散户常犯错误！（周日晚八）"	"M10"	"人生"	"3"
"20260114  打窝结束！如何变阵？"	"M0"	"活跃市值"	"15"
"20260114  打窝结束！如何变阵？"	"M0"	"空仓"	"1"
"20260114  打窝结束！如何变阵？"	"M0"	"休息"	"2"
"20260114  打窝结束！如何变阵？"	"M1"	"(?<!S)B2(?![0-9])"	"10"
"20260114  打窝结束！如何变阵？"	"M1"	"B一"	"39"
"20260114  打窝结束！如何变阵？"	"M1"	"B二"	"21"
"20260114  打窝结束！如何变阵？"	"M1"	"B三"	"9"
"20260114  打窝结束！如何变阵？"	"M1"	"单针下三十"	"20"
"20260114  打窝结束！如何变阵？"	"M1"	"单针下二十"	"6"
"20260114  打窝结束！如何变阵？"	"M1"	"买点"	"18"
"20260114  打窝结束！如何变阵？"	"M1"	"上车"	"3"
"20260114  打窝结束！如何变阵？"	"M2"	"止损"	"29"
"20260114  打窝结束！如何变阵？"	"M2"	"中长阳"	"2"
"20260114  打窝结束！如何变阵？"	"M2"	"减仓"	"1"
"20260114  打窝结束！如何变阵？"	"M2"	"中阳线"	"3"
"20260114  打窝结束！如何变阵？"	"M2"	"大阳线"	"4"
"20260114  打窝结束！如何变阵？"	"M3"	"S一"	"7"
"20260114  打窝结束！如何变阵？"	"M3"	"滴滴"	"2"
"20260114  打窝结束！如何变阵？"	"M3"	"阶梯量"	"2"
"20260114  打窝结束！如何变阵？"	"M3"	"破白线"	"4"
"20260114  打窝结束！如何变阵？"	"M3"	"白线"	"17"
"20260114  打窝结束！如何变阵？"	"M3"	"黄线"	"18"
"20260114  打窝结束！如何变阵？"	"M3"	"死叉"	"1"
"20260114  打窝结束！如何变阵？"	"M3"	"出货"	"16"
"20260114  打窝结束！如何变阵？"	"M3"	"卖飞"	"1"
"20260114  打窝结束！如何变阵？"	"M3"	"牵牛绳"	"2"
"20260114  打窝结束！如何变阵？"	"M4"	"关键K"	"14"
"20260114  打窝结束！如何变阵？"	"M4"	"暴力K"	"6"
"20260114  打窝结束！如何变阵？"	"M4"	"异动"	"4"
"20260114  打窝结束！如何变阵？"	"M4"	"筹码"	"11"
"20260114  打窝结束！如何变阵？"	"M4"	"ABC"	"1"
"20260114  打窝结束！如何变阵？"	"M4"	"N型"	"2"
"20260114  打窝结束！如何变阵？"	"M4"	"建仓波"	"4"
"20260114  打窝结束！如何变阵？"	"M4"	"圆弧底"	"1"
"20260114  打窝结束！如何变阵？"	"M5"	"底仓"	"3"
"20260114  打窝结束！如何变阵？"	"M5"	"纪律"	"2"
"20260114  打窝结束！如何变阵？"	"M6"	"心态"	"1"
"20260114  打窝结束！如何变阵？"	"M6"	"散户"	"9"
"20260114  打窝结束！如何变阵？"	"M6"	"思维"	"1"
"20260114  打窝结束！如何变阵？"	"M6"	"耐心"	"3"
"20260114  打窝结束！如何变阵？"	"M7"	"AIDC"	"1"
"20260114  打窝结束！如何变阵？"	"M7"	"券商"	"7"
"20260114  打窝结束！如何变阵？"	"M8"	"案例"	"31"
"20260114  打窝结束！如何变阵？"	"M9"	"闲聊"	"1"
"20260114  打窝结束！如何变阵？"	"M10"	"人生"	"1"
"20260114  打窝结束！如何变阵？"	"M10"	"商业"	"2"
"20260114  打窝结束！如何变阵？"	"M10"	"管理"	"4"
"20260121开枝散叶，踏准节奏"	"M0"	"活跃市值"	"15"
"20260121开枝散叶，踏准节奏"	"M0"	"只卖不买"	"1"
"20260121开枝散叶，踏准节奏"	"M0"	"容错"	"6"
"20260121开枝散叶，踏准节奏"	"M0"	"池子"	"1"
"20260121开枝散叶，踏准节奏"	"M0"	"主线"	"9"
"20260121开枝散叶，踏准节奏"	"M0"	"休息"	"2"
"20260121开枝散叶，踏准节奏"	"M1"	"(?<!S)B1(?![0-9])"	"4"
"20260121开枝散叶，踏准节奏"	"M1"	"(?<!S)B2(?![0-9])"	"3"
"20260121开枝散叶，踏准节奏"	"M1"	"B一"	"24"
"20260121开枝散叶，踏准节奏"	"M1"	"B二"	"6"
"20260121开枝散叶，踏准节奏"	"M1"	"B三"	"6"
"20260121开枝散叶，踏准节奏"	"M1"	"单针下三十"	"5"
"20260121开枝散叶，踏准节奏"	"M1"	"单针下二十"	"6"
"20260121开枝散叶，踏准节奏"	"M1"	"买点"	"5"
"20260121开枝散叶，踏准节奏"	"M1"	"上车"	"3"
"20260121开枝散叶，踏准节奏"	"M2"	"止损"	"5"
"20260121开枝散叶，踏准节奏"	"M2"	"放飞"	"5"
"20260121开枝散叶，踏准节奏"	"M2"	"没涨"	"2"
"20260121开枝散叶，踏准节奏"	"M2"	"赢转亏"	"1"
"20260121开枝散叶，踏准节奏"	"M2"	"前低"	"1"
"20260121开枝散叶，踏准节奏"	"M2"	"减仓"	"4"
"20260121开枝散叶，踏准节奏"	"M2"	"大阳线"	"1"
"20260121开枝散叶，踏准节奏"	"M3"	"(?<![A-Za-z])S1(?![0-9])"	"1"
"20260121开枝散叶，踏准节奏"	"M3"	"S一"	"31"
"20260121开枝散叶，踏准节奏"	"M3"	"滴滴"	"3"
"20260121开枝散叶，踏准节奏"	"M3"	"白线"	"12"
"20260121开枝散叶，踏准节奏"	"M3"	"黄线"	"1"
"20260121开枝散叶，踏准节奏"	"M3"	"击穿对手盘"	"1"
"20260121开枝散叶，踏准节奏"	"M3"	"死叉"	"1"
"20260121开枝散叶，踏准节奏"	"M3"	"出货"	"7"
"20260121开枝散叶，踏准节奏"	"M3"	"卖飞"	"1"
"20260121开枝散叶，踏准节奏"	"M4"	"筹码"	"1"
"20260121开枝散叶，踏准节奏"	"M4"	"N型"	"12"
"20260121开枝散叶，踏准节奏"	"M4"	"对称"	"1"
"20260121开枝散叶，踏准节奏"	"M4"	"填坑"	"1"
"20260121开枝散叶，踏准节奏"	"M4"	"大风车"	"1"
"20260121开枝散叶，踏准节奏"	"M5"	"动态仓"	"1"
"20260121开枝散叶，踏准节奏"	"M5"	"底仓"	"4"
"20260121开枝散叶，踏准节奏"	"M5"	"纪律"	"3"
"20260121开枝散叶，踏准节奏"	"M6"	"心态"	"7"
"20260121开枝散叶，踏准节奏"	"M6"	"情绪"	"3"
"20260121开枝散叶，踏准节奏"	"M6"	"散户"	"4"
"20260121开枝散叶，踏准节奏"	"M6"	"思维"	"2"
"20260121开枝散叶，踏准节奏"	"M7"	"创新药"	"1"
"20260121开枝散叶，踏准节奏"	"M7"	"消费"	"7"
"20260121开枝散叶，踏准节奏"	"M7"	"新能源"	"1"
"20260121开枝散叶，踏准节奏"	"M7"	"有色"	"7"
"20260121开枝散叶，踏准节奏"	"M7"	"券商"	"25"
"20260121开枝散叶，踏准节奏"	"M8"	"复盘"	"3"
"20260121开枝散叶，踏准节奏"	"M8"	"案例"	"7"
"20260121开枝散叶，踏准节奏"	"M9"	"闲聊"	"2"
"20260121开枝散叶，踏准节奏"	"M9"	"足球"	"4"
"20260121开枝散叶，踏准节奏"	"M10"	"商业"	"2"
"20260121开枝散叶，踏准节奏"	"M10"	"领导"	"1"
"20260202 喝茶聊聊天~"	"M0"	"活跃市值"	"2"
"20260202 喝茶聊聊天~"	"M0"	"主线"	"1"
"20260202 喝茶聊聊天~"	"M0"	"空仓"	"7"
"20260202 喝茶聊聊天~"	"M1"	"B一"	"2"
"20260202 喝茶聊聊天~"	"M1"	"B二"	"1"
"20260202 喝茶聊聊天~"	"M1"	"买点"	"3"
"20260202 喝茶聊聊天~"	"M2"	"止损"	"2"
"20260202 喝茶聊聊天~"	"M2"	"减仓"	"1"
"20260202 喝茶聊聊天~"	"M3"	"(?<![A-Za-z])S1(?![0-9])"	"11"
"20260202 喝茶聊聊天~"	"M3"	"破白线"	"1"
"20260202 喝茶聊聊天~"	"M3"	"白线"	"4"
"20260202 喝茶聊聊天~"	"M3"	"黄线"	"5"
"20260202 喝茶聊聊天~"	"M3"	"击穿对手盘"	"2"
"20260202 喝茶聊聊天~"	"M3"	"忍一根"	"1"
"20260202 喝茶聊聊天~"	"M3"	"出货"	"12"
"20260202 喝茶聊聊天~"	"M3"	"牵牛绳"	"1"
"20260202 喝茶聊聊天~"	"M3"	"五种出货"	"1"
"20260202 喝茶聊聊天~"	"M4"	"关键K"	"1"
"20260202 喝茶聊聊天~"	"M4"	"筹码"	"3"
"20260202 喝茶聊聊天~"	"M4"	"N型"	"1"
"20260202 喝茶聊聊天~"	"M4"	"填坑"	"2"
"20260202 喝茶聊聊天~"	"M5"	"动态仓"	"1"
"20260202 喝茶聊聊天~"	"M5"	"底仓"	"1"
"20260202 喝茶聊聊天~"	"M6"	"心态"	"1"
"20260202 喝茶聊聊天~"	"M6"	"散户"	"2"
"20260202 喝茶聊聊天~"	"M7"	"消费"	"1"
"20260202 喝茶聊聊天~"	"M7"	"券商"	"1"
"20260202 喝茶聊聊天~"	"M8"	"案例"	"3"
"20260202 喝茶聊聊天~"	"M9"	"闲聊"	"1"
"20260202 喝茶聊聊天~"	"M9"	"聊天"	"1"
"20260202 喝茶聊聊天~"	"M9"	"生活"	"5"
"20260202 喝茶聊聊天~"	"M10"	"职业"	"1"
"20260202 喝茶聊聊天~"	"M10"	"人生"	"3"
"20260202 喝茶聊聊天~"	"M10"	"决策"	"1"
"20260204  当前环境下最好的交易策略~"	"M0"	"活跃市值"	"14"
"20260204  当前环境下最好的交易策略~"	"M0"	"空头区间"	"3"
"20260204  当前环境下最好的交易策略~"	"M0"	"只卖不买"	"12"
"20260204  当前环境下最好的交易策略~"	"M0"	"择时"	"6"
"20260204  当前环境下最好的交易策略~"	"M0"	"主线"	"15"
"20260204  当前环境下最好的交易策略~"	"M0"	"休息"	"4"
"20260204  当前环境下最好的交易策略~"	"M1"	"(?<!S)B1(?![0-9])"	"18"
"20260204  当前环境下最好的交易策略~"	"M1"	"(?<!S)B2(?![0-9])"	"9"
"20260204  当前环境下最好的交易策略~"	"M1"	"(?<!S)B3(?![0-9])"	"8"
"20260204  当前环境下最好的交易策略~"	"M1"	"B一"	"6"
"20260204  当前环境下最好的交易策略~"	"M1"	"买点"	"4"
"20260204  当前环境下最好的交易策略~"	"M1"	"上车"	"1"
"20260204  当前环境下最好的交易策略~"	"M2"	"止损"	"10"
"20260204  当前环境下最好的交易策略~"	"M2"	"减仓"	"3"
"20260204  当前环境下最好的交易策略~"	"M2"	"大阳线"	"1"
"20260204  当前环境下最好的交易策略~"	"M3"	"(?<![A-Za-z])S1(?![0-9])"	"11"
"20260204  当前环境下最好的交易策略~"	"M3"	"黄线"	"6"
"20260204  当前环境下最好的交易策略~"	"M3"	"击穿对手盘"	"2"
"20260204  当前环境下最好的交易策略~"	"M3"	"出货"	"13"
"20260204  当前环境下最好的交易策略~"	"M3"	"逃顶"	"3"
"20260204  当前环境下最好的交易策略~"	"M3"	"牵牛绳"	"2"
"20260204  当前环境下最好的交易策略~"	"M4"	"暴力K"	"1"
"20260204  当前环境下最好的交易策略~"	"M4"	"异动"	"1"
"20260204  当前环境下最好的交易策略~"	"M4"	"筹码"	"10"
"20260204  当前环境下最好的交易策略~"	"M4"	"N型"	"1"
"20260204  当前环境下最好的交易策略~"	"M5"	"动态仓"	"15"
"20260204  当前环境下最好的交易策略~"	"M5"	"底仓"	"34"
"20260204  当前环境下最好的交易策略~"	"M5"	"纪律"	"14"
"20260204  当前环境下最好的交易策略~"	"M6"	"心态"	"10"
"20260204  当前环境下最好的交易策略~"	"M6"	"情绪"	"4"
"20260204  当前环境下最好的交易策略~"	"M6"	"人性"	"3"
"20260204  当前环境下最好的交易策略~"	"M6"	"散户"	"13"
"20260204  当前环境下最好的交易策略~"	"M6"	"思维"	"4"
"20260204  当前环境下最好的交易策略~"	"M6"	"恐惧"	"2"
"20260204  当前环境下最好的交易策略~"	"M6"	"贪婪"	"1"
"20260204  当前环境下最好的交易策略~"	"M6"	"耐心"	"1"
"20260204  当前环境下最好的交易策略~"	"M7"	"产业"	"6"
"20260204  当前环境下最好的交易策略~"	"M7"	"政策"	"1"
"20260204  当前环境下最好的交易策略~"	"M7"	"消费"	"1"
"20260204  当前环境下最好的交易策略~"	"M7"	"芯片"	"4"
"20260204  当前环境下最好的交易策略~"	"M7"	"新能源"	"4"
"20260204  当前环境下最好的交易策略~"	"M7"	"有色"	"5"
"20260204  当前环境下最好的交易策略~"	"M7"	"券商"	"9"
"20260204  当前环境下最好的交易策略~"	"M8"	"复盘"	"2"
"20260204  当前环境下最好的交易策略~"	"M8"	"案例"	"10"
"20260204  当前环境下最好的交易策略~"	"M9"	"闲聊"	"2"
"20260204  当前环境下最好的交易策略~"	"M9"	"加餐"	"2"
"20260204  当前环境下最好的交易策略~"	"M10"	"人生"	"6"
"20260209务必高度重视川子喊单10万点~"	"M0"	"活跃市值"	"5"
"20260209务必高度重视川子喊单10万点~"	"M0"	"休息"	"1"
"20260209务必高度重视川子喊单10万点~"	"M1"	"(?<!S)B1(?![0-9])"	"7"
"20260209务必高度重视川子喊单10万点~"	"M1"	"(?<!S)B2(?![0-9])"	"1"
"20260209务必高度重视川子喊单10万点~"	"M1"	"(?<!S)B3(?![0-9])"	"1"
"20260209务必高度重视川子喊单10万点~"	"M1"	"买点"	"4"
"20260209务必高度重视川子喊单10万点~"	"M2"	"止损"	"3"
"20260209务必高度重视川子喊单10万点~"	"M2"	"减仓"	"1"
"20260209务必高度重视川子喊单10万点~"	"M3"	"(?<![A-Za-z])S1(?![0-9])"	"19"
"20260209务必高度重视川子喊单10万点~"	"M3"	"阶梯量"	"3"
"20260209务必高度重视川子喊单10万点~"	"M3"	"破白线"	"2"
"20260209务必高度重视川子喊单10万点~"	"M3"	"白线"	"5"
"20260209务必高度重视川子喊单10万点~"	"M3"	"黄线"	"5"
"20260209务必高度重视川子喊单10万点~"	"M3"	"出货"	"12"
"20260209务必高度重视川子喊单10万点~"	"M3"	"牵牛绳"	"2"
"20260209务必高度重视川子喊单10万点~"	"M3"	"五种出货"	"1"
"20260209务必高度重视川子喊单10万点~"	"M4"	"关键K"	"1"
"20260209务必高度重视川子喊单10万点~"	"M4"	"暴力K"	"3"
"20260209务必高度重视川子喊单10万点~"	"M4"	"异动"	"1"
"20260209务必高度重视川子喊单10万点~"	"M4"	"大风车"	"2"
"20260209务必高度重视川子喊单10万点~"	"M5"	"底仓"	"1"
"20260209务必高度重视川子喊单10万点~"	"M5"	"纪律"	"3"
"20260209务必高度重视川子喊单10万点~"	"M6"	"心态"	"2"
"20260209务必高度重视川子喊单10万点~"	"M6"	"散户"	"5"
"20260209务必高度重视川子喊单10万点~"	"M7"	"消费"	"1"
"20260209务必高度重视川子喊单10万点~"	"M7"	"芯片"	"3"
"20260209务必高度重视川子喊单10万点~"	"M7"	"算力"	"1"
"20260209务必高度重视川子喊单10万点~"	"M7"	"新能源"	"1"
"20260209务必高度重视川子喊单10万点~"	"M7"	"券商"	"8"
"20260209务必高度重视川子喊单10万点~"	"M9"	"闲聊"	"1"
"20260209务必高度重视川子喊单10万点~"	"M9"	"加餐"	"1"
"20260209务必高度重视川子喊单10万点~"	"M9"	"生活"	"1"
"20260209务必高度重视川子喊单10万点~"	"M9"	"足球"	"2"
"20260209务必高度重视川子喊单10万点~"	"M10"	"职业"	"3"
"20260211节前答疑时间"	"M0"	"活跃市值"	"10"
"20260211节前答疑时间"	"M0"	"多头区间"	"1"
"20260211节前答疑时间"	"M0"	"空头区间"	"1"
"20260211节前答疑时间"	"M0"	"只卖不买"	"3"
"20260211节前答疑时间"	"M0"	"池子"	"1"
"20260211节前答疑时间"	"M0"	"主线"	"1"
"20260211节前答疑时间"	"M0"	"空仓"	"4"
"20260211节前答疑时间"	"M0"	"休息"	"2"
"20260211节前答疑时间"	"M1"	"(?<!S)B1(?![0-9])"	"80"
"20260211节前答疑时间"	"M1"	"(?<!S)B2(?![0-9])"	"24"
"20260211节前答疑时间"	"M1"	"(?<!S)B3(?![0-9])"	"18"
"20260211节前答疑时间"	"M1"	"B一"	"6"
"20260211节前答疑时间"	"M1"	"买点"	"19"
"20260211节前答疑时间"	"M2"	"止损"	"44"
"20260211节前答疑时间"	"M2"	"放飞"	"5"
"20260211节前答疑时间"	"M2"	"止盈"	"2"
"20260211节前答疑时间"	"M2"	"中长阳"	"1"
"20260211节前答疑时间"	"M2"	"减仓"	"5"
"20260211节前答疑时间"	"M2"	"大阳线"	"4"
"20260211节前答疑时间"	"M3"	"(?<![A-Za-z])S1(?![0-9])"	"14"
"20260211节前答疑时间"	"M3"	"阶梯量"	"2"
"20260211节前答疑时间"	"M3"	"破白线"	"2"
"20260211节前答疑时间"	"M3"	"白线"	"42"
"20260211节前答疑时间"	"M3"	"黄线"	"50"
"20260211节前答疑时间"	"M3"	"击穿对手盘"	"4"
"20260211节前答疑时间"	"M3"	"出货"	"18"
"20260211节前答疑时间"	"M3"	"牵牛绳"	"4"
"20260211节前答疑时间"	"M4"	"关键K"	"5"
"20260211节前答疑时间"	"M4"	"暴力K"	"4"
"20260211节前答疑时间"	"M4"	"筹码"	"4"
"20260211节前答疑时间"	"M5"	"动态仓"	"8"
"20260211节前答疑时间"	"M5"	"底仓"	"11"
"20260211节前答疑时间"	"M5"	"纪律"	"9"
"20260211节前答疑时间"	"M6"	"心态"	"19"
"20260211节前答疑时间"	"M6"	"情绪"	"1"
"20260211节前答疑时间"	"M6"	"散户"	"21"
"20260211节前答疑时间"	"M6"	"思维"	"4"
"20260211节前答疑时间"	"M6"	"耐心"	"1"
"20260211节前答疑时间"	"M7"	"消费"	"7"
"20260211节前答疑时间"	"M8"	"复盘"	"4"
"20260211节前答疑时间"	"M8"	"作业"	"3"
"20260211节前答疑时间"	"M8"	"补课"	"1"
"20260211节前答疑时间"	"M8"	"案例"	"17"
"20260211节前答疑时间"	"M9"	"闲聊"	"1"
"20260211节前答疑时间"	"M9"	"生活"	"4"
"20260211节前答疑时间"	"M9"	"足球"	"5"
"20260211节前答疑时间"	"M10"	"职业"	"6"
"20260211节前答疑时间"	"M10"	"生意"	"3"
"20260211节前答疑时间"	"M10"	"决策"	"3"
"20260219 进阶】如何大幅提高选股的成功率"	"M0"	"活跃市值"	"7"
"20260219 进阶】如何大幅提高选股的成功率"	"M0"	"只卖不买"	"2"
"20260219 进阶】如何大幅提高选股的成功率"	"M0"	"择时"	"5"
"20260219 进阶】如何大幅提高选股的成功率"	"M0"	"休息"	"3"
"20260219 进阶】如何大幅提高选股的成功率"	"M1"	"B一"	"54"
"20260219 进阶】如何大幅提高选股的成功率"	"M1"	"B二"	"6"
"20260219 进阶】如何大幅提高选股的成功率"	"M1"	"B三"	"4"
"20260219 进阶】如何大幅提高选股的成功率"	"M1"	"买点"	"13"
"20260219 进阶】如何大幅提高选股的成功率"	"M1"	"上车"	"2"
"20260219 进阶】如何大幅提高选股的成功率"	"M2"	"止损"	"75"
"20260219 进阶】如何大幅提高选股的成功率"	"M2"	"放飞"	"10"
"20260219 进阶】如何大幅提高选股的成功率"	"M2"	"止盈"	"3"
"20260219 进阶】如何大幅提高选股的成功率"	"M2"	"前低"	"6"
"20260219 进阶】如何大幅提高选股的成功率"	"M2"	"减仓"	"2"
"20260219 进阶】如何大幅提高选股的成功率"	"M2"	"大阳线"	"1"
"20260219 进阶】如何大幅提高选股的成功率"	"M3"	"S一"	"9"
"20260219 进阶】如何大幅提高选股的成功率"	"M3"	"滴滴"	"6"
"20260219 进阶】如何大幅提高选股的成功率"	"M3"	"破白线"	"3"
"20260219 进阶】如何大幅提高选股的成功率"	"M3"	"白线"	"26"
"20260219 进阶】如何大幅提高选股的成功率"	"M3"	"黄线"	"23"
"20260219 进阶】如何大幅提高选股的成功率"	"M3"	"击穿对手盘"	"3"
"20260219 进阶】如何大幅提高选股的成功率"	"M3"	"忍一根"	"2"
"20260219 进阶】如何大幅提高选股的成功率"	"M3"	"出货"	"8"
"20260219 进阶】如何大幅提高选股的成功率"	"M3"	"牵牛绳"	"3"
"20260219 进阶】如何大幅提高选股的成功率"	"M4"	"关键K"	"2"
"20260219 进阶】如何大幅提高选股的成功率"	"M4"	"暴力K"	"10"
"20260219 进阶】如何大幅提高选股的成功率"	"M4"	"异动"	"2"
"20260219 进阶】如何大幅提高选股的成功率"	"M4"	"筹码"	"9"
"20260219 进阶】如何大幅提高选股的成功率"	"M4"	"N型"	"8"
"20260219 进阶】如何大幅提高选股的成功率"	"M4"	"对称"	"9"
"20260219 进阶】如何大幅提高选股的成功率"	"M4"	"建仓波"	"5"
"20260219 进阶】如何大幅提高选股的成功率"	"M4"	"拉升波"	"7"
"20260219 进阶】如何大幅提高选股的成功率"	"M4"	"冲刺波"	"6"
"20260219 进阶】如何大幅提高选股的成功率"	"M4"	"填坑"	"5"
"20260219 进阶】如何大幅提高选股的成功率"	"M4"	"出坑"	"4"
"20260219 进阶】如何大幅提高选股的成功率"	"M5"	"肌肉记忆"	"1"
"20260219 进阶】如何大幅提高选股的成功率"	"M5"	"纪律"	"5"
"20260219 进阶】如何大幅提高选股的成功率"	"M6"	"心态"	"7"
"20260219 进阶】如何大幅提高选股的成功率"	"M6"	"情绪"	"3"
"20260219 进阶】如何大幅提高选股的成功率"	"M6"	"散户"	"11"
"20260219 进阶】如何大幅提高选股的成功率"	"M6"	"思维"	"16"
"20260219 进阶】如何大幅提高选股的成功率"	"M7"	"政策"	"1"
"20260219 进阶】如何大幅提高选股的成功率"	"M7"	"创新药"	"1"
"20260219 进阶】如何大幅提高选股的成功率"	"M8"	"案例"	"15"
"20260219 进阶】如何大幅提高选股的成功率"	"M9"	"闲聊"	"3"
"20260219 进阶】如何大幅提高选股的成功率"	"M9"	"生活"	"3"
"20260219 进阶】如何大幅提高选股的成功率"	"M10"	"职业"	"1"
"20260219 进阶】如何大幅提高选股的成功率"	"M10"	"人生"	"1"
"20260219 进阶】如何大幅提高选股的成功率"	"M10"	"商业"	"2"
"20260219 进阶】如何大幅提高选股的成功率"	"M10"	"管理"	"5"
"20260219 进阶】如何大幅提高选股的成功率"	"M10"	"决策"	"3"
"20260220瑜伽裤战法"	"M0"	"活跃市值"	"1"
"20260220瑜伽裤战法"	"M0"	"择时"	"4"
"20260220瑜伽裤战法"	"M0"	"主线"	"1"
"20260220瑜伽裤战法"	"M0"	"休息"	"8"
"20260220瑜伽裤战法"	"M1"	"(?<!S)B1(?![0-9])"	"9"
"20260220瑜伽裤战法"	"M1"	"(?<!S)B2(?![0-9])"	"9"
"20260220瑜伽裤战法"	"M1"	"(?<!S)B3(?![0-9])"	"6"
"20260220瑜伽裤战法"	"M1"	"B一"	"5"
"20260220瑜伽裤战法"	"M1"	"B二"	"2"
"20260220瑜伽裤战法"	"M1"	"B三"	"2"
"20260220瑜伽裤战法"	"M1"	"单针下二十"	"1"
"20260220瑜伽裤战法"	"M1"	"专精图"	"14"
"20260220瑜伽裤战法"	"M1"	"买点"	"1"
"20260220瑜伽裤战法"	"M2"	"止损"	"28"
"20260220瑜伽裤战法"	"M2"	"放飞"	"1"
"20260220瑜伽裤战法"	"M2"	"没涨"	"1"
"20260220瑜伽裤战法"	"M2"	"止盈"	"7"
"20260220瑜伽裤战法"	"M2"	"减仓"	"1"
"20260220瑜伽裤战法"	"M3"	"(?<![A-Za-z])S1(?![0-9])"	"9"
"20260220瑜伽裤战法"	"M3"	"S一"	"1"
"20260220瑜伽裤战法"	"M3"	"滴滴"	"8"
"20260220瑜伽裤战法"	"M3"	"破白线"	"2"
"20260220瑜伽裤战法"	"M3"	"白线"	"8"
"20260220瑜伽裤战法"	"M3"	"黄线"	"16"
"20260220瑜伽裤战法"	"M3"	"卖飞"	"2"
"20260220瑜伽裤战法"	"M4"	"关键K"	"1"
"20260220瑜伽裤战法"	"M4"	"暴力K"	"1"
"20260220瑜伽裤战法"	"M4"	"倍量柱"	"2"
"20260220瑜伽裤战法"	"M4"	"N型"	"4"
"20260220瑜伽裤战法"	"M4"	"对称"	"1"
"20260220瑜伽裤战法"	"M4"	"拉升波"	"1"
"20260220瑜伽裤战法"	"M4"	"冲刺波"	"1"
"20260220瑜伽裤战法"	"M4"	"填坑"	"1"
"20260220瑜伽裤战法"	"M4"	"出坑"	"1"
"20260220瑜伽裤战法"	"M5"	"底仓"	"1"
"20260220瑜伽裤战法"	"M5"	"纪律"	"14"
"20260220瑜伽裤战法"	"M6"	"心态"	"12"
"20260220瑜伽裤战法"	"M6"	"情绪"	"6"
"20260220瑜伽裤战法"	"M6"	"人性"	"2"
"20260220瑜伽裤战法"	"M6"	"散户"	"20"
"20260220瑜伽裤战法"	"M6"	"思维"	"3"
"20260220瑜伽裤战法"	"M6"	"贪婪"	"1"
"20260220瑜伽裤战法"	"M7"	"宏观"	"1"
"20260220瑜伽裤战法"	"M7"	"政策"	"3"
"20260220瑜伽裤战法"	"M7"	"券商"	"1"
"20260220瑜伽裤战法"	"M8"	"复盘"	"1"
"20260220瑜伽裤战法"	"M8"	"案例"	"16"
"20260220瑜伽裤战法"	"M9"	"闲聊"	"1"
"20260220瑜伽裤战法"	"M9"	"加餐"	"1"
"20260220瑜伽裤战法"	"M10"	"管理"	"6"
"20260220瑜伽裤战法"	"M10"	"决策"	"4"
"20260224展望节后行情如何演绎？"	"M0"	"活跃市值"	"1"
"20260224展望节后行情如何演绎？"	"M0"	"只卖不买"	"1"
"20260224展望节后行情如何演绎？"	"M0"	"择时"	"1"
"20260224展望节后行情如何演绎？"	"M0"	"空仓"	"1"
"20260224展望节后行情如何演绎？"	"M1"	"B一"	"5"
"20260224展望节后行情如何演绎？"	"M1"	"B二"	"3"
"20260224展望节后行情如何演绎？"	"M1"	"B三"	"1"
"20260224展望节后行情如何演绎？"	"M1"	"砖形图"	"9"
"20260224展望节后行情如何演绎？"	"M1"	"买点"	"5"
"20260224展望节后行情如何演绎？"	"M2"	"止损"	"1"
"20260224展望节后行情如何演绎？"	"M2"	"大阳线"	"4"
"20260224展望节后行情如何演绎？"	"M3"	"阶梯量"	"5"
"20260224展望节后行情如何演绎？"	"M3"	"白线"	"3"
"20260224展望节后行情如何演绎？"	"M3"	"出货"	"5"
"20260224展望节后行情如何演绎？"	"M4"	"关键K"	"2"
"20260224展望节后行情如何演绎？"	"M4"	"暴力K"	"2"
"20260224展望节后行情如何演绎？"	"M4"	"异动"	"1"
"20260224展望节后行情如何演绎？"	"M4"	"N型"	"4"
"20260224展望节后行情如何演绎？"	"M5"	"动态仓"	"5"
"20260224展望节后行情如何演绎？"	"M5"	"底仓"	"4"
"20260224展望节后行情如何演绎？"	"M6"	"耐心"	"2"
"20260224展望节后行情如何演绎？"	"M8"	"案例"	"2"
"20260224展望节后行情如何演绎？"	"M9"	"闲聊"	"2"
"20260301 10张难看图形绝不能碰！（周日晚八）"	"M0"	"容错"	"1"
"20260301 10张难看图形绝不能碰！（周日晚八）"	"M1"	"B一"	"22"
"20260301 10张难看图形绝不能碰！（周日晚八）"	"M1"	"B二"	"6"
"20260301 10张难看图形绝不能碰！（周日晚八）"	"M1"	"B三"	"3"
"20260301 10张难看图形绝不能碰！（周日晚八）"	"M1"	"专精图"	"22"
"20260301 10张难看图形绝不能碰！（周日晚八）"	"M1"	"买点"	"4"
"20260301 10张难看图形绝不能碰！（周日晚八）"	"M1"	"上车"	"1"
"20260301 10张难看图形绝不能碰！（周日晚八）"	"M2"	"止损"	"10"
"20260301 10张难看图形绝不能碰！（周日晚八）"	"M2"	"减仓"	"1"
"20260301 10张难看图形绝不能碰！（周日晚八）"	"M3"	"S一"	"18"
"20260301 10张难看图形绝不能碰！（周日晚八）"	"M3"	"破白线"	"2"
"20260301 10张难看图形绝不能碰！（周日晚八）"	"M3"	"白线"	"21"
"20260301 10张难看图形绝不能碰！（周日晚八）"	"M3"	"黄线"	"30"
"20260301 10张难看图形绝不能碰！（周日晚八）"	"M3"	"击穿对手盘"	"9"
"20260301 10张难看图形绝不能碰！（周日晚八）"	"M3"	"忍一根"	"3"
"20260301 10张难看图形绝不能碰！（周日晚八）"	"M3"	"出货"	"8"
"20260301 10张难看图形绝不能碰！（周日晚八）"	"M3"	"逃顶"	"1"
"20260301 10张难看图形绝不能碰！（周日晚八）"	"M4"	"关键K"	"6"
"20260301 10张难看图形绝不能碰！（周日晚八）"	"M4"	"异动"	"1"
"20260301 10张难看图形绝不能碰！（周日晚八）"	"M4"	"筹码"	"2"
"20260301 10张难看图形绝不能碰！（周日晚八）"	"M4"	"N型"	"2"
"20260301 10张难看图形绝不能碰！（周日晚八）"	"M4"	"对称"	"1"
"20260301 10张难看图形绝不能碰！（周日晚八）"	"M5"	"交作业"	"1"
"20260301 10张难看图形绝不能碰！（周日晚八）"	"M5"	"纪律"	"4"
"20260301 10张难看图形绝不能碰！（周日晚八）"	"M6"	"散户"	"1"
"20260301 10张难看图形绝不能碰！（周日晚八）"	"M7"	"消费"	"1"
"20260301 10张难看图形绝不能碰！（周日晚八）"	"M8"	"复盘"	"4"
"20260301 10张难看图形绝不能碰！（周日晚八）"	"M8"	"作业"	"3"
"20260301 10张难看图形绝不能碰！（周日晚八）"	"M8"	"补课"	"1"
"20260301 10张难看图形绝不能碰！（周日晚八）"	"M8"	"案例"	"20"
"20260304 为什么又被炸成德A兰？（周三晚八）"	"M0"	"活跃市值"	"12"
"20260304 为什么又被炸成德A兰？（周三晚八）"	"M0"	"多头区间"	"1"
"20260304 为什么又被炸成德A兰？（周三晚八）"	"M0"	"空头区间"	"13"
"20260304 为什么又被炸成德A兰？（周三晚八）"	"M0"	"只卖不买"	"6"
"20260304 为什么又被炸成德A兰？（周三晚八）"	"M0"	"空仓"	"1"
"20260304 为什么又被炸成德A兰？（周三晚八）"	"M1"	"(?<!S)B1(?![0-9])"	"8"
"20260304 为什么又被炸成德A兰？（周三晚八）"	"M1"	"B一"	"14"
"20260304 为什么又被炸成德A兰？（周三晚八）"	"M1"	"B二"	"3"
"20260304 为什么又被炸成德A兰？（周三晚八）"	"M1"	"B三"	"4"
"20260304 为什么又被炸成德A兰？（周三晚八）"	"M1"	"专精图"	"3"
"20260304 为什么又被炸成德A兰？（周三晚八）"	"M1"	"长安图"	"1"
"20260304 为什么又被炸成德A兰？（周三晚八）"	"M1"	"买点"	"5"
"20260304 为什么又被炸成德A兰？（周三晚八）"	"M2"	"止损"	"27"
"20260304 为什么又被炸成德A兰？（周三晚八）"	"M2"	"止盈"	"2"
"20260304 为什么又被炸成德A兰？（周三晚八）"	"M2"	"前低"	"2"
"20260304 为什么又被炸成德A兰？（周三晚八）"	"M3"	"阶梯量"	"2"
"20260304 为什么又被炸成德A兰？（周三晚八）"	"M3"	"白线"	"16"
"20260304 为什么又被炸成德A兰？（周三晚八）"	"M3"	"黄线"	"43"
"20260304 为什么又被炸成德A兰？（周三晚八）"	"M3"	"击穿对手盘"	"3"
"20260304 为什么又被炸成德A兰？（周三晚八）"	"M3"	"死叉"	"2"
"20260304 为什么又被炸成德A兰？（周三晚八）"	"M3"	"出货"	"5"
"20260304 为什么又被炸成德A兰？（周三晚八）"	"M3"	"牵牛绳"	"1"
"20260304 为什么又被炸成德A兰？（周三晚八）"	"M4"	"关键K"	"1"
"20260304 为什么又被炸成德A兰？（周三晚八）"	"M4"	"暴力K"	"1"
"20260304 为什么又被炸成德A兰？（周三晚八）"	"M4"	"倍量柱"	"1"
"20260304 为什么又被炸成德A兰？（周三晚八）"	"M4"	"异动"	"2"
"20260304 为什么又被炸成德A兰？（周三晚八）"	"M4"	"筹码"	"1"
"20260304 为什么又被炸成德A兰？（周三晚八）"	"M4"	"ABC"	"1"
"20260304 为什么又被炸成德A兰？（周三晚八）"	"M4"	"N型"	"2"
"20260304 为什么又被炸成德A兰？（周三晚八）"	"M5"	"动态仓"	"11"
"20260304 为什么又被炸成德A兰？（周三晚八）"	"M5"	"底仓"	"9"
"20260304 为什么又被炸成德A兰？（周三晚八）"	"M5"	"纪律"	"15"
"20260304 为什么又被炸成德A兰？（周三晚八）"	"M6"	"情绪"	"6"
"20260304 为什么又被炸成德A兰？（周三晚八）"	"M6"	"人性"	"1"
"20260304 为什么又被炸成德A兰？（周三晚八）"	"M6"	"散户"	"2"
"20260304 为什么又被炸成德A兰？（周三晚八）"	"M7"	"产业"	"1"
"20260304 为什么又被炸成德A兰？（周三晚八）"	"M7"	"政策"	"1"
"20260304 为什么又被炸成德A兰？（周三晚八）"	"M7"	"消费"	"4"
"20260304 为什么又被炸成德A兰？（周三晚八）"	"M7"	"算力"	"1"
"20260304 为什么又被炸成德A兰？（周三晚八）"	"M7"	"新能源"	"8"
"20260304 为什么又被炸成德A兰？（周三晚八）"	"M7"	"券商"	"2"
"20260304 为什么又被炸成德A兰？（周三晚八）"	"M7"	"关税"	"1"
"20260304 为什么又被炸成德A兰？（周三晚八）"	"M8"	"复盘"	"3"
"20260304 为什么又被炸成德A兰？（周三晚八）"	"M8"	"案例"	"13"
"20260304 为什么又被炸成德A兰？（周三晚八）"	"M9"	"闲聊"	"1"
"20260304 为什么又被炸成德A兰？（周三晚八）"	"M9"	"生活"	"2"
"20260304 为什么又被炸成德A兰？（周三晚八）"	"M10"	"生意"	"1"
"20260304 为什么又被炸成德A兰？（周三晚八）"	"M10"	"领导"	"3"
"20260304 为什么又被炸成德A兰？（周三晚八）"	"M10"	"管理"	"2"
"20260309补充两个重要技能点"	"M1"	"B一"	"13"
"20260309补充两个重要技能点"	"M1"	"B二"	"1"
"20260309补充两个重要技能点"	"M1"	"买点"	"4"
"20260309补充两个重要技能点"	"M2"	"止损"	"1"
"20260309补充两个重要技能点"	"M2"	"放飞"	"4"
"20260309补充两个重要技能点"	"M2"	"止盈"	"1"
"20260309补充两个重要技能点"	"M2"	"破平台"	"1"
"20260309补充两个重要技能点"	"M2"	"前低"	"3"
"20260309补充两个重要技能点"	"M2"	"减仓"	"4"
"20260309补充两个重要技能点"	"M2"	"大阳线"	"9"
"20260309补充两个重要技能点"	"M3"	"S一"	"23"
"20260309补充两个重要技能点"	"M3"	"白线"	"21"
"20260309补充两个重要技能点"	"M3"	"黄线"	"24"
"20260309补充两个重要技能点"	"M3"	"忍一根"	"1"
"20260309补充两个重要技能点"	"M3"	"出货"	"14"
"20260309补充两个重要技能点"	"M4"	"异动"	"4"
"20260309补充两个重要技能点"	"M4"	"筹码"	"14"
"20260309补充两个重要技能点"	"M4"	"建仓波"	"10"
"20260309补充两个重要技能点"	"M5"	"底仓"	"1"
"20260309补充两个重要技能点"	"M5"	"纪律"	"12"
"20260309补充两个重要技能点"	"M6"	"情绪"	"1"
"20260309补充两个重要技能点"	"M6"	"散户"	"2"
"20260309补充两个重要技能点"	"M6"	"思维"	"2"
"20260309补充两个重要技能点"	"M8"	"复盘"	"1"
"20260309补充两个重要技能点"	"M8"	"案例"	"9"
"20260311九篇心法精讲（十年后版） 周三晚九"	"M0"	"活跃市值"	"3"
"20260311九篇心法精讲（十年后版） 周三晚九"	"M0"	"容错"	"2"
"20260311九篇心法精讲（十年后版） 周三晚九"	"M1"	"(?<!S)B1(?![0-9])"	"5"
"20260311九篇心法精讲（十年后版） 周三晚九"	"M1"	"(?<!S)B2(?![0-9])"	"1"
"20260311九篇心法精讲（十年后版） 周三晚九"	"M1"	"B一"	"3"
"20260311九篇心法精讲（十年后版） 周三晚九"	"M1"	"B二"	"5"
"20260311九篇心法精讲（十年后版） 周三晚九"	"M1"	"B三"	"2"
"20260311九篇心法精讲（十年后版） 周三晚九"	"M1"	"单针下二十"	"1"
"20260311九篇心法精讲（十年后版） 周三晚九"	"M1"	"砖形图"	"1"
"20260311九篇心法精讲（十年后版） 周三晚九"	"M1"	"买点"	"8"
"20260311九篇心法精讲（十年后版） 周三晚九"	"M2"	"止损"	"17"
"20260311九篇心法精讲（十年后版） 周三晚九"	"M2"	"放飞"	"5"
"20260311九篇心法精讲（十年后版） 周三晚九"	"M2"	"止盈"	"1"
"20260311九篇心法精讲（十年后版） 周三晚九"	"M2"	"破平台"	"1"
"20260311九篇心法精讲（十年后版） 周三晚九"	"M2"	"中长阳"	"1"
"20260311九篇心法精讲（十年后版） 周三晚九"	"M2"	"大阳线"	"2"
"20260311九篇心法精讲（十年后版） 周三晚九"	"M3"	"(?<![A-Za-z])S1(?![0-9])"	"5"
"20260311九篇心法精讲（十年后版） 周三晚九"	"M3"	"S一"	"8"
"20260311九篇心法精讲（十年后版） 周三晚九"	"M3"	"破白线"	"1"
"20260311九篇心法精讲（十年后版） 周三晚九"	"M3"	"白线"	"22"
"20260311九篇心法精讲（十年后版） 周三晚九"	"M3"	"黄线"	"26"
"20260311九篇心法精讲（十年后版） 周三晚九"	"M3"	"击穿对手盘"	"5"
"20260311九篇心法精讲（十年后版） 周三晚九"	"M3"	"忍一根"	"3"
"20260311九篇心法精讲（十年后版） 周三晚九"	"M3"	"出货"	"8"
"20260311九篇心法精讲（十年后版） 周三晚九"	"M3"	"牵牛绳"	"5"
"20260311九篇心法精讲（十年后版） 周三晚九"	"M4"	"筹码"	"8"
"20260311九篇心法精讲（十年后版） 周三晚九"	"M5"	"动态仓"	"1"
"20260311九篇心法精讲（十年后版） 周三晚九"	"M5"	"底仓"	"1"
"20260311九篇心法精讲（十年后版） 周三晚九"	"M5"	"纪律"	"1"
"20260311九篇心法精讲（十年后版） 周三晚九"	"M6"	"心态"	"2"
"20260311九篇心法精讲（十年后版） 周三晚九"	"M6"	"散户"	"13"
"20260311九篇心法精讲（十年后版） 周三晚九"	"M6"	"恐惧"	"3"
"20260311九篇心法精讲（十年后版） 周三晚九"	"M6"	"耐心"	"1"
"20260311九篇心法精讲（十年后版） 周三晚九"	"M7"	"产业"	"4"
"20260311九篇心法精讲（十年后版） 周三晚九"	"M7"	"政策"	"3"
"20260311九篇心法精讲（十年后版） 周三晚九"	"M7"	"消费"	"1"
"20260311九篇心法精讲（十年后版） 周三晚九"	"M7"	"芯片"	"4"
"20260311九篇心法精讲（十年后版） 周三晚九"	"M7"	"算力"	"1"
"20260311九篇心法精讲（十年后版） 周三晚九"	"M7"	"新能源"	"6"
"20260311九篇心法精讲（十年后版） 周三晚九"	"M7"	"券商"	"2"
"20260311九篇心法精讲（十年后版） 周三晚九"	"M7"	"PPI"	"1"
"20260311九篇心法精讲（十年后版） 周三晚九"	"M8"	"复盘"	"1"
"20260311九篇心法精讲（十年后版） 周三晚九"	"M8"	"案例"	"17"
"20260311九篇心法精讲（十年后版） 周三晚九"	"M9"	"生活"	"3"
"20260311九篇心法精讲（十年后版） 周三晚九"	"M10"	"人生"	"1"
"20260311九篇心法精讲（十年后版） 周三晚九"	"M10"	"商业"	"2"
"20260311九篇心法精讲（十年后版） 周三晚九"	"M10"	"生意"	"1"
"20260311九篇心法精讲（十年后版） 周三晚九"	"M10"	"管理"	"3"
"20260316 先破坏，再建设。（周日晚八）"	"M0"	"活跃市值"	"19"
"20260316 先破坏，再建设。（周日晚八）"	"M0"	"多头区间"	"2"
"20260316 先破坏，再建设。（周日晚八）"	"M0"	"空头区间"	"2"
"20260316 先破坏，再建设。（周日晚八）"	"M0"	"只卖不买"	"2"
"20260316 先破坏，再建设。（周日晚八）"	"M0"	"择时"	"3"
"20260316 先破坏，再建设。（周日晚八）"	"M0"	"主线"	"2"
"20260316 先破坏，再建设。（周日晚八）"	"M0"	"休息"	"3"
"20260316 先破坏，再建设。（周日晚八）"	"M1"	"B一"	"34"
"20260316 先破坏，再建设。（周日晚八）"	"M1"	"B二"	"6"
"20260316 先破坏，再建设。（周日晚八）"	"M1"	"B三"	"4"
"20260316 先破坏，再建设。（周日晚八）"	"M1"	"单针下二十"	"1"
"20260316 先破坏，再建设。（周日晚八）"	"M1"	"专精图"	"1"
"20260316 先破坏，再建设。（周日晚八）"	"M1"	"买点"	"10"
"20260316 先破坏，再建设。（周日晚八）"	"M1"	"上车"	"3"
"20260316 先破坏，再建设。（周日晚八）"	"M2"	"止损"	"17"
"20260316 先破坏，再建设。（周日晚八）"	"M2"	"放飞"	"1"
"20260316 先破坏，再建设。（周日晚八）"	"M2"	"没涨"	"3"
"20260316 先破坏，再建设。（周日晚八）"	"M2"	"减仓"	"3"
"20260316 先破坏，再建设。（周日晚八）"	"M2"	"大阳线"	"6"
"20260316 先破坏，再建设。（周日晚八）"	"M3"	"S一"	"15"
"20260316 先破坏，再建设。（周日晚八）"	"M3"	"滴滴"	"1"
"20260316 先破坏，再建设。（周日晚八）"	"M3"	"破白线"	"2"
"20260316 先破坏，再建设。（周日晚八）"	"M3"	"白线"	"19"
"20260316 先破坏，再建设。（周日晚八）"	"M3"	"黄线"	"48"
"20260316 先破坏，再建设。（周日晚八）"	"M3"	"出货"	"10"
"20260316 先破坏，再建设。（周日晚八）"	"M3"	"牵牛绳"	"5"
"20260316 先破坏，再建设。（周日晚八）"	"M4"	"筹码"	"10"
"20260316 先破坏，再建设。（周日晚八）"	"M5"	"底仓"	"1"
"20260316 先破坏，再建设。（周日晚八）"	"M5"	"交作业"	"1"
"20260316 先破坏，再建设。（周日晚八）"	"M5"	"肌肉记忆"	"1"
"20260316 先破坏，再建设。（周日晚八）"	"M5"	"纪律"	"6"
"20260316 先破坏，再建设。（周日晚八）"	"M6"	"心态"	"4"
"20260316 先破坏，再建设。（周日晚八）"	"M6"	"情绪"	"5"
"20260316 先破坏，再建设。（周日晚八）"	"M6"	"散户"	"8"
"20260316 先破坏，再建设。（周日晚八）"	"M6"	"思维"	"5"
"20260316 先破坏，再建设。（周日晚八）"	"M6"	"恐惧"	"3"
"20260316 先破坏，再建设。（周日晚八）"	"M7"	"政策"	"11"
"20260316 先破坏，再建设。（周日晚八）"	"M7"	"算力"	"1"
"20260316 先破坏，再建设。（周日晚八）"	"M7"	"券商"	"1"
"20260316 先破坏，再建设。（周日晚八）"	"M8"	"作业"	"3"
"20260316 先破坏，再建设。（周日晚八）"	"M8"	"案例"	"9"
"20260316 先破坏，再建设。（周日晚八）"	"M10"	"职业"	"2"
"20260316 先破坏，再建设。（周日晚八）"	"M10"	"管理"	"2"
"20260316 先破坏，再建设。（周日晚八）"	"M10"	"决策"	"2"
"20260318砖型图的核心用法（周三晚八）"	"M0"	"活跃市值"	"11"
"20260318砖型图的核心用法（周三晚八）"	"M0"	"多头区间"	"4"
"20260318砖型图的核心用法（周三晚八）"	"M0"	"空头区间"	"24"
"20260318砖型图的核心用法（周三晚八）"	"M0"	"只卖不买"	"9"
"20260318砖型图的核心用法（周三晚八）"	"M0"	"择时"	"7"
"20260318砖型图的核心用法（周三晚八）"	"M0"	"容错"	"2"
"20260318砖型图的核心用法（周三晚八）"	"M0"	"主线"	"1"
"20260318砖型图的核心用法（周三晚八）"	"M0"	"空仓"	"4"
"20260318砖型图的核心用法（周三晚八）"	"M0"	"休息"	"4"
"20260318砖型图的核心用法（周三晚八）"	"M1"	"(?<!S)B1(?![0-9])"	"24"
"20260318砖型图的核心用法（周三晚八）"	"M1"	"(?<!S)B2(?![0-9])"	"22"
"20260318砖型图的核心用法（周三晚八）"	"M1"	"(?<!S)B3(?![0-9])"	"4"
"20260318砖型图的核心用法（周三晚八）"	"M1"	"B一"	"19"
"20260318砖型图的核心用法（周三晚八）"	"M1"	"B二"	"15"
"20260318砖型图的核心用法（周三晚八）"	"M1"	"B三"	"3"
"20260318砖型图的核心用法（周三晚八）"	"M1"	"砖形图"	"16"
"20260318砖型图的核心用法（周三晚八）"	"M1"	"砖型图"	"1"
"20260318砖型图的核心用法（周三晚八）"	"M1"	"专精图"	"20"
"20260318砖型图的核心用法（周三晚八）"	"M1"	"买点"	"14"
"20260318砖型图的核心用法（周三晚八）"	"M2"	"止损"	"31"
"20260318砖型图的核心用法（周三晚八）"	"M2"	"放飞"	"36"
"20260318砖型图的核心用法（周三晚八）"	"M2"	"没涨"	"1"
"20260318砖型图的核心用法（周三晚八）"	"M2"	"盈转亏"	"2"
"20260318砖型图的核心用法（周三晚八）"	"M2"	"止盈"	"1"
"20260318砖型图的核心用法（周三晚八）"	"M2"	"前低"	"2"
"20260318砖型图的核心用法（周三晚八）"	"M2"	"减仓"	"17"
"20260318砖型图的核心用法（周三晚八）"	"M3"	"(?<![A-Za-z])S1(?![0-9])"	"8"
"20260318砖型图的核心用法（周三晚八）"	"M3"	"S一"	"3"
"20260318砖型图的核心用法（周三晚八）"	"M3"	"滴滴"	"4"
"20260318砖型图的核心用法（周三晚八）"	"M3"	"阶梯量"	"3"
"20260318砖型图的核心用法（周三晚八）"	"M3"	"破白线"	"3"
"20260318砖型图的核心用法（周三晚八）"	"M3"	"白线"	"9"
"20260318砖型图的核心用法（周三晚八）"	"M3"	"黄线"	"31"
"20260318砖型图的核心用法（周三晚八）"	"M3"	"击穿对手盘"	"1"
"20260318砖型图的核心用法（周三晚八）"	"M3"	"死叉"	"1"
"20260318砖型图的核心用法（周三晚八）"	"M3"	"出货"	"8"
"20260318砖型图的核心用法（周三晚八）"	"M4"	"倍量柱"	"8"
"20260318砖型图的核心用法（周三晚八）"	"M4"	"异动"	"1"
"20260318砖型图的核心用法（周三晚八）"	"M4"	"筹码"	"14"
"20260318砖型图的核心用法（周三晚八）"	"M4"	"N型"	"28"
"20260318砖型图的核心用法（周三晚八）"	"M4"	"四块砖"	"29"
"20260318砖型图的核心用法（周三晚八）"	"M5"	"框架"	"8"
"20260318砖型图的核心用法（周三晚八）"	"M5"	"动态仓"	"4"
"20260318砖型图的核心用法（周三晚八）"	"M5"	"底仓"	"9"
"20260318砖型图的核心用法（周三晚八）"	"M5"	"知行合一"	"2"
"20260318砖型图的核心用法（周三晚八）"	"M5"	"纪律"	"19"
"20260318砖型图的核心用法（周三晚八）"	"M6"	"心态"	"19"
"20260318砖型图的核心用法（周三晚八）"	"M6"	"情绪"	"4"
"20260318砖型图的核心用法（周三晚八）"	"M6"	"散户"	"9"
"20260318砖型图的核心用法（周三晚八）"	"M6"	"思维"	"1"
"20260318砖型图的核心用法（周三晚八）"	"M8"	"考试"	"1"
"20260318砖型图的核心用法（周三晚八）"	"M8"	"补课"	"1"
"20260318砖型图的核心用法（周三晚八）"	"M8"	"案例"	"11"
"20260318砖型图的核心用法（周三晚八）"	"M9"	"闲聊"	"2"
"20260318砖型图的核心用法（周三晚八）"	"M9"	"生活"	"1"
"20260318砖型图的核心用法（周三晚八）"	"M10"	"人生"	"1"
"20260318砖型图的核心用法（周三晚八）"	"M10"	"管理"	"3"
"20260318砖型图的核心用法（周三晚八）"	"M10"	"决策"	"4"
"20260322 砍柴，挑水，做饭"	"M0"	"活跃市值"	"7"
"20260322 砍柴，挑水，做饭"	"M0"	"多头区间"	"1"
"20260322 砍柴，挑水，做饭"	"M0"	"空头区间"	"1"
"20260322 砍柴，挑水，做饭"	"M0"	"只卖不买"	"3"
"20260322 砍柴，挑水，做饭"	"M0"	"空仓"	"1"
"20260322 砍柴，挑水，做饭"	"M1"	"(?<!S)B1(?![0-9])"	"3"
"20260322 砍柴，挑水，做饭"	"M1"	"(?<!S)B2(?![0-9])"	"1"
"20260322 砍柴，挑水，做饭"	"M1"	"(?<!S)B3(?![0-9])"	"1"
"20260322 砍柴，挑水，做饭"	"M1"	"专精图"	"3"
"20260322 砍柴，挑水，做饭"	"M1"	"买点"	"2"
"20260322 砍柴，挑水，做饭"	"M2"	"止损"	"3"
"20260322 砍柴，挑水，做饭"	"M2"	"放飞"	"6"
"20260322 砍柴，挑水，做饭"	"M2"	"止盈"	"1"
"20260322 砍柴，挑水，做饭"	"M2"	"减仓"	"3"
"20260322 砍柴，挑水，做饭"	"M3"	"(?<![A-Za-z])S1(?![0-9])"	"4"
"20260322 砍柴，挑水，做饭"	"M3"	"滴滴"	"2"
"20260322 砍柴，挑水，做饭"	"M3"	"阶梯量"	"2"
"20260322 砍柴，挑水，做饭"	"M3"	"破白线"	"3"
"20260322 砍柴，挑水，做饭"	"M3"	"白线"	"9"
"20260322 砍柴，挑水，做饭"	"M3"	"黄线"	"13"
"20260322 砍柴，挑水，做饭"	"M3"	"出货"	"8"
"20260322 砍柴，挑水，做饭"	"M4"	"筹码"	"21"
"20260322 砍柴，挑水，做饭"	"M4"	"四块砖"	"4"
"20260322 砍柴，挑水，做饭"	"M5"	"纪律"	"2"
"20260322 砍柴，挑水，做饭"	"M6"	"心态"	"6"
"20260322 砍柴，挑水，做饭"	"M6"	"情绪"	"3"
"20260322 砍柴，挑水，做饭"	"M6"	"人性"	"1"
"20260322 砍柴，挑水，做饭"	"M6"	"散户"	"2"
"20260322 砍柴，挑水，做饭"	"M6"	"思维"	"2"
"20260322 砍柴，挑水，做饭"	"M6"	"承受力"	"1"
"20260322 砍柴，挑水，做饭"	"M7"	"宏观"	"1"
"20260322 砍柴，挑水，做饭"	"M7"	"政策"	"4"
"20260322 砍柴，挑水，做饭"	"M7"	"券商"	"2"
"20260322 砍柴，挑水，做饭"	"M7"	"关税"	"1"
"20260322 砍柴，挑水，做饭"	"M8"	"案例"	"2"
"20260322 砍柴，挑水，做饭"	"M9"	"闲聊"	"1"
"20260322 砍柴，挑水，做饭"	"M10"	"商业"	"1"
"20260322 砍柴，挑水，做饭"	"M10"	"领导"	"1"
"20260322 砍柴，挑水，做饭"	"M10"	"决策"	"1"
"20260325 砖型图的三种定式（周三晚7点30）"	"M0"	"活跃市值"	"11"
"20260325 砖型图的三种定式（周三晚7点30）"	"M0"	"多头区间"	"7"
"20260325 砖型图的三种定式（周三晚7点30）"	"M0"	"空头区间"	"9"
"20260325 砖型图的三种定式（周三晚7点30）"	"M0"	"只卖不买"	"6"
"20260325 砖型图的三种定式（周三晚7点30）"	"M0"	"择时"	"1"
"20260325 砖型图的三种定式（周三晚7点30）"	"M0"	"容错"	"1"
"20260325 砖型图的三种定式（周三晚7点30）"	"M0"	"空仓"	"5"
"20260325 砖型图的三种定式（周三晚7点30）"	"M0"	"休息"	"1"
"20260325 砖型图的三种定式（周三晚7点30）"	"M1"	"(?<!S)B1(?![0-9])"	"5"
"20260325 砖型图的三种定式（周三晚7点30）"	"M1"	"(?<!S)B2(?![0-9])"	"4"
"20260325 砖型图的三种定式（周三晚7点30）"	"M1"	"B一"	"11"
"20260325 砖型图的三种定式（周三晚7点30）"	"M1"	"B二"	"5"
"20260325 砖型图的三种定式（周三晚7点30）"	"M1"	"砖形图"	"20"
"20260325 砖型图的三种定式（周三晚7点30）"	"M1"	"专精图"	"14"
"20260325 砖型图的三种定式（周三晚7点30）"	"M1"	"买点"	"8"
"20260325 砖型图的三种定式（周三晚7点30）"	"M2"	"止损"	"13"
"20260325 砖型图的三种定式（周三晚7点30）"	"M2"	"放飞"	"7"
"20260325 砖型图的三种定式（周三晚7点30）"	"M2"	"没涨"	"1"
"20260325 砖型图的三种定式（周三晚7点30）"	"M2"	"赢转亏"	"1"
"20260325 砖型图的三种定式（周三晚7点30）"	"M2"	"止盈"	"1"
"20260325 砖型图的三种定式（周三晚7点30）"	"M2"	"前低"	"1"
"20260325 砖型图的三种定式（周三晚7点30）"	"M2"	"减仓"	"8"
"20260325 砖型图的三种定式（周三晚7点30）"	"M2"	"大阳线"	"1"
"20260325 砖型图的三种定式（周三晚7点30）"	"M3"	"(?<![A-Za-z])S1(?![0-9])"	"9"
"20260325 砖型图的三种定式（周三晚7点30）"	"M3"	"S一"	"5"
"20260325 砖型图的三种定式（周三晚7点30）"	"M3"	"破白线"	"2"
"20260325 砖型图的三种定式（周三晚7点30）"	"M3"	"白线"	"14"
"20260325 砖型图的三种定式（周三晚7点30）"	"M3"	"黄线"	"23"
"20260325 砖型图的三种定式（周三晚7点30）"	"M3"	"忍一根"	"4"
"20260325 砖型图的三种定式（周三晚7点30）"	"M3"	"贾玲"	"1"
"20260325 砖型图的三种定式（周三晚7点30）"	"M3"	"出货"	"13"
"20260325 砖型图的三种定式（周三晚7点30）"	"M3"	"卖飞"	"1"
"20260325 砖型图的三种定式（周三晚7点30）"	"M4"	"关键K"	"3"
"20260325 砖型图的三种定式（周三晚7点30）"	"M4"	"暴力K"	"3"
"20260325 砖型图的三种定式（周三晚7点30）"	"M4"	"筹码"	"21"
"20260325 砖型图的三种定式（周三晚7点30）"	"M4"	"N型"	"11"
"20260325 砖型图的三种定式（周三晚7点30）"	"M4"	"四块砖"	"6"
"20260325 砖型图的三种定式（周三晚7点30）"	"M4"	"大风车"	"2"
"20260325 砖型图的三种定式（周三晚7点30）"	"M5"	"混沌"	"2"
"20260325 砖型图的三种定式（周三晚7点30）"	"M5"	"知行合一"	"1"
"20260325 砖型图的三种定式（周三晚7点30）"	"M5"	"纪律"	"22"
"20260325 砖型图的三种定式（周三晚7点30）"	"M6"	"心态"	"12"
"20260325 砖型图的三种定式（周三晚7点30）"	"M6"	"情绪"	"5"
"20260325 砖型图的三种定式（周三晚7点30）"	"M6"	"人性"	"1"
"20260325 砖型图的三种定式（周三晚7点30）"	"M6"	"思维"	"6"
"20260325 砖型图的三种定式（周三晚7点30）"	"M6"	"承受力"	"1"
"20260325 砖型图的三种定式（周三晚7点30）"	"M7"	"券商"	"3"
"20260325 砖型图的三种定式（周三晚7点30）"	"M8"	"考试"	"3"
"20260325 砖型图的三种定式（周三晚7点30）"	"M8"	"复盘"	"4"
"20260325 砖型图的三种定式（周三晚7点30）"	"M8"	"案例"	"33"
"20260325 砖型图的三种定式（周三晚7点30）"	"M9"	"闲聊"	"3"
"20260325 砖型图的三种定式（周三晚7点30）"	"M9"	"生活"	"3"
"20260325 砖型图的三种定式（周三晚7点30）"	"M10"	"人生"	"1"
"20260325 砖型图的三种定式（周三晚7点30）"	"M10"	"生意"	"2"
"20260325 砖型图的三种定式（周三晚7点30）"	"M10"	"职场"	"3"
"20260325 砖型图的三种定式（周三晚7点30）"	"M10"	"管理"	"2"
"20260330 全面推演美军若地面取胜概率（周日晚八）"	"M0"	"多头区间"	"6"
"20260330 全面推演美军若地面取胜概率（周日晚八）"	"M0"	"空头区间"	"9"
"20260330 全面推演美军若地面取胜概率（周日晚八）"	"M0"	"择时"	"8"
"20260330 全面推演美军若地面取胜概率（周日晚八）"	"M0"	"容错"	"1"
"20260330 全面推演美军若地面取胜概率（周日晚八）"	"M0"	"空仓"	"1"
"20260330 全面推演美军若地面取胜概率（周日晚八）"	"M1"	"B一"	"16"
"20260330 全面推演美军若地面取胜概率（周日晚八）"	"M1"	"砖型图"	"1"
"20260330 全面推演美军若地面取胜概率（周日晚八）"	"M1"	"专精图"	"10"
"20260330 全面推演美军若地面取胜概率（周日晚八）"	"M1"	"买点"	"4"
"20260330 全面推演美军若地面取胜概率（周日晚八）"	"M2"	"止损"	"3"
"20260330 全面推演美军若地面取胜概率（周日晚八）"	"M2"	"放飞"	"19"
"20260330 全面推演美军若地面取胜概率（周日晚八）"	"M2"	"没涨"	"2"
"20260330 全面推演美军若地面取胜概率（周日晚八）"	"M3"	"S一"	"2"
"20260330 全面推演美军若地面取胜概率（周日晚八）"	"M3"	"破白线"	"6"
"20260330 全面推演美军若地面取胜概率（周日晚八）"	"M3"	"白线"	"15"
"20260330 全面推演美军若地面取胜概率（周日晚八）"	"M3"	"黄线"	"3"
"20260330 全面推演美军若地面取胜概率（周日晚八）"	"M3"	"出货"	"2"
"20260330 全面推演美军若地面取胜概率（周日晚八）"	"M3"	"牵牛绳"	"8"
"20260330 全面推演美军若地面取胜概率（周日晚八）"	"M4"	"异动"	"4"
"20260330 全面推演美军若地面取胜概率（周日晚八）"	"M4"	"N型"	"2"
"20260330 全面推演美军若地面取胜概率（周日晚八）"	"M4"	"四块砖"	"3"
"20260330 全面推演美军若地面取胜概率（周日晚八）"	"M4"	"四块绿砖"	"2"
"20260330 全面推演美军若地面取胜概率（周日晚八）"	"M5"	"纪律"	"2"
"20260330 全面推演美军若地面取胜概率（周日晚八）"	"M6"	"心态"	"4"
"20260330 全面推演美军若地面取胜概率（周日晚八）"	"M6"	"人性"	"1"
"20260330 全面推演美军若地面取胜概率（周日晚八）"	"M6"	"散户"	"5"
"20260330 全面推演美军若地面取胜概率（周日晚八）"	"M6"	"耐心"	"1"
"20260330 全面推演美军若地面取胜概率（周日晚八）"	"M7"	"创新药"	"16"
"20260330 全面推演美军若地面取胜概率（周日晚八）"	"M7"	"消费"	"1"
"20260330 全面推演美军若地面取胜概率（周日晚八）"	"M7"	"有色"	"1"
"20260330 全面推演美军若地面取胜概率（周日晚八）"	"M7"	"券商"	"5"
"20260330 全面推演美军若地面取胜概率（周日晚八）"	"M7"	"医药"	"2"
"20260330 全面推演美军若地面取胜概率（周日晚八）"	"M8"	"补课"	"1"
"20260330 全面推演美军若地面取胜概率（周日晚八）"	"M8"	"案例"	"2"
"20260330 全面推演美军若地面取胜概率（周日晚八）"	"M9"	"高尔夫"	"4"
"20260404 二楼补钟：重要一课"	"M0"	"活跃市值"	"6"
"20260404 二楼补钟：重要一课"	"M0"	"多头区间"	"2"
"20260404 二楼补钟：重要一课"	"M0"	"空头区间"	"9"
"20260404 二楼补钟：重要一课"	"M0"	"只卖不买"	"1"
"20260404 二楼补钟：重要一课"	"M0"	"择时"	"6"
"20260404 二楼补钟：重要一课"	"M0"	"容错"	"2"
"20260404 二楼补钟：重要一课"	"M0"	"主线"	"3"
"20260404 二楼补钟：重要一课"	"M0"	"空仓"	"3"
"20260404 二楼补钟：重要一课"	"M0"	"休息"	"3"
"20260404 二楼补钟：重要一课"	"M1"	"(?<!S)B1(?![0-9])"	"11"
"20260404 二楼补钟：重要一课"	"M1"	"(?<!S)B2(?![0-9])"	"4"
"20260404 二楼补钟：重要一课"	"M1"	"(?<!S)B3(?![0-9])"	"2"
"20260404 二楼补钟：重要一课"	"M1"	"砖型图"	"1"
"20260404 二楼补钟：重要一课"	"M1"	"专精图"	"16"
"20260404 二楼补钟：重要一课"	"M1"	"买点"	"6"
"20260404 二楼补钟：重要一课"	"M2"	"止损"	"15"
"20260404 二楼补钟：重要一课"	"M2"	"放飞"	"1"
"20260404 二楼补钟：重要一课"	"M2"	"赢转亏"	"4"
"20260404 二楼补钟：重要一课"	"M2"	"止盈"	"1"
"20260404 二楼补钟：重要一课"	"M3"	"(?<![A-Za-z])S1(?![0-9])"	"3"
"20260404 二楼补钟：重要一课"	"M3"	"白线"	"17"
"20260404 二楼补钟：重要一课"	"M3"	"黄线"	"12"
"20260404 二楼补钟：重要一课"	"M3"	"死叉"	"1"
"20260404 二楼补钟：重要一课"	"M3"	"出货"	"2"
"20260404 二楼补钟：重要一课"	"M4"	"筹码"	"12"
"20260404 二楼补钟：重要一课"	"M4"	"四块砖"	"4"
"20260404 二楼补钟：重要一课"	"M4"	"四块绿砖"	"1"
"20260404 二楼补钟：重要一课"	"M5"	"框架"	"3"
"20260404 二楼补钟：重要一课"	"M5"	"底仓"	"3"
"20260404 二楼补钟：重要一课"	"M5"	"知行合一"	"6"
"20260404 二楼补钟：重要一课"	"M5"	"纪律"	"11"
"20260404 二楼补钟：重要一课"	"M6"	"心态"	"7"
"20260404 二楼补钟：重要一课"	"M6"	"情绪"	"1"
"20260404 二楼补钟：重要一课"	"M6"	"人性"	"2"
"20260404 二楼补钟：重要一课"	"M6"	"散户"	"1"
"20260404 二楼补钟：重要一课"	"M6"	"思维"	"8"
"20260404 二楼补钟：重要一课"	"M6"	"耐心"	"1"
"20260404 二楼补钟：重要一课"	"M7"	"产业"	"2"
"20260404 二楼补钟：重要一课"	"M7"	"宏观"	"3"
"20260404 二楼补钟：重要一课"	"M7"	"政策"	"6"
"20260404 二楼补钟：重要一课"	"M7"	"创新药"	"8"
"20260404 二楼补钟：重要一课"	"M7"	"消费"	"1"
"20260404 二楼补钟：重要一课"	"M7"	"算力"	"6"
"20260404 二楼补钟：重要一课"	"M7"	"新能源"	"3"
"20260404 二楼补钟：重要一课"	"M7"	"有色"	"2"
"20260404 二楼补钟：重要一课"	"M7"	"券商"	"5"
"20260404 二楼补钟：重要一课"	"M7"	"关税"	"2"
"20260404 二楼补钟：重要一课"	"M7"	"美联储"	"1"
"20260404 二楼补钟：重要一课"	"M8"	"复盘"	"5"
"20260404 二楼补钟：重要一课"	"M8"	"补课"	"1"
"20260404 二楼补钟：重要一课"	"M8"	"案例"	"4"
"20260404 二楼补钟：重要一课"	"M9"	"闲聊"	"3"
"20260404 二楼补钟：重要一课"	"M9"	"生活"	"3"
"20260404 二楼补钟：重要一课"	"M10"	"职业"	"1"
"20260404 二楼补钟：重要一课"	"M10"	"人生"	"2"
"20260404 二楼补钟：重要一课"	"M10"	"商业"	"2"
"20260404 二楼补钟：重要一课"	"M10"	"职场"	"4"
"20260404 二楼补钟：重要一课"	"M10"	"领导"	"2"
"20260404 二楼补钟：重要一课"	"M10"	"管理"	"10"
"20260404 二楼补钟：重要一课"	"M10"	"决策"	"3"
"20260404重要一课（周六晚八）"	"M0"	"活跃市值"	"6"
"20260404重要一课（周六晚八）"	"M0"	"多头区间"	"8"
"20260404重要一课（周六晚八）"	"M0"	"空头区间"	"32"
"20260404重要一课（周六晚八）"	"M0"	"只卖不买"	"5"
"20260404重要一课（周六晚八）"	"M0"	"择时"	"17"
"20260404重要一课（周六晚八）"	"M0"	"容错"	"2"
"20260404重要一课（周六晚八）"	"M0"	"主线"	"3"
"20260404重要一课（周六晚八）"	"M0"	"空仓"	"5"
"20260404重要一课（周六晚八）"	"M0"	"休息"	"9"
"20260404重要一课（周六晚八）"	"M1"	"(?<!S)B1(?![0-9])"	"12"
"20260404重要一课（周六晚八）"	"M1"	"(?<!S)B2(?![0-9])"	"3"
"20260404重要一课（周六晚八）"	"M1"	"(?<!S)B3(?![0-9])"	"3"
"20260404重要一课（周六晚八）"	"M1"	"B一"	"4"
"20260404重要一课（周六晚八）"	"M1"	"B二"	"1"
"20260404重要一课（周六晚八）"	"M1"	"B三"	"1"
"20260404重要一课（周六晚八）"	"M1"	"专精图"	"6"
"20260404重要一课（周六晚八）"	"M1"	"买点"	"3"
"20260404重要一课（周六晚八）"	"M1"	"上车"	"2"
"20260404重要一课（周六晚八）"	"M2"	"止损"	"34"
"20260404重要一课（周六晚八）"	"M2"	"放飞"	"8"
"20260404重要一课（周六晚八）"	"M2"	"赢转亏"	"4"
"20260404重要一课（周六晚八）"	"M2"	"止盈"	"1"
"20260404重要一课（周六晚八）"	"M2"	"破平台"	"1"
"20260404重要一课（周六晚八）"	"M2"	"减仓"	"3"
"20260404重要一课（周六晚八）"	"M2"	"中阳线"	"1"
"20260404重要一课（周六晚八）"	"M2"	"大阳线"	"1"
"20260404重要一课（周六晚八）"	"M3"	"滴滴"	"1"
"20260404重要一课（周六晚八）"	"M3"	"破白线"	"3"
"20260404重要一课（周六晚八）"	"M3"	"白线"	"15"
"20260404重要一课（周六晚八）"	"M3"	"黄线"	"23"
"20260404重要一课（周六晚八）"	"M3"	"死叉"	"2"
"20260404重要一课（周六晚八）"	"M3"	"出货"	"4"
"20260404重要一课（周六晚八）"	"M4"	"筹码"	"10"
"20260404重要一课（周六晚八）"	"M4"	"N型"	"2"
"20260404重要一课（周六晚八）"	"M4"	"对称"	"1"
"20260404重要一课（周六晚八）"	"M4"	"四块砖"	"3"
"20260404重要一课（周六晚八）"	"M5"	"框架"	"8"
"20260404重要一课（周六晚八）"	"M5"	"底仓"	"7"
"20260404重要一课（周六晚八）"	"M5"	"知行合一"	"27"
"20260404重要一课（周六晚八）"	"M5"	"纪律"	"24"
"20260404重要一课（周六晚八）"	"M6"	"心态"	"30"
"20260404重要一课（周六晚八）"	"M6"	"情绪"	"11"
"20260404重要一课（周六晚八）"	"M6"	"人性"	"5"
"20260404重要一课（周六晚八）"	"M6"	"散户"	"27"
"20260404重要一课（周六晚八）"	"M6"	"思维"	"8"
"20260404重要一课（周六晚八）"	"M6"	"耐心"	"5"
"20260404重要一课（周六晚八）"	"M7"	"产业"	"7"
"20260404重要一课（周六晚八）"	"M7"	"宏观"	"4"
"20260404重要一课（周六晚八）"	"M7"	"政策"	"26"
"20260404重要一课（周六晚八）"	"M7"	"消费"	"3"
"20260404重要一课（周六晚八）"	"M7"	"算力"	"2"
"20260404重要一课（周六晚八）"	"M7"	"新能源"	"4"
"20260404重要一课（周六晚八）"	"M7"	"有色"	"1"
"20260404重要一课（周六晚八）"	"M7"	"券商"	"6"
"20260404重要一课（周六晚八）"	"M8"	"考试"	"1"
"20260404重要一课（周六晚八）"	"M8"	"复盘"	"12"
"20260404重要一课（周六晚八）"	"M8"	"补课"	"2"
"20260404重要一课（周六晚八）"	"M8"	"案例"	"8"
"20260404重要一课（周六晚八）"	"M9"	"闲聊"	"7"
"20260404重要一课（周六晚八）"	"M9"	"加餐"	"1"
"20260404重要一课（周六晚八）"	"M9"	"聊天"	"1"
"20260404重要一课（周六晚八）"	"M9"	"高尔夫"	"3"
"20260404重要一课（周六晚八）"	"M9"	"生活"	"7"
"20260404重要一课（周六晚八）"	"M10"	"职业"	"4"
"20260404重要一课（周六晚八）"	"M10"	"人生"	"9"
"20260404重要一课（周六晚八）"	"M10"	"生意"	"1"
"20260404重要一课（周六晚八）"	"M10"	"职场"	"2"
"20260404重要一课（周六晚八）"	"M10"	"领导"	"5"
"20260404重要一课（周六晚八）"	"M10"	"管理"	"16"
"20260404重要一课（周六晚八）"	"M10"	"决策"	"14"
"20260406"	"M0"	"活跃市值"	"30"
"20260406"	"M0"	"多头区间"	"7"
"20260406"	"M0"	"空头区间"	"18"
"20260406"	"M0"	"只卖不买"	"8"
"20260406"	"M0"	"择时"	"2"
"20260406"	"M0"	"主线"	"6"
"20260406"	"M0"	"空仓"	"2"
"20260406"	"M0"	"休息"	"4"
"20260406"	"M1"	"(?<!S)B1(?![0-9])"	"10"
"20260406"	"M1"	"(?<!S)B2(?![0-9])"	"1"
"20260406"	"M1"	"(?<!S)B3(?![0-9])"	"1"
"20260406"	"M1"	"B一"	"7"
"20260406"	"M1"	"B二"	"3"
"20260406"	"M1"	"单针下二十"	"1"
"20260406"	"M1"	"砖形图"	"2"
"20260406"	"M1"	"专精图"	"2"
"20260406"	"M1"	"买点"	"4"
"20260406"	"M1"	"上车"	"2"
"20260406"	"M2"	"止损"	"4"
"20260406"	"M2"	"放飞"	"1"
"20260406"	"M2"	"没涨"	"2"
"20260406"	"M2"	"前低"	"2"
"20260406"	"M2"	"减仓"	"1"
"20260406"	"M3"	"(?<![A-Za-z])S1(?![0-9])"	"1"
"20260406"	"M3"	"黄线"	"4"
"20260406"	"M3"	"出货"	"7"
"20260406"	"M4"	"异动"	"5"
"20260406"	"M4"	"筹码"	"70"
"20260406"	"M4"	"ABC"	"2"
"20260406"	"M4"	"N型"	"3"
"20260406"	"M4"	"拉升波"	"1"
"20260406"	"M5"	"底仓"	"3"
"20260406"	"M5"	"二元对立"	"3"
"20260406"	"M5"	"知行合一"	"3"
"20260406"	"M5"	"纪律"	"3"
"20260406"	"M6"	"心态"	"9"
"20260406"	"M6"	"情绪"	"20"
"20260406"	"M6"	"人性"	"3"
"20260406"	"M6"	"散户"	"46"
"20260406"	"M6"	"思维"	"3"
"20260406"	"M6"	"恐惧"	"5"
"20260406"	"M6"	"贪婪"	"2"
"20260406"	"M6"	"耐心"	"8"
"20260406"	"M7"	"产业"	"12"
"20260406"	"M7"	"宏观"	"6"
"20260406"	"M7"	"政策"	"15"
"20260406"	"M7"	"创新药"	"20"
"20260406"	"M7"	"消费"	"14"
"20260406"	"M7"	"算力"	"7"
"20260406"	"M7"	"新能源"	"6"
"20260406"	"M7"	"有色"	"2"
"20260406"	"M7"	"券商"	"6"
"20260406"	"M7"	"关税"	"5"
"20260406"	"M8"	"考试"	"2"
"20260406"	"M8"	"复盘"	"3"
"20260406"	"M8"	"作业"	"1"
"20260406"	"M8"	"案例"	"7"
"20260406"	"M9"	"闲聊"	"5"
"20260406"	"M9"	"扯淡"	"1"
"20260406"	"M9"	"高尔夫"	"2"
"20260406"	"M9"	"生活"	"10"
"20260406"	"M9"	"足球"	"2"
"20260406"	"M10"	"职业"	"12"
"20260406"	"M10"	"人生"	"6"
"20260406"	"M10"	"商业"	"14"
"20260406"	"M10"	"生意"	"1"
"20260406"	"M10"	"领导"	"6"
"20260406"	"M10"	"管理"	"17"
"20260406"	"M10"	"决策"	"2"
"20260408筹码理论在当今A股的应用"	"M0"	"活跃市值"	"32"
"20260408筹码理论在当今A股的应用"	"M0"	"多头区间"	"8"
"20260408筹码理论在当今A股的应用"	"M0"	"空头区间"	"2"
"20260408筹码理论在当今A股的应用"	"M0"	"只卖不买"	"3"
"20260408筹码理论在当今A股的应用"	"M0"	"容错"	"7"
"20260408筹码理论在当今A股的应用"	"M0"	"池子"	"2"
"20260408筹码理论在当今A股的应用"	"M0"	"空仓"	"3"
"20260408筹码理论在当今A股的应用"	"M0"	"休息"	"1"
"20260408筹码理论在当今A股的应用"	"M1"	"(?<!S)B1(?![0-9])"	"3"
"20260408筹码理论在当今A股的应用"	"M1"	"(?<!S)B2(?![0-9])"	"2"
"20260408筹码理论在当今A股的应用"	"M1"	"B一"	"11"
"20260408筹码理论在当今A股的应用"	"M1"	"B二"	"1"
"20260408筹码理论在当今A股的应用"	"M1"	"买点"	"4"
"20260408筹码理论在当今A股的应用"	"M1"	"上车"	"1"
"20260408筹码理论在当今A股的应用"	"M2"	"止损"	"46"
"20260408筹码理论在当今A股的应用"	"M2"	"放飞"	"5"
"20260408筹码理论在当今A股的应用"	"M2"	"止盈"	"2"
"20260408筹码理论在当今A股的应用"	"M2"	"前低"	"1"
"20260408筹码理论在当今A股的应用"	"M2"	"减仓"	"4"
"20260408筹码理论在当今A股的应用"	"M3"	"(?<![A-Za-z])S1(?![0-9])"	"4"
"20260408筹码理论在当今A股的应用"	"M3"	"S一"	"10"
"20260408筹码理论在当今A股的应用"	"M3"	"阶梯量"	"3"
"20260408筹码理论在当今A股的应用"	"M3"	"破白线"	"3"
"20260408筹码理论在当今A股的应用"	"M3"	"白线"	"4"
"20260408筹码理论在当今A股的应用"	"M3"	"黄线"	"8"
"20260408筹码理论在当今A股的应用"	"M3"	"击穿对手盘"	"2"
"20260408筹码理论在当今A股的应用"	"M3"	"出货"	"93"
"20260408筹码理论在当今A股的应用"	"M3"	"逃顶"	"1"
"20260408筹码理论在当今A股的应用"	"M4"	"筹码"	"359"
"20260408筹码理论在当今A股的应用"	"M4"	"N型"	"2"
"20260408筹码理论在当今A股的应用"	"M5"	"动态仓"	"4"
"20260408筹码理论在当今A股的应用"	"M5"	"底仓"	"26"
"20260408筹码理论在当今A股的应用"	"M5"	"肌肉记忆"	"1"
"20260408筹码理论在当今A股的应用"	"M5"	"纪律"	"9"
"20260408筹码理论在当今A股的应用"	"M6"	"心态"	"12"
"20260408筹码理论在当今A股的应用"	"M6"	"情绪"	"8"
"20260408筹码理论在当今A股的应用"	"M6"	"散户"	"29"
"20260408筹码理论在当今A股的应用"	"M6"	"思维"	"1"
"20260408筹码理论在当今A股的应用"	"M6"	"恐惧"	"2"
"20260408筹码理论在当今A股的应用"	"M6"	"耐心"	"6"
"20260408筹码理论在当今A股的应用"	"M7"	"产业"	"1"
"20260408筹码理论在当今A股的应用"	"M7"	"政策"	"7"
"20260408筹码理论在当今A股的应用"	"M7"	"消费"	"4"
"20260408筹码理论在当今A股的应用"	"M7"	"新能源"	"3"
"20260408筹码理论在当今A股的应用"	"M7"	"券商"	"7"
"20260408筹码理论在当今A股的应用"	"M8"	"复盘"	"3"
"20260408筹码理论在当今A股的应用"	"M8"	"作业"	"1"
"20260408筹码理论在当今A股的应用"	"M8"	"补课"	"1"
"20260408筹码理论在当今A股的应用"	"M8"	"案例"	"42"
"20260408筹码理论在当今A股的应用"	"M9"	"闲聊"	"1"
"20260408筹码理论在当今A股的应用"	"M9"	"高尔夫"	"33"
"20260408筹码理论在当今A股的应用"	"M9"	"生活"	"3"
"20260408筹码理论在当今A股的应用"	"M9"	"足球"	"1"
"20260408筹码理论在当今A股的应用"	"M10"	"职业"	"9"
"20260408筹码理论在当今A股的应用"	"M10"	"生意"	"1"
"20260408筹码理论在当今A股的应用"	"M10"	"领导"	"2"
"20260408筹码理论在当今A股的应用"	"M10"	"管理"	"4"
"20260408筹码理论在当今A股的应用"	"M10"	"决策"	"2"
"20260412下阶段主线与支线"	"M0"	"活跃市值"	"28"
"20260412下阶段主线与支线"	"M0"	"多头区间"	"9"
"20260412下阶段主线与支线"	"M0"	"空头区间"	"11"
"20260412下阶段主线与支线"	"M0"	"只卖不买"	"4"
"20260412下阶段主线与支线"	"M0"	"择时"	"5"
"20260412下阶段主线与支线"	"M0"	"容错"	"2"
"20260412下阶段主线与支线"	"M0"	"主线"	"23"
"20260412下阶段主线与支线"	"M0"	"支线"	"12"
"20260412下阶段主线与支线"	"M0"	"备胎"	"1"
"20260412下阶段主线与支线"	"M0"	"答应"	"6"
"20260412下阶段主线与支线"	"M1"	"(?<!S)B1(?![0-9])"	"1"
"20260412下阶段主线与支线"	"M1"	"B一"	"24"
"20260412下阶段主线与支线"	"M1"	"B二"	"5"
"20260412下阶段主线与支线"	"M1"	"B三"	"2"
"20260412下阶段主线与支线"	"M1"	"砖形图"	"4"
"20260412下阶段主线与支线"	"M1"	"专精图"	"26"
"20260412下阶段主线与支线"	"M1"	"买点"	"9"
"20260412下阶段主线与支线"	"M2"	"止损"	"12"
"20260412下阶段主线与支线"	"M2"	"没涨"	"1"
"20260412下阶段主线与支线"	"M2"	"止盈"	"1"
"20260412下阶段主线与支线"	"M2"	"破平台"	"3"
"20260412下阶段主线与支线"	"M2"	"前低"	"1"
"20260412下阶段主线与支线"	"M2"	"减仓"	"2"
"20260412下阶段主线与支线"	"M2"	"大阳线"	"3"
"20260412下阶段主线与支线"	"M3"	"(?<![A-Za-z])S1(?![0-9])"	"2"
"20260412下阶段主线与支线"	"M3"	"S一"	"29"
"20260412下阶段主线与支线"	"M3"	"阶梯量"	"6"
"20260412下阶段主线与支线"	"M3"	"破白线"	"1"
"20260412下阶段主线与支线"	"M3"	"白线"	"6"
"20260412下阶段主线与支线"	"M3"	"黄线"	"26"
"20260412下阶段主线与支线"	"M3"	"击穿对手盘"	"2"
"20260412下阶段主线与支线"	"M3"	"忍一根"	"2"
"20260412下阶段主线与支线"	"M3"	"出货"	"97"
"20260412下阶段主线与支线"	"M4"	"异动"	"10"
"20260412下阶段主线与支线"	"M4"	"筹码"	"143"
"20260412下阶段主线与支线"	"M4"	"ABC"	"1"
"20260412下阶段主线与支线"	"M4"	"对称"	"1"
"20260412下阶段主线与支线"	"M4"	"四块砖"	"1"
"20260412下阶段主线与支线"	"M5"	"底仓"	"8"
"20260412下阶段主线与支线"	"M5"	"知行合一"	"3"
"20260412下阶段主线与支线"	"M5"	"纪律"	"11"
"20260412下阶段主线与支线"	"M6"	"心态"	"6"
"20260412下阶段主线与支线"	"M6"	"情绪"	"4"
"20260412下阶段主线与支线"	"M6"	"人性"	"1"
"20260412下阶段主线与支线"	"M6"	"散户"	"15"
"20260412下阶段主线与支线"	"M6"	"思维"	"6"
"20260412下阶段主线与支线"	"M7"	"创新药"	"15"
"20260412下阶段主线与支线"	"M7"	"芯片"	"11"
"20260412下阶段主线与支线"	"M7"	"AIDC"	"9"
"20260412下阶段主线与支线"	"M7"	"算力"	"13"
"20260412下阶段主线与支线"	"M7"	"新能源"	"10"
"20260412下阶段主线与支线"	"M7"	"有色"	"8"
"20260412下阶段主线与支线"	"M7"	"券商"	"27"
"20260412下阶段主线与支线"	"M7"	"医药"	"5"
"20260412下阶段主线与支线"	"M8"	"复盘"	"1"
"20260412下阶段主线与支线"	"M8"	"作业"	"1"
"20260412下阶段主线与支线"	"M8"	"案例"	"36"
"20260412下阶段主线与支线"	"M9"	"闲聊"	"3"
"20260412下阶段主线与支线"	"M9"	"足球"	"8"
"20260412下阶段主线与支线"	"M10"	"人生"	"1"
"20260412下阶段主线与支线"	"M10"	"商业"	"1"
"20260412下阶段主线与支线"	"M10"	"领导"	"1"
"20260412下阶段主线与支线"	"M10"	"管理"	"3"
"20260412下阶段主线与支线"	"M10"	"决策"	"1"
"20260415知行交易模块总结"	"M0"	"活跃市值"	"23"
"20260415知行交易模块总结"	"M0"	"多头区间"	"14"
"20260415知行交易模块总结"	"M0"	"空头区间"	"20"
"20260415知行交易模块总结"	"M0"	"只卖不买"	"3"
"20260415知行交易模块总结"	"M0"	"择时"	"18"
"20260415知行交易模块总结"	"M0"	"容错"	"4"
"20260415知行交易模块总结"	"M0"	"池子"	"11"
"20260415知行交易模块总结"	"M0"	"主线"	"20"
"20260415知行交易模块总结"	"M0"	"支线"	"12"
"20260415知行交易模块总结"	"M0"	"备胎"	"6"
"20260415知行交易模块总结"	"M0"	"答应"	"7"
"20260415知行交易模块总结"	"M0"	"卡两截"	"2"
"20260415知行交易模块总结"	"M0"	"休息"	"9"
"20260415知行交易模块总结"	"M1"	"(?<!S)B1(?![0-9])"	"30"
"20260415知行交易模块总结"	"M1"	"(?<!S)B2(?![0-9])"	"16"
"20260415知行交易模块总结"	"M1"	"(?<!S)B3(?![0-9])"	"21"
"20260415知行交易模块总结"	"M1"	"B一"	"24"
"20260415知行交易模块总结"	"M1"	"B二"	"5"
"20260415知行交易模块总结"	"M1"	"B三"	"2"
"20260415知行交易模块总结"	"M1"	"单针下三十"	"11"
"20260415知行交易模块总结"	"M1"	"单针下二十"	"2"
"20260415知行交易模块总结"	"M1"	"砖形图"	"18"
"20260415知行交易模块总结"	"M1"	"砖型图"	"1"
"20260415知行交易模块总结"	"M1"	"专精图"	"16"
"20260415知行交易模块总结"	"M1"	"SB1"	"4"
"20260415知行交易模块总结"	"M1"	"长安战法"	"3"
"20260415知行交易模块总结"	"M1"	"长安图"	"1"
"20260415知行交易模块总结"	"M1"	"第三定式"	"2"
"20260415知行交易模块总结"	"M1"	"买点"	"24"
"20260415知行交易模块总结"	"M1"	"上车"	"3"
"20260415知行交易模块总结"	"M2"	"止损"	"31"
"20260415知行交易模块总结"	"M2"	"放飞"	"35"
"20260415知行交易模块总结"	"M2"	"没涨"	"12"
"20260415知行交易模块总结"	"M2"	"赢转亏"	"9"
"20260415知行交易模块总结"	"M2"	"盈转亏"	"1"
"20260415知行交易模块总结"	"M2"	"止盈"	"6"
"20260415知行交易模块总结"	"M2"	"破平台"	"3"
"20260415知行交易模块总结"	"M2"	"前低"	"1"
"20260415知行交易模块总结"	"M2"	"中长阳"	"6"
"20260415知行交易模块总结"	"M2"	"减仓"	"3"
"20260415知行交易模块总结"	"M2"	"中阳线"	"4"
"20260415知行交易模块总结"	"M2"	"大阳线"	"2"
"20260415知行交易模块总结"	"M3"	"(?<![A-Za-z])S1(?![0-9])"	"12"
"20260415知行交易模块总结"	"M3"	"S一"	"20"
"20260415知行交易模块总结"	"M3"	"滴滴"	"9"
"20260415知行交易模块总结"	"M3"	"阶梯量"	"17"
"20260415知行交易模块总结"	"M3"	"破白线"	"17"
"20260415知行交易模块总结"	"M3"	"白线"	"59"
"20260415知行交易模块总结"	"M3"	"黄线"	"61"
"20260415知行交易模块总结"	"M3"	"击穿对手盘"	"8"
"20260415知行交易模块总结"	"M3"	"忍一根"	"5"
"20260415知行交易模块总结"	"M3"	"死叉"	"9"
"20260415知行交易模块总结"	"M3"	"假零"	"2"
"20260415知行交易模块总结"	"M3"	"贾玲"	"7"
"20260415知行交易模块总结"	"M3"	"出货"	"29"
"20260415知行交易模块总结"	"M3"	"牵牛绳"	"7"
"20260415知行交易模块总结"	"M3"	"五种出货"	"3"
"20260415知行交易模块总结"	"M4"	"关键K"	"5"
"20260415知行交易模块总结"	"M4"	"暴力K"	"9"
"20260415知行交易模块总结"	"M4"	"倍量柱"	"6"
"20260415知行交易模块总结"	"M4"	"异动"	"4"
"20260415知行交易模块总结"	"M4"	"四分之一量线"	"3"
"20260415知行交易模块总结"	"M4"	"筹码"	"13"
"20260415知行交易模块总结"	"M4"	"ABC"	"8"
"20260415知行交易模块总结"	"M4"	"N型"	"5"
"20260415知行交易模块总结"	"M4"	"对称"	"5"
"20260415知行交易模块总结"	"M4"	"建仓波"	"4"
"20260415知行交易模块总结"	"M4"	"拉升波"	"4"
"20260415知行交易模块总结"	"M4"	"冲刺波"	"6"
"20260415知行交易模块总结"	"M4"	"四块砖"	"13"
"20260415知行交易模块总结"	"M4"	"四块绿砖"	"4"
"20260415知行交易模块总结"	"M4"	"填坑"	"3"
"20260415知行交易模块总结"	"M4"	"出坑"	"3"
"20260415知行交易模块总结"	"M4"	"圆弧底"	"1"
"20260415知行交易模块总结"	"M4"	"大风车"	"1"
"20260415知行交易模块总结"	"M5"	"框架"	"37"
"20260415知行交易模块总结"	"M5"	"模块化"	"7"
"20260415知行交易模块总结"	"M5"	"简单化"	"3"
"20260415知行交易模块总结"	"M5"	"一把一结"	"2"
"20260415知行交易模块总结"	"M5"	"动态仓"	"5"
"20260415知行交易模块总结"	"M5"	"底仓"	"3"
"20260415知行交易模块总结"	"M5"	"二元对立"	"3"
"20260415知行交易模块总结"	"M5"	"混沌"	"2"
"20260415知行交易模块总结"	"M5"	"交作业"	"3"
"20260415知行交易模块总结"	"M5"	"肌肉记忆"	"2"
"20260415知行交易模块总结"	"M5"	"纪律"	"15"
"20260415知行交易模块总结"	"M6"	"心态"	"7"
"20260415知行交易模块总结"	"M6"	"情绪"	"10"
"20260415知行交易模块总结"	"M6"	"人性"	"4"
"20260415知行交易模块总结"	"M6"	"散户"	"14"
"20260415知行交易模块总结"	"M6"	"思维"	"4"
"20260415知行交易模块总结"	"M6"	"恐惧"	"1"
"20260415知行交易模块总结"	"M6"	"贪婪"	"1"
"20260415知行交易模块总结"	"M6"	"承受力"	"2"
"20260415知行交易模块总结"	"M7"	"产业"	"1"
"20260415知行交易模块总结"	"M7"	"宏观"	"4"
"20260415知行交易模块总结"	"M7"	"政策"	"4"
"20260415知行交易模块总结"	"M7"	"创新药"	"14"
"20260415知行交易模块总结"	"M7"	"消费"	"3"
"20260415知行交易模块总结"	"M7"	"芯片"	"5"
"20260415知行交易模块总结"	"M7"	"AIDC"	"3"
"20260415知行交易模块总结"	"M7"	"算力"	"3"
"20260415知行交易模块总结"	"M7"	"新能源"	"3"
"20260415知行交易模块总结"	"M7"	"有色"	"1"
"20260415知行交易模块总结"	"M7"	"券商"	"5"
"20260415知行交易模块总结"	"M7"	"医药"	"2"
"20260415知行交易模块总结"	"M7"	"PPI"	"11"
"20260415知行交易模块总结"	"M8"	"复盘"	"2"
"20260415知行交易模块总结"	"M8"	"作业"	"5"
"20260415知行交易模块总结"	"M8"	"补课"	"1"
"20260415知行交易模块总结"	"M8"	"案例"	"9"
"20260415知行交易模块总结"	"M9"	"闲聊"	"2"
"20260415知行交易模块总结"	"M9"	"高尔夫"	"13"
"20260415知行交易模块总结"	"M9"	"生活"	"3"
"20260415知行交易模块总结"	"M9"	"足球"	"7"
"20260415知行交易模块总结"	"M10"	"职业"	"3"
"20260415知行交易模块总结"	"M10"	"职场"	"1"
"20260415知行交易模块总结"	"M10"	"领导"	"1"
"20260415知行交易模块总结"	"M10"	"管理"	"7"
"20260415知行交易模块总结"	"M10"	"决策"	"7"
"20260419如何从产业视角看投资"	"M0"	"活跃市值"	"3"
"20260419如何从产业视角看投资"	"M0"	"多头区间"	"1"
"20260419如何从产业视角看投资"	"M0"	"空头区间"	"1"
"20260419如何从产业视角看投资"	"M0"	"只卖不买"	"1"
"20260419如何从产业视角看投资"	"M0"	"主线"	"2"
"20260419如何从产业视角看投资"	"M1"	"B一"	"10"
"20260419如何从产业视角看投资"	"M1"	"B二"	"1"
"20260419如何从产业视角看投资"	"M1"	"专精图"	"7"
"20260419如何从产业视角看投资"	"M1"	"买点"	"3"
"20260419如何从产业视角看投资"	"M2"	"止损"	"12"
"20260419如何从产业视角看投资"	"M2"	"放飞"	"3"
"20260419如何从产业视角看投资"	"M2"	"没涨"	"2"
"20260419如何从产业视角看投资"	"M2"	"盈转亏"	"2"
"20260419如何从产业视角看投资"	"M2"	"止盈"	"1"
"20260419如何从产业视角看投资"	"M2"	"减仓"	"6"
"20260419如何从产业视角看投资"	"M2"	"大阳线"	"1"
"20260419如何从产业视角看投资"	"M3"	"白线"	"4"
"20260419如何从产业视角看投资"	"M3"	"黄线"	"7"
"20260419如何从产业视角看投资"	"M3"	"击穿对手盘"	"5"
"20260419如何从产业视角看投资"	"M3"	"贾玲"	"1"
"20260419如何从产业视角看投资"	"M3"	"出货"	"13"
"20260419如何从产业视角看投资"	"M4"	"筹码"	"54"
"20260419如何从产业视角看投资"	"M4"	"N型"	"1"
"20260419如何从产业视角看投资"	"M5"	"框架"	"9"
"20260419如何从产业视角看投资"	"M5"	"纪律"	"8"
"20260419如何从产业视角看投资"	"M6"	"心态"	"17"
"20260419如何从产业视角看投资"	"M6"	"情绪"	"8"
"20260419如何从产业视角看投资"	"M6"	"人性"	"4"
"20260419如何从产业视角看投资"	"M6"	"散户"	"18"
"20260419如何从产业视角看投资"	"M6"	"思维"	"10"
"20260419如何从产业视角看投资"	"M6"	"恐惧"	"1"
"20260419如何从产业视角看投资"	"M6"	"贪婪"	"1"
"20260419如何从产业视角看投资"	"M7"	"产业"	"22"
"20260419如何从产业视角看投资"	"M7"	"宏观"	"2"
"20260419如何从产业视角看投资"	"M7"	"政策"	"3"
"20260419如何从产业视角看投资"	"M7"	"消费"	"2"
"20260419如何从产业视角看投资"	"M7"	"券商"	"4"
"20260419如何从产业视角看投资"	"M8"	"考试"	"1"
"20260419如何从产业视角看投资"	"M8"	"复盘"	"5"
"20260419如何从产业视角看投资"	"M8"	"案例"	"22"
"20260419如何从产业视角看投资"	"M9"	"闲聊"	"1"
"20260419如何从产业视角看投资"	"M9"	"聊天"	"1"
"20260419如何从产业视角看投资"	"M9"	"高尔夫"	"2"
"20260419如何从产业视角看投资"	"M9"	"生活"	"1"
"20260419如何从产业视角看投资"	"M10"	"商业"	"2"
"20260419如何从产业视角看投资"	"M10"	"生意"	"4"
"20260419如何从产业视角看投资"	"M10"	"管理"	"2"
"20260419如何从产业视角看投资"	"M10"	"决策"	"4"
"20260422MACD"	"M0"	"活跃市值"	"25"
"20260422MACD"	"M0"	"多头区间"	"38"
"20260422MACD"	"M0"	"空头区间"	"30"
"20260422MACD"	"M0"	"只卖不买"	"1"
"20260422MACD"	"M0"	"容错"	"1"
"20260422MACD"	"M0"	"池子"	"1"
"20260422MACD"	"M0"	"主线"	"10"
"20260422MACD"	"M0"	"支线"	"7"
"20260422MACD"	"M1"	"(?<!S)B1(?![0-9])"	"21"
"20260422MACD"	"M1"	"(?<!S)B2(?![0-9])"	"7"
"20260422MACD"	"M1"	"B一"	"49"
"20260422MACD"	"M1"	"B二"	"7"
"20260422MACD"	"M1"	"B三"	"1"
"20260422MACD"	"M1"	"单针下三十"	"2"
"20260422MACD"	"M1"	"单针下二十"	"1"
"20260422MACD"	"M1"	"砖形图"	"4"
"20260422MACD"	"M1"	"专精图"	"23"
"20260422MACD"	"M1"	"买点"	"15"
"20260422MACD"	"M1"	"上车"	"4"
"20260422MACD"	"M2"	"止损"	"38"
"20260422MACD"	"M2"	"放飞"	"11"
"20260422MACD"	"M2"	"赢转亏"	"6"
"20260422MACD"	"M2"	"盈转亏"	"2"
"20260422MACD"	"M2"	"止盈"	"2"
"20260422MACD"	"M2"	"前低"	"2"
"20260422MACD"	"M2"	"减仓"	"7"
"20260422MACD"	"M2"	"大阳线"	"5"
"20260422MACD"	"M3"	"(?<![A-Za-z])S1(?![0-9])"	"4"
"20260422MACD"	"M3"	"S一"	"25"
"20260422MACD"	"M3"	"阶梯量"	"13"
"20260422MACD"	"M3"	"破白线"	"5"
"20260422MACD"	"M3"	"白线"	"115"
"20260422MACD"	"M3"	"黄线"	"57"
"20260422MACD"	"M3"	"击穿对手盘"	"4"
"20260422MACD"	"M3"	"忍一根"	"3"
"20260422MACD"	"M3"	"死叉"	"47"
"20260422MACD"	"M3"	"出货"	"17"
"20260422MACD"	"M3"	"逃顶"	"1"
"20260422MACD"	"M3"	"牵牛绳"	"1"
"20260422MACD"	"M4"	"倍量柱"	"2"
"20260422MACD"	"M4"	"筹码"	"29"
"20260422MACD"	"M4"	"N型"	"3"
"20260422MACD"	"M4"	"对称"	"2"
"20260422MACD"	"M4"	"建仓波"	"12"
"20260422MACD"	"M4"	"拉升波"	"4"
"20260422MACD"	"M4"	"四块砖"	"1"
"20260422MACD"	"M4"	"四块绿砖"	"1"
"20260422MACD"	"M5"	"框架"	"7"
"20260422MACD"	"M5"	"底仓"	"2"
"20260422MACD"	"M5"	"交作业"	"1"
"20260422MACD"	"M5"	"肌肉记忆"	"2"
"20260422MACD"	"M5"	"纪律"	"13"
"20260422MACD"	"M6"	"心态"	"7"
"20260422MACD"	"M6"	"情绪"	"1"
"20260422MACD"	"M6"	"散户"	"12"
"20260422MACD"	"M6"	"思维"	"2"
"20260422MACD"	"M6"	"耐心"	"5"
"20260422MACD"	"M7"	"产业"	"1"
"20260422MACD"	"M7"	"宏观"	"1"
"20260422MACD"	"M7"	"政策"	"1"
"20260422MACD"	"M7"	"消费"	"1"
"20260422MACD"	"M7"	"AIDC"	"4"
"20260422MACD"	"M7"	"新能源"	"1"
"20260422MACD"	"M7"	"券商"	"3"
"20260422MACD"	"M8"	"复盘"	"3"
"20260422MACD"	"M8"	"作业"	"3"
"20260422MACD"	"M8"	"案例"	"36"
"20260422MACD"	"M10"	"人生"	"5"
"20260422MACD"	"M10"	"管理"	"2"
"20260422MACD"	"M10"	"决策"	"5"
"20260426从产业资本看投资"	"M0"	"活跃市值"	"5"
"20260426从产业资本看投资"	"M0"	"多头区间"	"2"
"20260426从产业资本看投资"	"M0"	"择时"	"4"
"20260426从产业资本看投资"	"M0"	"主线"	"3"
"20260426从产业资本看投资"	"M0"	"支线"	"2"
"20260426从产业资本看投资"	"M0"	"答应"	"1"
"20260426从产业资本看投资"	"M0"	"空仓"	"2"
"20260426从产业资本看投资"	"M1"	"B一"	"27"
"20260426从产业资本看投资"	"M1"	"B二"	"7"
"20260426从产业资本看投资"	"M1"	"B三"	"7"
"20260426从产业资本看投资"	"M1"	"单针下三十"	"3"
"20260426从产业资本看投资"	"M1"	"单针下二十"	"7"
"20260426从产业资本看投资"	"M1"	"专精图"	"9"
"20260426从产业资本看投资"	"M1"	"上车"	"2"
"20260426从产业资本看投资"	"M2"	"止损"	"2"
"20260426从产业资本看投资"	"M3"	"S一"	"1"
"20260426从产业资本看投资"	"M3"	"滴滴"	"4"
"20260426从产业资本看投资"	"M3"	"出货"	"2"
"20260426从产业资本看投资"	"M3"	"逃顶"	"2"
"20260426从产业资本看投资"	"M4"	"异动"	"2"
"20260426从产业资本看投资"	"M4"	"筹码"	"5"
"20260426从产业资本看投资"	"M4"	"四块砖"	"1"
"20260426从产业资本看投资"	"M5"	"框架"	"11"
"20260426从产业资本看投资"	"M5"	"模块化"	"1"
"20260426从产业资本看投资"	"M5"	"底仓"	"1"
"20260426从产业资本看投资"	"M6"	"心态"	"4"
"20260426从产业资本看投资"	"M6"	"情绪"	"1"
"20260426从产业资本看投资"	"M6"	"散户"	"33"
"20260426从产业资本看投资"	"M6"	"恐惧"	"2"
"20260426从产业资本看投资"	"M7"	"产业"	"1"
"20260426从产业资本看投资"	"M7"	"政策"	"6"
"20260426从产业资本看投资"	"M7"	"消费"	"2"
"20260426从产业资本看投资"	"M7"	"芯片"	"1"
"20260426从产业资本看投资"	"M7"	"新能源"	"2"
"20260426从产业资本看投资"	"M7"	"有色"	"3"
"20260426从产业资本看投资"	"M7"	"券商"	"28"
"20260426从产业资本看投资"	"M7"	"医药"	"2"
"20260426从产业资本看投资"	"M8"	"考试"	"1"
"20260426从产业资本看投资"	"M8"	"作业"	"4"
"20260426从产业资本看投资"	"M8"	"案例"	"1"
"20260426从产业资本看投资"	"M9"	"闲聊"	"6"
"20260426从产业资本看投资"	"M9"	"聊天"	"5"
"20260426从产业资本看投资"	"M9"	"高尔夫"	"1"
"20260426从产业资本看投资"	"M9"	"足球"	"4"
"20260426从产业资本看投资"	"M10"	"人生"	"1"
"20260426从产业资本看投资"	"M10"	"商业"	"3"
"20260426从产业资本看投资"	"M10"	"职场"	"2"
"20260426从产业资本看投资"	"M10"	"领导"	"2"
"20260426从产业资本看投资"	"M10"	"管理"	"1"
"20260426从产业资本看投资"	"M10"	"决策"	"1"
"20260429三种常用战法摸底考"	"M0"	"活跃市值"	"1"
"20260429三种常用战法摸底考"	"M0"	"多头区间"	"7"
"20260429三种常用战法摸底考"	"M0"	"空头区间"	"8"
"20260429三种常用战法摸底考"	"M0"	"择时"	"2"
"20260429三种常用战法摸底考"	"M0"	"容错"	"6"
"20260429三种常用战法摸底考"	"M0"	"主线"	"8"
"20260429三种常用战法摸底考"	"M0"	"支线"	"3"
"20260429三种常用战法摸底考"	"M0"	"空仓"	"3"
"20260429三种常用战法摸底考"	"M0"	"休息"	"1"
"20260429三种常用战法摸底考"	"M1"	"(?<!S)B1(?![0-9])"	"8"
"20260429三种常用战法摸底考"	"M1"	"(?<!S)B2(?![0-9])"	"1"
"20260429三种常用战法摸底考"	"M1"	"B一"	"62"
"20260429三种常用战法摸底考"	"M1"	"B二"	"13"
"20260429三种常用战法摸底考"	"M1"	"B三"	"6"
"20260429三种常用战法摸底考"	"M1"	"单针下三十"	"43"
"20260429三种常用战法摸底考"	"M1"	"单针下二十"	"6"
"20260429三种常用战法摸底考"	"M1"	"砖形图"	"11"
"20260429三种常用战法摸底考"	"M1"	"专精图"	"49"
"20260429三种常用战法摸底考"	"M1"	"长安图"	"3"
"20260429三种常用战法摸底考"	"M1"	"买点"	"14"
"20260429三种常用战法摸底考"	"M1"	"上车"	"12"
"20260429三种常用战法摸底考"	"M2"	"止损"	"19"
"20260429三种常用战法摸底考"	"M2"	"放飞"	"26"
"20260429三种常用战法摸底考"	"M2"	"没涨"	"1"
"20260429三种常用战法摸底考"	"M2"	"减仓"	"1"
"20260429三种常用战法摸底考"	"M2"	"中阳线"	"2"
"20260429三种常用战法摸底考"	"M2"	"大阳线"	"6"
"20260429三种常用战法摸底考"	"M3"	"(?<![A-Za-z])S1(?![0-9])"	"6"
"20260429三种常用战法摸底考"	"M3"	"S一"	"10"
"20260429三种常用战法摸底考"	"M3"	"阶梯量"	"9"
"20260429三种常用战法摸底考"	"M3"	"破白线"	"3"
"20260429三种常用战法摸底考"	"M3"	"白线"	"75"
"20260429三种常用战法摸底考"	"M3"	"黄线"	"12"
"20260429三种常用战法摸底考"	"M3"	"死叉"	"2"
"20260429三种常用战法摸底考"	"M3"	"出货"	"40"
"20260429三种常用战法摸底考"	"M3"	"牵牛绳"	"5"
"20260429三种常用战法摸底考"	"M4"	"倍量柱"	"9"
"20260429三种常用战法摸底考"	"M4"	"异动"	"8"
"20260429三种常用战法摸底考"	"M4"	"筹码"	"23"
"20260429三种常用战法摸底考"	"M4"	"ABC"	"3"
"20260429三种常用战法摸底考"	"M4"	"N型"	"4"
"20260429三种常用战法摸底考"	"M4"	"建仓波"	"4"
"20260429三种常用战法摸底考"	"M4"	"冲刺波"	"4"
"20260429三种常用战法摸底考"	"M4"	"四块砖"	"1"
"20260429三种常用战法摸底考"	"M4"	"圆弧底"	"1"
"20260429三种常用战法摸底考"	"M5"	"框架"	"13"
"20260429三种常用战法摸底考"	"M5"	"底仓"	"1"
"20260429三种常用战法摸底考"	"M5"	"知行合一"	"4"
"20260429三种常用战法摸底考"	"M5"	"交作业"	"1"
"20260429三种常用战法摸底考"	"M5"	"纪律"	"12"
"20260429三种常用战法摸底考"	"M6"	"心态"	"10"
"20260429三种常用战法摸底考"	"M6"	"情绪"	"5"
"20260429三种常用战法摸底考"	"M6"	"散户"	"7"
"20260429三种常用战法摸底考"	"M6"	"承受力"	"1"
"20260429三种常用战法摸底考"	"M7"	"宏观"	"1"
"20260429三种常用战法摸底考"	"M7"	"新能源"	"3"
"20260429三种常用战法摸底考"	"M8"	"考试"	"35"
"20260429三种常用战法摸底考"	"M8"	"复盘"	"1"
"20260429三种常用战法摸底考"	"M8"	"作业"	"5"
"20260429三种常用战法摸底考"	"M8"	"案例"	"27"
"20260429三种常用战法摸底考"	"M9"	"闲聊"	"7"
"20260429三种常用战法摸底考"	"M9"	"高尔夫"	"2"
"20260429三种常用战法摸底考"	"M9"	"生活"	"1"
"20260429三种常用战法摸底考"	"M9"	"足球"	"1"
"20260429三种常用战法摸底考"	"M10"	"人生"	"1"
"20260429三种常用战法摸底考"	"M10"	"职场"	"1"
"20260429三种常用战法摸底考"	"M10"	"领导"	"1"
"20260429三种常用战法摸底考"	"M10"	"管理"	"2"
"20260429三种常用战法摸底考"	"M10"	"决策"	"3"
